2026-02-08T09:05:28.775+01:00  INFO 3864 --- [restartedMain] com.example.livapp.JenkinsApplication    : Starting JenkinsApplication using Java 21.0.8 with PID 3864 (C:\Users\ESI\IdeaProjects\jenkins\target\classes started by ESI in C:\Users\ESI\IdeaProjects\jenkins)
2026-02-08T09:05:28.776+01:00  INFO 3864 --- [restartedMain] com.example.livapp.JenkinsApplication    : No active profile set, falling back to 1 default profile: "default"
2026-02-08T09:05:28.832+01:00  INFO 3864 --- [restartedMain] .e.DevToolsPropertyDefaultsPostProcessor : Devtools property defaults active! Set 'spring.devtools.add-properties' to 'false' to disable
2026-02-08T09:05:28.833+01:00  INFO 3864 --- [restartedMain] .e.DevToolsPropertyDefaultsPostProcessor : For additional web related logging consider setting the 'logging.level.web' property to 'DEBUG'
2026-02-08T09:05:29.668+01:00  INFO 3864 --- [restartedMain] .s.d.r.c.RepositoryConfigurationDelegate : Bootstrapping Spring Data JPA repositories in DEFAULT mode.
2026-02-08T09:05:29.772+01:00  INFO 3864 --- [restartedMain] .s.d.r.c.RepositoryConfigurationDelegate : Finished Spring Data repository scanning in 100 ms. Found 27 JPA repository interfaces.
2026-02-08T09:05:30.144+01:00  INFO 3864 --- [restartedMain] o.s.b.w.embedded.tomcat.TomcatWebServer  : Tomcat initialized with port(s): 8080 (http)
2026-02-08T09:05:30.149+01:00  INFO 3864 --- [restartedMain] o.apache.catalina.core.StandardService   : Starting service [Tomcat]
2026-02-08T09:05:30.149+01:00  INFO 3864 --- [restartedMain] o.apache.catalina.core.StandardEngine    : Starting Servlet engine: [Apache Tomcat/10.1.1]
2026-02-08T09:05:30.182+01:00  INFO 3864 --- [restartedMain] o.a.c.c.C.[Tomcat].[localhost].[/]       : Initializing Spring embedded WebApplicationContext
2026-02-08T09:05:30.182+01:00  INFO 3864 --- [restartedMain] w.s.c.ServletWebServerApplicationContext : Root WebApplicationContext: initialization completed in 1348 ms
2026-02-08T09:05:30.260+01:00  INFO 3864 --- [restartedMain] com.zaxxer.hikari.HikariDataSource       : HikariPool-1 - Starting...
2026-02-08T09:05:31.355+01:00 ERROR 3864 --- [restartedMain] com.zaxxer.hikari.pool.HikariPool        : HikariPool-1 - Exception during pool initialization.

com.mysql.cj.jdbc.exceptions.CommunicationsException: Communications link failure

The last packet sent successfully to the server was 0 milliseconds ago. The driver has not received any packets from the server.
	at com.mysql.cj.jdbc.exceptions.SQLError.createCommunicationsException(SQLError.java:174) ~[mysql-connector-j-8.0.31.jar:8.0.31]
	at com.mysql.cj.jdbc.exceptions.SQLExceptionsMapping.translateException(SQLExceptionsMapping.java:64) ~[mysql-connector-j-8.0.31.jar:8.0.31]
	at com.mysql.cj.jdbc.ConnectionImpl.createNewIO(ConnectionImpl.java:828) ~[mysql-connector-j-8.0.31.jar:8.0.31]
	at com.mysql.cj.jdbc.ConnectionImpl.<init>(ConnectionImpl.java:448) ~[mysql-connector-j-8.0.31.jar:8.0.31]
	at com.mysql.cj.jdbc.ConnectionImpl.getInstance(ConnectionImpl.java:241) ~[mysql-connector-j-8.0.31.jar:8.0.31]
	at com.mysql.cj.jdbc.NonRegisteringDriver.connect(NonRegisteringDriver.java:198) ~[mysql-connector-j-8.0.31.jar:8.0.31]
	at com.zaxxer.hikari.util.DriverDataSource.getConnection(DriverDataSource.java:138) ~[HikariCP-5.0.1.jar:na]
	at com.zaxxer.hikari.pool.PoolBase.newConnection(PoolBase.java:359) ~[HikariCP-5.0.1.jar:na]
	at com.zaxxer.hikari.pool.PoolBase.newPoolEntry(PoolBase.java:201) ~[HikariCP-5.0.1.jar:na]
	at com.zaxxer.hikari.pool.HikariPool.createPoolEntry(HikariPool.java:470) ~[HikariCP-5.0.1.jar:na]
	at com.zaxxer.hikari.pool.HikariPool.checkFailFast(HikariPool.java:561) ~[HikariCP-5.0.1.jar:na]
	at com.zaxxer.hikari.pool.HikariPool.<init>(HikariPool.java:100) ~[HikariCP-5.0.1.jar:na]
	at com.zaxxer.hikari.HikariDataSource.getConnection(HikariDataSource.java:112) ~[HikariCP-5.0.1.jar:na]
	at org.springframework.boot.autoconfigure.h2.H2ConsoleAutoConfiguration.getConnectionUrl(H2ConsoleAutoConfiguration.java:94) ~[spring-boot-autoconfigure-3.0.0.jar:3.0.0]
	at java.base/java.util.stream.ReferencePipeline$3$1.accept(ReferencePipeline.java:197) ~[na:na]
	at java.base/java.util.ArrayList.forEach(ArrayList.java:1596) ~[na:na]
	at java.base/java.util.stream.SortedOps$RefSortingSink.end(SortedOps.java:395) ~[na:na]
	at java.base/java.util.stream.Sink$ChainedReference.end(Sink.java:261) ~[na:na]
	at java.base/java.util.stream.Sink$ChainedReference.end(Sink.java:261) ~[na:na]
	at java.base/java.util.stream.AbstractPipeline.copyInto(AbstractPipeline.java:510) ~[na:na]
	at java.base/java.util.stream.AbstractPipeline.wrapAndCopyInto(AbstractPipeline.java:499) ~[na:na]
	at java.base/java.util.stream.AbstractPipeline.evaluate(AbstractPipeline.java:575) ~[na:na]
	at java.base/java.util.stream.AbstractPipeline.evaluateToArrayNode(AbstractPipeline.java:260) ~[na:na]
	at java.base/java.util.stream.ReferencePipeline.toArray(ReferencePipeline.java:616) ~[na:na]
	at java.base/java.util.stream.ReferencePipeline.toArray(ReferencePipeline.java:622) ~[na:na]
	at java.base/java.util.stream.ReferencePipeline.toList(ReferencePipeline.java:627) ~[na:na]
	at org.springframework.boot.autoconfigure.h2.H2ConsoleAutoConfiguration.logDataSources(H2ConsoleAutoConfiguration.java:86) ~[spring-boot-autoconfigure-3.0.0.jar:3.0.0]
	at org.springframework.boot.autoconfigure.h2.H2ConsoleAutoConfiguration.lambda$h2Console$0(H2ConsoleAutoConfiguration.java:69) ~[spring-boot-autoconfigure-3.0.0.jar:3.0.0]
	at org.springframework.boot.autoconfigure.h2.H2ConsoleAutoConfiguration.withThreadContextClassLoader(H2ConsoleAutoConfiguration.java:78) ~[spring-boot-autoconfigure-3.0.0.jar:3.0.0]
	at org.springframework.boot.autoconfigure.h2.H2ConsoleAutoConfiguration.h2Console(H2ConsoleAutoConfiguration.java:69) ~[spring-boot-autoconfigure-3.0.0.jar:3.0.0]
	at java.base/jdk.internal.reflect.DirectMethodHandleAccessor.invoke(DirectMethodHandleAccessor.java:103) ~[na:na]
	at java.base/java.lang.reflect.Method.invoke(Method.java:580) ~[na:na]
	at org.springframework.beans.factory.support.SimpleInstantiationStrategy.instantiate(SimpleInstantiationStrategy.java:139) ~[spring-beans-6.0.2.jar:6.0.2]
	at org.springframework.beans.factory.support.ConstructorResolver.instantiate(ConstructorResolver.java:648) ~[spring-beans-6.0.2.jar:6.0.2]
	at org.springframework.beans.factory.support.ConstructorResolver.instantiateUsingFactoryMethod(ConstructorResolver.java:640) ~[spring-beans-6.0.2.jar:6.0.2]
	at org.springframework.beans.factory.support.AbstractAutowireCapableBeanFactory.instantiateUsingFactoryMethod(AbstractAutowireCapableBeanFactory.java:1324) ~[spring-beans-6.0.2.jar:6.0.2]
	at org.springframework.beans.factory.support.AbstractAutowireCapableBeanFactory.createBeanInstance(AbstractAutowireCapableBeanFactory.java:1161) ~[spring-beans-6.0.2.jar:6.0.2]
	at org.springframework.beans.factory.support.AbstractAutowireCapableBeanFactory.doCreateBean(AbstractAutowireCapableBeanFactory.java:561) ~[spring-beans-6.0.2.jar:6.0.2]
	at org.springframework.beans.factory.support.AbstractAutowireCapableBeanFactory.createBean(AbstractAutowireCapableBeanFactory.java:521) ~[spring-beans-6.0.2.jar:6.0.2]
	at org.springframework.beans.factory.support.AbstractBeanFactory.lambda$doGetBean$0(AbstractBeanFactory.java:326) ~[spring-beans-6.0.2.jar:6.0.2]
	at org.springframework.beans.factory.support.DefaultSingletonBeanRegistry.getSingleton(DefaultSingletonBeanRegistry.java:234) ~[spring-beans-6.0.2.jar:6.0.2]
	at org.springframework.beans.factory.support.AbstractBeanFactory.doGetBean(AbstractBeanFactory.java:324) ~[spring-beans-6.0.2.jar:6.0.2]
	at org.springframework.beans.factory.support.AbstractBeanFactory.getBean(AbstractBeanFactory.java:205) ~[spring-beans-6.0.2.jar:6.0.2]
	at org.springframework.boot.web.servlet.ServletContextInitializerBeans.getOrderedBeansOfType(ServletContextInitializerBeans.java:208) ~[spring-boot-3.0.0.jar:3.0.0]
	at org.springframework.boot.web.servlet.ServletContextInitializerBeans.getOrderedBeansOfType(ServletContextInitializerBeans.java:199) ~[spring-boot-3.0.0.jar:3.0.0]
	at org.springframework.boot.web.servlet.ServletContextInitializerBeans.addServletContextInitializerBeans(ServletContextInitializerBeans.java:94) ~[spring-boot-3.0.0.jar:3.0.0]
	at org.springframework.boot.web.servlet.ServletContextInitializerBeans.<init>(ServletContextInitializerBeans.java:85) ~[spring-boot-3.0.0.jar:3.0.0]
	at org.springframework.boot.web.servlet.context.ServletWebServerApplicationContext.getServletContextInitializerBeans(ServletWebServerApplicationContext.java:261) ~[spring-boot-3.0.0.jar:3.0.0]
	at org.springframework.boot.web.servlet.context.ServletWebServerApplicationContext.selfInitialize(ServletWebServerApplicationContext.java:235) ~[spring-boot-3.0.0.jar:3.0.0]
	at org.springframework.boot.web.embedded.tomcat.TomcatStarter.onStartup(TomcatStarter.java:52) ~[spring-boot-3.0.0.jar:3.0.0]
	at org.apache.catalina.core.StandardContext.startInternal(StandardContext.java:5153) ~[tomcat-embed-core-10.1.1.jar:10.1.1]
	at org.apache.catalina.util.LifecycleBase.start(LifecycleBase.java:183) ~[tomcat-embed-core-10.1.1.jar:10.1.1]
	at org.apache.catalina.core.ContainerBase$StartChild.call(ContainerBase.java:1396) ~[tomcat-embed-core-10.1.1.jar:10.1.1]
	at org.apache.catalina.core.ContainerBase$StartChild.call(ContainerBase.java:1386) ~[tomcat-embed-core-10.1.1.jar:10.1.1]
	at java.base/java.util.concurrent.FutureTask.run(FutureTask.java:317) ~[na:na]
	at org.apache.tomcat.util.threads.InlineExecutorService.execute(InlineExecutorService.java:75) ~[tomcat-embed-core-10.1.1.jar:10.1.1]
	at java.base/java.util.concurrent.AbstractExecutorService.submit(AbstractExecutorService.java:145) ~[na:na]
	at org.apache.catalina.core.ContainerBase.startInternal(ContainerBase.java:919) ~[tomcat-embed-core-10.1.1.jar:10.1.1]
	at org.apache.catalina.core.StandardHost.startInternal(StandardHost.java:886) ~[tomcat-embed-core-10.1.1.jar:10.1.1]
	at org.apache.catalina.util.LifecycleBase.start(LifecycleBase.java:183) ~[tomcat-embed-core-10.1.1.jar:10.1.1]
	at org.apache.catalina.core.ContainerBase$StartChild.call(ContainerBase.java:1396) ~[tomcat-embed-core-10.1.1.jar:10.1.1]
	at org.apache.catalina.core.ContainerBase$StartChild.call(ContainerBase.java:1386) ~[tomcat-embed-core-10.1.1.jar:10.1.1]
	at java.base/java.util.concurrent.FutureTask.run(FutureTask.java:317) ~[na:na]
	at org.apache.tomcat.util.threads.InlineExecutorService.execute(InlineExecutorService.java:75) ~[tomcat-embed-core-10.1.1.jar:10.1.1]
	at java.base/java.util.concurrent.AbstractExecutorService.submit(AbstractExecutorService.java:145) ~[na:na]
	at org.apache.catalina.core.ContainerBase.startInternal(ContainerBase.java:919) ~[tomcat-embed-core-10.1.1.jar:10.1.1]
	at org.apache.catalina.core.StandardEngine.startInternal(StandardEngine.java:252) ~[tomcat-embed-core-10.1.1.jar:10.1.1]
	at org.apache.catalina.util.LifecycleBase.start(LifecycleBase.java:183) ~[tomcat-embed-core-10.1.1.jar:10.1.1]
	at org.apache.catalina.core.StandardService.startInternal(StandardService.java:432) ~[tomcat-embed-core-10.1.1.jar:10.1.1]
	at org.apache.catalina.util.LifecycleBase.start(LifecycleBase.java:183) ~[tomcat-embed-core-10.1.1.jar:10.1.1]
	at org.apache.catalina.core.StandardServer.startInternal(StandardServer.java:926) ~[tomcat-embed-core-10.1.1.jar:10.1.1]
	at org.apache.catalina.util.LifecycleBase.start(LifecycleBase.java:183) ~[tomcat-embed-core-10.1.1.jar:10.1.1]
	at org.apache.catalina.startup.Tomcat.start(Tomcat.java:485) ~[tomcat-embed-core-10.1.1.jar:10.1.1]
	at org.springframework.boot.web.embedded.tomcat.TomcatWebServer.initialize(TomcatWebServer.java:129) ~[spring-boot-3.0.0.jar:3.0.0]
	at org.springframework.boot.web.embedded.tomcat.TomcatWebServer.<init>(TomcatWebServer.java:110) ~[spring-boot-3.0.0.jar:3.0.0]
	at org.springframework.boot.web.embedded.tomcat.TomcatServletWebServerFactory.getTomcatWebServer(TomcatServletWebServerFactory.java:486) ~[spring-boot-3.0.0.jar:3.0.0]
	at org.springframework.boot.web.embedded.tomcat.TomcatServletWebServerFactory.getWebServer(TomcatServletWebServerFactory.java:210) ~[spring-boot-3.0.0.jar:3.0.0]
	at org.springframework.boot.web.servlet.context.ServletWebServerApplicationContext.createWebServer(ServletWebServerApplicationContext.java:183) ~[spring-boot-3.0.0.jar:3.0.0]
	at org.springframework.boot.web.servlet.context.ServletWebServerApplicationContext.onRefresh(ServletWebServerApplicationContext.java:161) ~[spring-boot-3.0.0.jar:3.0.0]
	at org.springframework.context.support.AbstractApplicationContext.refresh(AbstractApplicationContext.java:578) ~[spring-context-6.0.2.jar:6.0.2]
	at org.springframework.boot.web.servlet.context.ServletWebServerApplicationContext.refresh(ServletWebServerApplicationContext.java:146) ~[spring-boot-3.0.0.jar:3.0.0]
	at org.springframework.boot.SpringApplication.refresh(SpringApplication.java:730) ~[spring-boot-3.0.0.jar:3.0.0]
	at org.springframework.boot.SpringApplication.refreshContext(SpringApplication.java:432) ~[spring-boot-3.0.0.jar:3.0.0]
	at org.springframework.boot.SpringApplication.run(SpringApplication.java:308) ~[spring-boot-3.0.0.jar:3.0.0]
	at org.springframework.boot.SpringApplication.run(SpringApplication.java:1302) ~[spring-boot-3.0.0.jar:3.0.0]
	at org.springframework.boot.SpringApplication.run(SpringApplication.java:1291) ~[spring-boot-3.0.0.jar:3.0.0]
	at com.example.livapp.JenkinsApplication.main(JenkinsApplication.java:10) ~[classes/:na]
	at java.base/jdk.internal.reflect.DirectMethodHandleAccessor.invoke(DirectMethodHandleAccessor.java:103) ~[na:na]
	at java.base/java.lang.reflect.Method.invoke(Method.java:580) ~[na:na]
	at org.springframework.boot.devtools.restart.RestartLauncher.run(RestartLauncher.java:49) ~[spring-boot-devtools-3.0.0.jar:3.0.0]
Caused by: com.mysql.cj.exceptions.CJCommunicationsException: Communications link failure

The last packet sent successfully to the server was 0 milliseconds ago. The driver has not received any packets from the server.
	at java.base/jdk.internal.reflect.DirectConstructorHandleAccessor.newInstance(DirectConstructorHandleAccessor.java:62) ~[na:na]
	at java.base/java.lang.reflect.Constructor.newInstanceWithCaller(Constructor.java:502) ~[na:na]
	at java.base/java.lang.reflect.Constructor.newInstance(Constructor.java:486) ~[na:na]
	at com.mysql.cj.exceptions.ExceptionFactory.createException(ExceptionFactory.java:61) ~[mysql-connector-j-8.0.31.jar:8.0.31]
	at com.mysql.cj.exceptions.ExceptionFactory.createException(ExceptionFactory.java:105) ~[mysql-connector-j-8.0.31.jar:8.0.31]
	at com.mysql.cj.exceptions.ExceptionFactory.createException(ExceptionFactory.java:151) ~[mysql-connector-j-8.0.31.jar:8.0.31]
	at com.mysql.cj.exceptions.ExceptionFactory.createCommunicationsException(ExceptionFactory.java:167) ~[mysql-connector-j-8.0.31.jar:8.0.31]
	at com.mysql.cj.protocol.a.NativeSocketConnection.connect(NativeSocketConnection.java:89) ~[mysql-connector-j-8.0.31.jar:8.0.31]
	at com.mysql.cj.NativeSession.connect(NativeSession.java:120) ~[mysql-connector-j-8.0.31.jar:8.0.31]
	at com.mysql.cj.jdbc.ConnectionImpl.connectOneTryOnly(ConnectionImpl.java:948) ~[mysql-connector-j-8.0.31.jar:8.0.31]
	at com.mysql.cj.jdbc.ConnectionImpl.createNewIO(ConnectionImpl.java:818) ~[mysql-connector-j-8.0.31.jar:8.0.31]
	... 87 common frames omitted
Caused by: java.net.ConnectException: Connection refused: getsockopt
	at java.base/sun.nio.ch.Net.pollConnect(Native Method) ~[na:na]
	at java.base/sun.nio.ch.Net.pollConnectNow(Net.java:682) ~[na:na]
	at java.base/sun.nio.ch.NioSocketImpl.timedFinishConnect(NioSocketImpl.java:542) ~[na:na]
	at java.base/sun.nio.ch.NioSocketImpl.connect(NioSocketImpl.java:592) ~[na:na]
	at java.base/java.net.SocksSocketImpl.connect(SocksSocketImpl.java:327) ~[na:na]
	at java.base/java.net.Socket.connect(Socket.java:751) ~[na:na]
	at com.mysql.cj.protocol.StandardSocketFactory.connect(StandardSocketFactory.java:153) ~[mysql-connector-j-8.0.31.jar:8.0.31]
	at com.mysql.cj.protocol.a.NativeSocketConnection.connect(NativeSocketConnection.java:63) ~[mysql-connector-j-8.0.31.jar:8.0.31]
	... 90 common frames omitted

2026-02-08T09:05:31.467+01:00  INFO 3864 --- [restartedMain] o.hibernate.jpa.internal.util.LogHelper  : HHH000204: Processing PersistenceUnitInfo [name: default]
2026-02-08T09:05:31.494+01:00  INFO 3864 --- [restartedMain] org.hibernate.Version                    : HHH000412: Hibernate ORM core version 6.1.5.Final
2026-02-08T09:05:31.579+01:00  WARN 3864 --- [restartedMain] org.hibernate.orm.deprecation            : HHH90000021: Encountered deprecated setting [javax.persistence.sharedCache.mode], use [jakarta.persistence.sharedCache.mode] instead
2026-02-08T09:05:31.609+01:00 DEBUG 3864 --- [restartedMain] o.h.t.d.jdbc.spi.JdbcTypeRegistry        : addDescriptor(FloatTypeDescriptor) replaced previous registration(DoubleTypeDescriptor)
2026-02-08T09:05:31.614+01:00 DEBUG 3864 --- [restartedMain] org.hibernate.type.BasicTypeRegistry     : Adding type registration boolean -> org.hibernate.type.BasicTypeReference@549364b2
2026-02-08T09:05:31.615+01:00 DEBUG 3864 --- [restartedMain] org.hibernate.type.BasicTypeRegistry     : Adding type registration boolean -> org.hibernate.type.BasicTypeReference@549364b2
2026-02-08T09:05:31.615+01:00 DEBUG 3864 --- [restartedMain] org.hibernate.type.BasicTypeRegistry     : Adding type registration java.lang.Boolean -> org.hibernate.type.BasicTypeReference@549364b2
2026-02-08T09:05:31.615+01:00 DEBUG 3864 --- [restartedMain] org.hibernate.type.BasicTypeRegistry     : Adding type registration numeric_boolean -> org.hibernate.type.BasicTypeReference@4a5ebb0a
2026-02-08T09:05:31.615+01:00 DEBUG 3864 --- [restartedMain] org.hibernate.type.BasicTypeRegistry     : Adding type registration org.hibernate.type.NumericBooleanConverter -> org.hibernate.type.BasicTypeReference@4a5ebb0a
2026-02-08T09:05:31.615+01:00 DEBUG 3864 --- [restartedMain] org.hibernate.type.BasicTypeRegistry     : Adding type registration true_false -> org.hibernate.type.BasicTypeReference@5f002a92
2026-02-08T09:05:31.615+01:00 DEBUG 3864 --- [restartedMain] org.hibernate.type.BasicTypeRegistry     : Adding type registration org.hibernate.type.TrueFalseConverter -> org.hibernate.type.BasicTypeReference@5f002a92
2026-02-08T09:05:31.615+01:00 DEBUG 3864 --- [restartedMain] org.hibernate.type.BasicTypeRegistry     : Adding type registration yes_no -> org.hibernate.type.BasicTypeReference@3930240c
2026-02-08T09:05:31.615+01:00 DEBUG 3864 --- [restartedMain] org.hibernate.type.BasicTypeRegistry     : Adding type registration org.hibernate.type.YesNoConverter -> org.hibernate.type.BasicTypeReference@3930240c
2026-02-08T09:05:31.615+01:00 DEBUG 3864 --- [restartedMain] org.hibernate.type.BasicTypeRegistry     : Adding type registration byte -> org.hibernate.type.BasicTypeReference@7649616c
2026-02-08T09:05:31.615+01:00 DEBUG 3864 --- [restartedMain] org.hibernate.type.BasicTypeRegistry     : Adding type registration byte -> org.hibernate.type.BasicTypeReference@7649616c
2026-02-08T09:05:31.615+01:00 DEBUG 3864 --- [restartedMain] org.hibernate.type.BasicTypeRegistry     : Adding type registration java.lang.Byte -> org.hibernate.type.BasicTypeReference@7649616c
2026-02-08T09:05:31.615+01:00 DEBUG 3864 --- [restartedMain] org.hibernate.type.BasicTypeRegistry     : Adding type registration binary -> org.hibernate.type.BasicTypeReference@49701244
2026-02-08T09:05:31.615+01:00 DEBUG 3864 --- [restartedMain] org.hibernate.type.BasicTypeRegistry     : Adding type registration byte[] -> org.hibernate.type.BasicTypeReference@49701244
2026-02-08T09:05:31.615+01:00 DEBUG 3864 --- [restartedMain] org.hibernate.type.BasicTypeRegistry     : Adding type registration [B -> org.hibernate.type.BasicTypeReference@49701244
2026-02-08T09:05:31.615+01:00 DEBUG 3864 --- [restartedMain] org.hibernate.type.BasicTypeRegistry     : Adding type registration binary_wrapper -> org.hibernate.type.BasicTypeReference@177af542
2026-02-08T09:05:31.616+01:00 DEBUG 3864 --- [restartedMain] org.hibernate.type.BasicTypeRegistry     : Adding type registration wrapper-binary -> org.hibernate.type.BasicTypeReference@177af542
2026-02-08T09:05:31.616+01:00 DEBUG 3864 --- [restartedMain] org.hibernate.type.BasicTypeRegistry     : Adding type registration Byte[] -> org.hibernate.type.BasicTypeReference@177af542
2026-02-08T09:05:31.616+01:00 DEBUG 3864 --- [restartedMain] org.hibernate.type.BasicTypeRegistry     : Adding type registration [Ljava.lang.Byte; -> org.hibernate.type.BasicTypeReference@177af542
2026-02-08T09:05:31.616+01:00 DEBUG 3864 --- [restartedMain] org.hibernate.type.BasicTypeRegistry     : Adding type registration image -> org.hibernate.type.BasicTypeReference@2fd2a3e5
2026-02-08T09:05:31.616+01:00 DEBUG 3864 --- [restartedMain] org.hibernate.type.BasicTypeRegistry     : Adding type registration blob -> org.hibernate.type.BasicTypeReference@122df572
2026-02-08T09:05:31.616+01:00 DEBUG 3864 --- [restartedMain] org.hibernate.type.BasicTypeRegistry     : Adding type registration java.sql.Blob -> org.hibernate.type.BasicTypeReference@122df572
2026-02-08T09:05:31.616+01:00 DEBUG 3864 --- [restartedMain] org.hibernate.type.BasicTypeRegistry     : Adding type registration materialized_blob -> org.hibernate.type.BasicTypeReference@5b062741
2026-02-08T09:05:31.616+01:00 DEBUG 3864 --- [restartedMain] org.hibernate.type.BasicTypeRegistry     : Adding type registration materialized_blob_wrapper -> org.hibernate.type.BasicTypeReference@1b160986
2026-02-08T09:05:31.616+01:00 DEBUG 3864 --- [restartedMain] org.hibernate.type.BasicTypeRegistry     : Adding type registration short -> org.hibernate.type.BasicTypeReference@21e14c8a
2026-02-08T09:05:31.616+01:00 DEBUG 3864 --- [restartedMain] org.hibernate.type.BasicTypeRegistry     : Adding type registration short -> org.hibernate.type.BasicTypeReference@21e14c8a
2026-02-08T09:05:31.616+01:00 DEBUG 3864 --- [restartedMain] org.hibernate.type.BasicTypeRegistry     : Adding type registration java.lang.Short -> org.hibernate.type.BasicTypeReference@21e14c8a
2026-02-08T09:05:31.616+01:00 DEBUG 3864 --- [restartedMain] org.hibernate.type.BasicTypeRegistry     : Adding type registration integer -> org.hibernate.type.BasicTypeReference@5c1aaba1
2026-02-08T09:05:31.616+01:00 DEBUG 3864 --- [restartedMain] org.hibernate.type.BasicTypeRegistry     : Adding type registration int -> org.hibernate.type.BasicTypeReference@5c1aaba1
2026-02-08T09:05:31.616+01:00 DEBUG 3864 --- [restartedMain] org.hibernate.type.BasicTypeRegistry     : Adding type registration java.lang.Integer -> org.hibernate.type.BasicTypeReference@5c1aaba1
2026-02-08T09:05:31.616+01:00 DEBUG 3864 --- [restartedMain] org.hibernate.type.BasicTypeRegistry     : Adding type registration long -> org.hibernate.type.BasicTypeReference@36ccb34c
2026-02-08T09:05:31.616+01:00 DEBUG 3864 --- [restartedMain] org.hibernate.type.BasicTypeRegistry     : Adding type registration long -> org.hibernate.type.BasicTypeReference@36ccb34c
2026-02-08T09:05:31.616+01:00 DEBUG 3864 --- [restartedMain] org.hibernate.type.BasicTypeRegistry     : Adding type registration java.lang.Long -> org.hibernate.type.BasicTypeReference@36ccb34c
2026-02-08T09:05:31.616+01:00 DEBUG 3864 --- [restartedMain] org.hibernate.type.BasicTypeRegistry     : Adding type registration float -> org.hibernate.type.BasicTypeReference@1d3dc62a
2026-02-08T09:05:31.616+01:00 DEBUG 3864 --- [restartedMain] org.hibernate.type.BasicTypeRegistry     : Adding type registration float -> org.hibernate.type.BasicTypeReference@1d3dc62a
2026-02-08T09:05:31.616+01:00 DEBUG 3864 --- [restartedMain] org.hibernate.type.BasicTypeRegistry     : Adding type registration java.lang.Float -> org.hibernate.type.BasicTypeReference@1d3dc62a
2026-02-08T09:05:31.616+01:00 DEBUG 3864 --- [restartedMain] org.hibernate.type.BasicTypeRegistry     : Adding type registration double -> org.hibernate.type.BasicTypeReference@36935c1b
2026-02-08T09:05:31.617+01:00 DEBUG 3864 --- [restartedMain] org.hibernate.type.BasicTypeRegistry     : Adding type registration double -> org.hibernate.type.BasicTypeReference@36935c1b
2026-02-08T09:05:31.617+01:00 DEBUG 3864 --- [restartedMain] org.hibernate.type.BasicTypeRegistry     : Adding type registration java.lang.Double -> org.hibernate.type.BasicTypeReference@36935c1b
2026-02-08T09:05:31.617+01:00 DEBUG 3864 --- [restartedMain] org.hibernate.type.BasicTypeRegistry     : Adding type registration big_integer -> org.hibernate.type.BasicTypeReference@3f5dbecb
2026-02-08T09:05:31.617+01:00 DEBUG 3864 --- [restartedMain] org.hibernate.type.BasicTypeRegistry     : Adding type registration java.math.BigInteger -> org.hibernate.type.BasicTypeReference@3f5dbecb
2026-02-08T09:05:31.617+01:00 DEBUG 3864 --- [restartedMain] org.hibernate.type.BasicTypeRegistry     : Adding type registration big_decimal -> org.hibernate.type.BasicTypeReference@6cd82cbf
2026-02-08T09:05:31.617+01:00 DEBUG 3864 --- [restartedMain] org.hibernate.type.BasicTypeRegistry     : Adding type registration java.math.BigDecimal -> org.hibernate.type.BasicTypeReference@6cd82cbf
2026-02-08T09:05:31.617+01:00 DEBUG 3864 --- [restartedMain] org.hibernate.type.BasicTypeRegistry     : Adding type registration character -> org.hibernate.type.BasicTypeReference@1f27bb98
2026-02-08T09:05:31.617+01:00 DEBUG 3864 --- [restartedMain] org.hibernate.type.BasicTypeRegistry     : Adding type registration char -> org.hibernate.type.BasicTypeReference@1f27bb98
2026-02-08T09:05:31.617+01:00 DEBUG 3864 --- [restartedMain] org.hibernate.type.BasicTypeRegistry     : Adding type registration java.lang.Character -> org.hibernate.type.BasicTypeReference@1f27bb98
2026-02-08T09:05:31.617+01:00 DEBUG 3864 --- [restartedMain] org.hibernate.type.BasicTypeRegistry     : Adding type registration character_nchar -> org.hibernate.type.BasicTypeReference@33f85fe3
2026-02-08T09:05:31.617+01:00 DEBUG 3864 --- [restartedMain] org.hibernate.type.BasicTypeRegistry     : Adding type registration string -> org.hibernate.type.BasicTypeReference@610114b1
2026-02-08T09:05:31.617+01:00 DEBUG 3864 --- [restartedMain] org.hibernate.type.BasicTypeRegistry     : Adding type registration java.lang.String -> org.hibernate.type.BasicTypeReference@610114b1
2026-02-08T09:05:31.617+01:00 DEBUG 3864 --- [restartedMain] org.hibernate.type.BasicTypeRegistry     : Adding type registration nstring -> org.hibernate.type.BasicTypeReference@4c1171fa
2026-02-08T09:05:31.617+01:00 DEBUG 3864 --- [restartedMain] org.hibernate.type.BasicTypeRegistry     : Adding type registration characters -> org.hibernate.type.BasicTypeReference@6e48e89b
2026-02-08T09:05:31.617+01:00 DEBUG 3864 --- [restartedMain] org.hibernate.type.BasicTypeRegistry     : Adding type registration char[] -> org.hibernate.type.BasicTypeReference@6e48e89b
2026-02-08T09:05:31.617+01:00 DEBUG 3864 --- [restartedMain] org.hibernate.type.BasicTypeRegistry     : Adding type registration [C -> org.hibernate.type.BasicTypeReference@6e48e89b
2026-02-08T09:05:31.617+01:00 DEBUG 3864 --- [restartedMain] org.hibernate.type.BasicTypeRegistry     : Adding type registration wrapper-characters -> org.hibernate.type.BasicTypeReference@1fbea5f6
2026-02-08T09:05:31.617+01:00 DEBUG 3864 --- [restartedMain] org.hibernate.type.BasicTypeRegistry     : Adding type registration [Ljava.lang.Character; -> org.hibernate.type.BasicTypeReference@1fbea5f6
2026-02-08T09:05:31.617+01:00 DEBUG 3864 --- [restartedMain] org.hibernate.type.BasicTypeRegistry     : Adding type registration Character[] -> org.hibernate.type.BasicTypeReference@1fbea5f6
2026-02-08T09:05:31.617+01:00 DEBUG 3864 --- [restartedMain] org.hibernate.type.BasicTypeRegistry     : Adding type registration text -> org.hibernate.type.BasicTypeReference@76738e2c
2026-02-08T09:05:31.617+01:00 DEBUG 3864 --- [restartedMain] org.hibernate.type.BasicTypeRegistry     : Adding type registration ntext -> org.hibernate.type.BasicTypeReference@31aaafb9
2026-02-08T09:05:31.617+01:00 DEBUG 3864 --- [restartedMain] org.hibernate.type.BasicTypeRegistry     : Adding type registration clob -> org.hibernate.type.BasicTypeReference@188f8527
2026-02-08T09:05:31.617+01:00 DEBUG 3864 --- [restartedMain] org.hibernate.type.BasicTypeRegistry     : Adding type registration java.sql.Clob -> org.hibernate.type.BasicTypeReference@188f8527
2026-02-08T09:05:31.617+01:00 DEBUG 3864 --- [restartedMain] org.hibernate.type.BasicTypeRegistry     : Adding type registration nclob -> org.hibernate.type.BasicTypeReference@727412d5
2026-02-08T09:05:31.617+01:00 DEBUG 3864 --- [restartedMain] org.hibernate.type.BasicTypeRegistry     : Adding type registration java.sql.NClob -> org.hibernate.type.BasicTypeReference@727412d5
2026-02-08T09:05:31.617+01:00 DEBUG 3864 --- [restartedMain] org.hibernate.type.BasicTypeRegistry     : Adding type registration materialized_clob -> org.hibernate.type.BasicTypeReference@181ce059
2026-02-08T09:05:31.617+01:00 DEBUG 3864 --- [restartedMain] org.hibernate.type.BasicTypeRegistry     : Adding type registration materialized_clob_char_array -> org.hibernate.type.BasicTypeReference@7c2f4384
2026-02-08T09:05:31.617+01:00 DEBUG 3864 --- [restartedMain] org.hibernate.type.BasicTypeRegistry     : Adding type registration materialized_clob_character_array -> org.hibernate.type.BasicTypeReference@186d579b
2026-02-08T09:05:31.617+01:00 DEBUG 3864 --- [restartedMain] org.hibernate.type.BasicTypeRegistry     : Adding type registration materialized_nclob -> org.hibernate.type.BasicTypeReference@4add1cf9
2026-02-08T09:05:31.617+01:00 DEBUG 3864 --- [restartedMain] org.hibernate.type.BasicTypeRegistry     : Adding type registration materialized_nclob_character_array -> org.hibernate.type.BasicTypeReference@35bc33d3
2026-02-08T09:05:31.617+01:00 DEBUG 3864 --- [restartedMain] org.hibernate.type.BasicTypeRegistry     : Adding type registration materialized_nclob_char_array -> org.hibernate.type.BasicTypeReference@33897583
2026-02-08T09:05:31.617+01:00 DEBUG 3864 --- [restartedMain] org.hibernate.type.BasicTypeRegistry     : Adding type registration Duration -> org.hibernate.type.BasicTypeReference@41aa3de6
2026-02-08T09:05:31.617+01:00 DEBUG 3864 --- [restartedMain] org.hibernate.type.BasicTypeRegistry     : Adding type registration java.time.Duration -> org.hibernate.type.BasicTypeReference@41aa3de6
2026-02-08T09:05:31.617+01:00 DEBUG 3864 --- [restartedMain] org.hibernate.type.BasicTypeRegistry     : Adding type registration LocalDateTime -> org.hibernate.type.BasicTypeReference@63b2dbfe
2026-02-08T09:05:31.617+01:00 DEBUG 3864 --- [restartedMain] org.hibernate.type.BasicTypeRegistry     : Adding type registration java.time.LocalDateTime -> org.hibernate.type.BasicTypeReference@63b2dbfe
2026-02-08T09:05:31.618+01:00 DEBUG 3864 --- [restartedMain] org.hibernate.type.BasicTypeRegistry     : Adding type registration LocalDate -> org.hibernate.type.BasicTypeReference@37c45ef0
2026-02-08T09:05:31.618+01:00 DEBUG 3864 --- [restartedMain] org.hibernate.type.BasicTypeRegistry     : Adding type registration java.time.LocalDate -> org.hibernate.type.BasicTypeReference@37c45ef0
2026-02-08T09:05:31.618+01:00 DEBUG 3864 --- [restartedMain] org.hibernate.type.BasicTypeRegistry     : Adding type registration LocalTime -> org.hibernate.type.BasicTypeReference@4f1910e6
2026-02-08T09:05:31.618+01:00 DEBUG 3864 --- [restartedMain] org.hibernate.type.BasicTypeRegistry     : Adding type registration java.time.LocalTime -> org.hibernate.type.BasicTypeReference@4f1910e6
2026-02-08T09:05:31.618+01:00 DEBUG 3864 --- [restartedMain] org.hibernate.type.BasicTypeRegistry     : Adding type registration OffsetDateTime -> org.hibernate.type.BasicTypeReference@5f4c41ee
2026-02-08T09:05:31.618+01:00 DEBUG 3864 --- [restartedMain] org.hibernate.type.BasicTypeRegistry     : Adding type registration java.time.OffsetDateTime -> org.hibernate.type.BasicTypeReference@5f4c41ee
2026-02-08T09:05:31.618+01:00 DEBUG 3864 --- [restartedMain] org.hibernate.type.BasicTypeRegistry     : Adding type registration OffsetDateTimeWithTimezone -> org.hibernate.type.BasicTypeReference@2ad41cd2
2026-02-08T09:05:31.618+01:00 DEBUG 3864 --- [restartedMain] org.hibernate.type.BasicTypeRegistry     : Adding type registration OffsetDateTimeWithoutTimezone -> org.hibernate.type.BasicTypeReference@3ff2f4a6
2026-02-08T09:05:31.618+01:00 DEBUG 3864 --- [restartedMain] org.hibernate.type.BasicTypeRegistry     : Adding type registration OffsetTime -> org.hibernate.type.BasicTypeReference@386b4d9e
2026-02-08T09:05:31.618+01:00 DEBUG 3864 --- [restartedMain] org.hibernate.type.BasicTypeRegistry     : Adding type registration java.time.OffsetTime -> org.hibernate.type.BasicTypeReference@386b4d9e
2026-02-08T09:05:31.618+01:00 DEBUG 3864 --- [restartedMain] org.hibernate.type.BasicTypeRegistry     : Adding type registration ZonedDateTime -> org.hibernate.type.BasicTypeReference@595384c
2026-02-08T09:05:31.618+01:00 DEBUG 3864 --- [restartedMain] org.hibernate.type.BasicTypeRegistry     : Adding type registration java.time.ZonedDateTime -> org.hibernate.type.BasicTypeReference@595384c
2026-02-08T09:05:31.618+01:00 DEBUG 3864 --- [restartedMain] org.hibernate.type.BasicTypeRegistry     : Adding type registration ZonedDateTimeWithTimezone -> org.hibernate.type.BasicTypeReference@f2d96a0
2026-02-08T09:05:31.618+01:00 DEBUG 3864 --- [restartedMain] org.hibernate.type.BasicTypeRegistry     : Adding type registration ZonedDateTimeWithoutTimezone -> org.hibernate.type.BasicTypeReference@27d20427
2026-02-08T09:05:31.618+01:00 DEBUG 3864 --- [restartedMain] org.hibernate.type.BasicTypeRegistry     : Adding type registration date -> org.hibernate.type.BasicTypeReference@45b7aafe
2026-02-08T09:05:31.618+01:00 DEBUG 3864 --- [restartedMain] org.hibernate.type.BasicTypeRegistry     : Adding type registration java.sql.Date -> org.hibernate.type.BasicTypeReference@45b7aafe
2026-02-08T09:05:31.618+01:00 DEBUG 3864 --- [restartedMain] org.hibernate.type.BasicTypeRegistry     : Adding type registration time -> org.hibernate.type.BasicTypeReference@69ccbd5c
2026-02-08T09:05:31.618+01:00 DEBUG 3864 --- [restartedMain] org.hibernate.type.BasicTypeRegistry     : Adding type registration java.sql.Time -> org.hibernate.type.BasicTypeReference@69ccbd5c
2026-02-08T09:05:31.618+01:00 DEBUG 3864 --- [restartedMain] org.hibernate.type.BasicTypeRegistry     : Adding type registration timestamp -> org.hibernate.type.BasicTypeReference@a37ae53
2026-02-08T09:05:31.618+01:00 DEBUG 3864 --- [restartedMain] org.hibernate.type.BasicTypeRegistry     : Adding type registration java.sql.Timestamp -> org.hibernate.type.BasicTypeReference@a37ae53
2026-02-08T09:05:31.618+01:00 DEBUG 3864 --- [restartedMain] org.hibernate.type.BasicTypeRegistry     : Adding type registration java.util.Date -> org.hibernate.type.BasicTypeReference@a37ae53
2026-02-08T09:05:31.618+01:00 DEBUG 3864 --- [restartedMain] org.hibernate.type.BasicTypeRegistry     : Adding type registration calendar -> org.hibernate.type.BasicTypeReference@3df3700e
2026-02-08T09:05:31.618+01:00 DEBUG 3864 --- [restartedMain] org.hibernate.type.BasicTypeRegistry     : Adding type registration java.util.Calendar -> org.hibernate.type.BasicTypeReference@3df3700e
2026-02-08T09:05:31.618+01:00 DEBUG 3864 --- [restartedMain] org.hibernate.type.BasicTypeRegistry     : Adding type registration java.util.GregorianCalendar -> org.hibernate.type.BasicTypeReference@3df3700e
2026-02-08T09:05:31.618+01:00 DEBUG 3864 --- [restartedMain] org.hibernate.type.BasicTypeRegistry     : Adding type registration calendar_date -> org.hibernate.type.BasicTypeReference@456bdd14
2026-02-08T09:05:31.618+01:00 DEBUG 3864 --- [restartedMain] org.hibernate.type.BasicTypeRegistry     : Adding type registration calendar_time -> org.hibernate.type.BasicTypeReference@49c1beb8
2026-02-08T09:05:31.618+01:00 DEBUG 3864 --- [restartedMain] org.hibernate.type.BasicTypeRegistry     : Adding type registration instant -> org.hibernate.type.BasicTypeReference@7eb3c4e5
2026-02-08T09:05:31.618+01:00 DEBUG 3864 --- [restartedMain] org.hibernate.type.BasicTypeRegistry     : Adding type registration java.time.Instant -> org.hibernate.type.BasicTypeReference@7eb3c4e5
2026-02-08T09:05:31.618+01:00 DEBUG 3864 --- [restartedMain] org.hibernate.type.BasicTypeRegistry     : Adding type registration uuid -> org.hibernate.type.BasicTypeReference@58e6b83d
2026-02-08T09:05:31.618+01:00 DEBUG 3864 --- [restartedMain] org.hibernate.type.BasicTypeRegistry     : Adding type registration java.util.UUID -> org.hibernate.type.BasicTypeReference@58e6b83d
2026-02-08T09:05:31.618+01:00 DEBUG 3864 --- [restartedMain] org.hibernate.type.BasicTypeRegistry     : Adding type registration pg-uuid -> org.hibernate.type.BasicTypeReference@58e6b83d
2026-02-08T09:05:31.618+01:00 DEBUG 3864 --- [restartedMain] org.hibernate.type.BasicTypeRegistry     : Adding type registration uuid-binary -> org.hibernate.type.BasicTypeReference@43fe4d48
2026-02-08T09:05:31.618+01:00 DEBUG 3864 --- [restartedMain] org.hibernate.type.BasicTypeRegistry     : Adding type registration uuid-char -> org.hibernate.type.BasicTypeReference@78e1ff1
2026-02-08T09:05:31.618+01:00 DEBUG 3864 --- [restartedMain] org.hibernate.type.BasicTypeRegistry     : Adding type registration class -> org.hibernate.type.BasicTypeReference@67fa7709
2026-02-08T09:05:31.618+01:00 DEBUG 3864 --- [restartedMain] org.hibernate.type.BasicTypeRegistry     : Adding type registration java.lang.Class -> org.hibernate.type.BasicTypeReference@67fa7709
2026-02-08T09:05:31.618+01:00 DEBUG 3864 --- [restartedMain] org.hibernate.type.BasicTypeRegistry     : Adding type registration currency -> org.hibernate.type.BasicTypeReference@ab00c9b
2026-02-08T09:05:31.618+01:00 DEBUG 3864 --- [restartedMain] org.hibernate.type.BasicTypeRegistry     : Adding type registration Currency -> org.hibernate.type.BasicTypeReference@ab00c9b
2026-02-08T09:05:31.618+01:00 DEBUG 3864 --- [restartedMain] org.hibernate.type.BasicTypeRegistry     : Adding type registration java.util.Currency -> org.hibernate.type.BasicTypeReference@ab00c9b
2026-02-08T09:05:31.618+01:00 DEBUG 3864 --- [restartedMain] org.hibernate.type.BasicTypeRegistry     : Adding type registration locale -> org.hibernate.type.BasicTypeReference@3b159488
2026-02-08T09:05:31.619+01:00 DEBUG 3864 --- [restartedMain] org.hibernate.type.BasicTypeRegistry     : Adding type registration java.util.Locale -> org.hibernate.type.BasicTypeReference@3b159488
2026-02-08T09:05:31.619+01:00 DEBUG 3864 --- [restartedMain] org.hibernate.type.BasicTypeRegistry     : Adding type registration serializable -> org.hibernate.type.BasicTypeReference@4c93758c
2026-02-08T09:05:31.619+01:00 DEBUG 3864 --- [restartedMain] org.hibernate.type.BasicTypeRegistry     : Adding type registration java.io.Serializable -> org.hibernate.type.BasicTypeReference@4c93758c
2026-02-08T09:05:31.619+01:00 DEBUG 3864 --- [restartedMain] org.hibernate.type.BasicTypeRegistry     : Adding type registration timezone -> org.hibernate.type.BasicTypeReference@78651128
2026-02-08T09:05:31.619+01:00 DEBUG 3864 --- [restartedMain] org.hibernate.type.BasicTypeRegistry     : Adding type registration java.util.TimeZone -> org.hibernate.type.BasicTypeReference@78651128
2026-02-08T09:05:31.619+01:00 DEBUG 3864 --- [restartedMain] org.hibernate.type.BasicTypeRegistry     : Adding type registration ZoneOffset -> org.hibernate.type.BasicTypeReference@723b1e6b
2026-02-08T09:05:31.619+01:00 DEBUG 3864 --- [restartedMain] org.hibernate.type.BasicTypeRegistry     : Adding type registration java.time.ZoneOffset -> org.hibernate.type.BasicTypeReference@723b1e6b
2026-02-08T09:05:31.619+01:00 DEBUG 3864 --- [restartedMain] org.hibernate.type.BasicTypeRegistry     : Adding type registration url -> org.hibernate.type.BasicTypeReference@651d6570
2026-02-08T09:05:31.619+01:00 DEBUG 3864 --- [restartedMain] org.hibernate.type.BasicTypeRegistry     : Adding type registration java.net.URL -> org.hibernate.type.BasicTypeReference@651d6570
2026-02-08T09:05:31.619+01:00 DEBUG 3864 --- [restartedMain] org.hibernate.type.BasicTypeRegistry     : Adding type registration row_version -> org.hibernate.type.BasicTypeReference@3275434a
2026-02-08T09:05:31.623+01:00 DEBUG 3864 --- [restartedMain] org.hibernate.type.BasicTypeRegistry     : Adding type registration dbtimestamp -> org.hibernate.type.DbTimestampType@1fcfd6ec
2026-02-08T09:05:31.623+01:00 DEBUG 3864 --- [restartedMain] org.hibernate.type.BasicTypeRegistry     : Adding type registration dbtimestamp -> org.hibernate.type.DbTimestampType@1fcfd6ec
2026-02-08T09:05:31.624+01:00 DEBUG 3864 --- [restartedMain] org.hibernate.type.BasicTypeRegistry     : Adding type registration object -> org.hibernate.type.JavaObjectType@1b410be8
2026-02-08T09:05:31.624+01:00 DEBUG 3864 --- [restartedMain] org.hibernate.type.BasicTypeRegistry     : Adding type registration java.lang.Object -> org.hibernate.type.JavaObjectType@1b410be8
2026-02-08T09:05:31.624+01:00 DEBUG 3864 --- [restartedMain] org.hibernate.type.BasicTypeRegistry     : Adding type registration null -> org.hibernate.type.NullType@11f42a01
2026-02-08T09:05:31.625+01:00 DEBUG 3864 --- [restartedMain] org.hibernate.type.BasicTypeRegistry     : Adding type registration imm_date -> org.hibernate.type.BasicTypeReference@57e6448d
2026-02-08T09:05:31.625+01:00 DEBUG 3864 --- [restartedMain] org.hibernate.type.BasicTypeRegistry     : Adding type registration imm_time -> org.hibernate.type.BasicTypeReference@7500ba20
2026-02-08T09:05:31.625+01:00 DEBUG 3864 --- [restartedMain] org.hibernate.type.BasicTypeRegistry     : Adding type registration imm_timestamp -> org.hibernate.type.BasicTypeReference@49d27bb6
2026-02-08T09:05:31.625+01:00 DEBUG 3864 --- [restartedMain] org.hibernate.type.BasicTypeRegistry     : Adding type registration imm_calendar -> org.hibernate.type.BasicTypeReference@7946e4af
2026-02-08T09:05:31.625+01:00 DEBUG 3864 --- [restartedMain] org.hibernate.type.BasicTypeRegistry     : Adding type registration imm_calendar_date -> org.hibernate.type.BasicTypeReference@1c611526
2026-02-08T09:05:31.625+01:00 DEBUG 3864 --- [restartedMain] org.hibernate.type.BasicTypeRegistry     : Adding type registration imm_calendar_time -> org.hibernate.type.BasicTypeReference@6c407d30
2026-02-08T09:05:31.625+01:00 DEBUG 3864 --- [restartedMain] org.hibernate.type.BasicTypeRegistry     : Adding type registration imm_binary -> org.hibernate.type.BasicTypeReference@3615a4c5
2026-02-08T09:05:31.625+01:00 DEBUG 3864 --- [restartedMain] org.hibernate.type.BasicTypeRegistry     : Adding type registration imm_serializable -> org.hibernate.type.BasicTypeReference@78b84d34
2026-02-08T09:05:31.642+01:00  INFO 3864 --- [restartedMain] com.zaxxer.hikari.HikariDataSource       : HikariPool-1 - Starting...
2026-02-08T09:05:32.656+01:00 ERROR 3864 --- [restartedMain] com.zaxxer.hikari.pool.HikariPool        : HikariPool-1 - Exception during pool initialization.

com.mysql.cj.jdbc.exceptions.CommunicationsException: Communications link failure

The last packet sent successfully to the server was 0 milliseconds ago. The driver has not received any packets from the server.
	at com.mysql.cj.jdbc.exceptions.SQLError.createCommunicationsException(SQLError.java:174) ~[mysql-connector-j-8.0.31.jar:8.0.31]
	at com.mysql.cj.jdbc.exceptions.SQLExceptionsMapping.translateException(SQLExceptionsMapping.java:64) ~[mysql-connector-j-8.0.31.jar:8.0.31]
	at com.mysql.cj.jdbc.ConnectionImpl.createNewIO(ConnectionImpl.java:828) ~[mysql-connector-j-8.0.31.jar:8.0.31]
	at com.mysql.cj.jdbc.ConnectionImpl.<init>(ConnectionImpl.java:448) ~[mysql-connector-j-8.0.31.jar:8.0.31]
	at com.mysql.cj.jdbc.ConnectionImpl.getInstance(ConnectionImpl.java:241) ~[mysql-connector-j-8.0.31.jar:8.0.31]
	at com.mysql.cj.jdbc.NonRegisteringDriver.connect(NonRegisteringDriver.java:198) ~[mysql-connector-j-8.0.31.jar:8.0.31]
	at com.zaxxer.hikari.util.DriverDataSource.getConnection(DriverDataSource.java:138) ~[HikariCP-5.0.1.jar:na]
	at com.zaxxer.hikari.pool.PoolBase.newConnection(PoolBase.java:359) ~[HikariCP-5.0.1.jar:na]
	at com.zaxxer.hikari.pool.PoolBase.newPoolEntry(PoolBase.java:201) ~[HikariCP-5.0.1.jar:na]
	at com.zaxxer.hikari.pool.HikariPool.createPoolEntry(HikariPool.java:470) ~[HikariCP-5.0.1.jar:na]
	at com.zaxxer.hikari.pool.HikariPool.checkFailFast(HikariPool.java:561) ~[HikariCP-5.0.1.jar:na]
	at com.zaxxer.hikari.pool.HikariPool.<init>(HikariPool.java:100) ~[HikariCP-5.0.1.jar:na]
	at com.zaxxer.hikari.HikariDataSource.getConnection(HikariDataSource.java:112) ~[HikariCP-5.0.1.jar:na]
	at org.hibernate.engine.jdbc.connections.internal.DatasourceConnectionProviderImpl.getConnection(DatasourceConnectionProviderImpl.java:122) ~[hibernate-core-6.1.5.Final.jar:6.1.5.Final]
	at org.hibernate.engine.jdbc.env.internal.JdbcEnvironmentInitiator$ConnectionProviderJdbcConnectionAccess.obtainConnection(JdbcEnvironmentInitiator.java:284) ~[hibernate-core-6.1.5.Final.jar:6.1.5.Final]
	at org.hibernate.engine.jdbc.env.internal.JdbcEnvironmentInitiator.initiateService(JdbcEnvironmentInitiator.java:177) ~[hibernate-core-6.1.5.Final.jar:6.1.5.Final]
	at org.hibernate.engine.jdbc.env.internal.JdbcEnvironmentInitiator.initiateService(JdbcEnvironmentInitiator.java:36) ~[hibernate-core-6.1.5.Final.jar:6.1.5.Final]
	at org.hibernate.boot.registry.internal.StandardServiceRegistryImpl.initiateService(StandardServiceRegistryImpl.java:119) ~[hibernate-core-6.1.5.Final.jar:6.1.5.Final]
	at org.hibernate.service.internal.AbstractServiceRegistryImpl.createService(AbstractServiceRegistryImpl.java:255) ~[hibernate-core-6.1.5.Final.jar:6.1.5.Final]
	at org.hibernate.service.internal.AbstractServiceRegistryImpl.initializeService(AbstractServiceRegistryImpl.java:230) ~[hibernate-core-6.1.5.Final.jar:6.1.5.Final]
	at org.hibernate.service.internal.AbstractServiceRegistryImpl.getService(AbstractServiceRegistryImpl.java:207) ~[hibernate-core-6.1.5.Final.jar:6.1.5.Final]
	at org.hibernate.boot.model.relational.Database.<init>(Database.java:44) ~[hibernate-core-6.1.5.Final.jar:6.1.5.Final]
	at org.hibernate.boot.internal.InFlightMetadataCollectorImpl.getDatabase(InFlightMetadataCollectorImpl.java:218) ~[hibernate-core-6.1.5.Final.jar:6.1.5.Final]
	at org.hibernate.boot.internal.InFlightMetadataCollectorImpl.<init>(InFlightMetadataCollectorImpl.java:191) ~[hibernate-core-6.1.5.Final.jar:6.1.5.Final]
	at org.hibernate.boot.model.process.spi.MetadataBuildingProcess.complete(MetadataBuildingProcess.java:138) ~[hibernate-core-6.1.5.Final.jar:6.1.5.Final]
	at org.hibernate.jpa.boot.internal.EntityManagerFactoryBuilderImpl.metadata(EntityManagerFactoryBuilderImpl.java:1350) ~[hibernate-core-6.1.5.Final.jar:6.1.5.Final]
	at org.hibernate.jpa.boot.internal.EntityManagerFactoryBuilderImpl.build(EntityManagerFactoryBuilderImpl.java:1421) ~[hibernate-core-6.1.5.Final.jar:6.1.5.Final]
	at org.springframework.orm.jpa.vendor.SpringHibernateJpaPersistenceProvider.createContainerEntityManagerFactory(SpringHibernateJpaPersistenceProvider.java:66) ~[spring-orm-6.0.2.jar:6.0.2]
	at org.springframework.orm.jpa.LocalContainerEntityManagerFactoryBean.createNativeEntityManagerFactory(LocalContainerEntityManagerFactoryBean.java:376) ~[spring-orm-6.0.2.jar:6.0.2]
	at org.springframework.orm.jpa.AbstractEntityManagerFactoryBean.buildNativeEntityManagerFactory(AbstractEntityManagerFactoryBean.java:409) ~[spring-orm-6.0.2.jar:6.0.2]
	at org.springframework.orm.jpa.AbstractEntityManagerFactoryBean.afterPropertiesSet(AbstractEntityManagerFactoryBean.java:396) ~[spring-orm-6.0.2.jar:6.0.2]
	at org.springframework.orm.jpa.LocalContainerEntityManagerFactoryBean.afterPropertiesSet(LocalContainerEntityManagerFactoryBean.java:352) ~[spring-orm-6.0.2.jar:6.0.2]
	at org.springframework.beans.factory.support.AbstractAutowireCapableBeanFactory.invokeInitMethods(AbstractAutowireCapableBeanFactory.java:1797) ~[spring-beans-6.0.2.jar:6.0.2]
	at org.springframework.beans.factory.support.AbstractAutowireCapableBeanFactory.initializeBean(AbstractAutowireCapableBeanFactory.java:1747) ~[spring-beans-6.0.2.jar:6.0.2]
	at org.springframework.beans.factory.support.AbstractAutowireCapableBeanFactory.doCreateBean(AbstractAutowireCapableBeanFactory.java:599) ~[spring-beans-6.0.2.jar:6.0.2]
	at org.springframework.beans.factory.support.AbstractAutowireCapableBeanFactory.createBean(AbstractAutowireCapableBeanFactory.java:521) ~[spring-beans-6.0.2.jar:6.0.2]
	at org.springframework.beans.factory.support.AbstractBeanFactory.lambda$doGetBean$0(AbstractBeanFactory.java:326) ~[spring-beans-6.0.2.jar:6.0.2]
	at org.springframework.beans.factory.support.DefaultSingletonBeanRegistry.getSingleton(DefaultSingletonBeanRegistry.java:234) ~[spring-beans-6.0.2.jar:6.0.2]
	at org.springframework.beans.factory.support.AbstractBeanFactory.doGetBean(AbstractBeanFactory.java:324) ~[spring-beans-6.0.2.jar:6.0.2]
	at org.springframework.beans.factory.support.AbstractBeanFactory.getBean(AbstractBeanFactory.java:200) ~[spring-beans-6.0.2.jar:6.0.2]
	at org.springframework.context.support.AbstractApplicationContext.getBean(AbstractApplicationContext.java:1130) ~[spring-context-6.0.2.jar:6.0.2]
	at org.springframework.context.support.AbstractApplicationContext.finishBeanFactoryInitialization(AbstractApplicationContext.java:905) ~[spring-context-6.0.2.jar:6.0.2]
	at org.springframework.context.support.AbstractApplicationContext.refresh(AbstractApplicationContext.java:584) ~[spring-context-6.0.2.jar:6.0.2]
	at org.springframework.boot.web.servlet.context.ServletWebServerApplicationContext.refresh(ServletWebServerApplicationContext.java:146) ~[spring-boot-3.0.0.jar:3.0.0]
	at org.springframework.boot.SpringApplication.refresh(SpringApplication.java:730) ~[spring-boot-3.0.0.jar:3.0.0]
	at org.springframework.boot.SpringApplication.refreshContext(SpringApplication.java:432) ~[spring-boot-3.0.0.jar:3.0.0]
	at org.springframework.boot.SpringApplication.run(SpringApplication.java:308) ~[spring-boot-3.0.0.jar:3.0.0]
	at org.springframework.boot.SpringApplication.run(SpringApplication.java:1302) ~[spring-boot-3.0.0.jar:3.0.0]
	at org.springframework.boot.SpringApplication.run(SpringApplication.java:1291) ~[spring-boot-3.0.0.jar:3.0.0]
	at com.example.livapp.JenkinsApplication.main(JenkinsApplication.java:10) ~[classes/:na]
	at java.base/jdk.internal.reflect.DirectMethodHandleAccessor.invoke(DirectMethodHandleAccessor.java:103) ~[na:na]
	at java.base/java.lang.reflect.Method.invoke(Method.java:580) ~[na:na]
	at org.springframework.boot.devtools.restart.RestartLauncher.run(RestartLauncher.java:49) ~[spring-boot-devtools-3.0.0.jar:3.0.0]
Caused by: com.mysql.cj.exceptions.CJCommunicationsException: Communications link failure

The last packet sent successfully to the server was 0 milliseconds ago. The driver has not received any packets from the server.
	at java.base/jdk.internal.reflect.DirectConstructorHandleAccessor.newInstance(DirectConstructorHandleAccessor.java:62) ~[na:na]
	at java.base/java.lang.reflect.Constructor.newInstanceWithCaller(Constructor.java:502) ~[na:na]
	at java.base/java.lang.reflect.Constructor.newInstance(Constructor.java:486) ~[na:na]
	at com.mysql.cj.exceptions.ExceptionFactory.createException(ExceptionFactory.java:61) ~[mysql-connector-j-8.0.31.jar:8.0.31]
	at com.mysql.cj.exceptions.ExceptionFactory.createException(ExceptionFactory.java:105) ~[mysql-connector-j-8.0.31.jar:8.0.31]
	at com.mysql.cj.exceptions.ExceptionFactory.createException(ExceptionFactory.java:151) ~[mysql-connector-j-8.0.31.jar:8.0.31]
	at com.mysql.cj.exceptions.ExceptionFactory.createCommunicationsException(ExceptionFactory.java:167) ~[mysql-connector-j-8.0.31.jar:8.0.31]
	at com.mysql.cj.protocol.a.NativeSocketConnection.connect(NativeSocketConnection.java:89) ~[mysql-connector-j-8.0.31.jar:8.0.31]
	at com.mysql.cj.NativeSession.connect(NativeSession.java:120) ~[mysql-connector-j-8.0.31.jar:8.0.31]
	at com.mysql.cj.jdbc.ConnectionImpl.connectOneTryOnly(ConnectionImpl.java:948) ~[mysql-connector-j-8.0.31.jar:8.0.31]
	at com.mysql.cj.jdbc.ConnectionImpl.createNewIO(ConnectionImpl.java:818) ~[mysql-connector-j-8.0.31.jar:8.0.31]
	... 50 common frames omitted
Caused by: java.net.ConnectException: Connection refused: getsockopt
	at java.base/sun.nio.ch.Net.pollConnect(Native Method) ~[na:na]
	at java.base/sun.nio.ch.Net.pollConnectNow(Net.java:682) ~[na:na]
	at java.base/sun.nio.ch.NioSocketImpl.timedFinishConnect(NioSocketImpl.java:542) ~[na:na]
	at java.base/sun.nio.ch.NioSocketImpl.connect(NioSocketImpl.java:592) ~[na:na]
	at java.base/java.net.SocksSocketImpl.connect(SocksSocketImpl.java:327) ~[na:na]
	at java.base/java.net.Socket.connect(Socket.java:751) ~[na:na]
	at com.mysql.cj.protocol.StandardSocketFactory.connect(StandardSocketFactory.java:153) ~[mysql-connector-j-8.0.31.jar:8.0.31]
	at com.mysql.cj.protocol.a.NativeSocketConnection.connect(NativeSocketConnection.java:63) ~[mysql-connector-j-8.0.31.jar:8.0.31]
	... 53 common frames omitted

2026-02-08T09:05:32.659+01:00  WARN 3864 --- [restartedMain] o.h.e.j.e.i.JdbcEnvironmentInitiator     : HHH000342: Could not obtain connection to query metadata

com.mysql.cj.jdbc.exceptions.CommunicationsException: Communications link failure

The last packet sent successfully to the server was 0 milliseconds ago. The driver has not received any packets from the server.
	at com.mysql.cj.jdbc.exceptions.SQLError.createCommunicationsException(SQLError.java:174) ~[mysql-connector-j-8.0.31.jar:8.0.31]
	at com.mysql.cj.jdbc.exceptions.SQLExceptionsMapping.translateException(SQLExceptionsMapping.java:64) ~[mysql-connector-j-8.0.31.jar:8.0.31]
	at com.mysql.cj.jdbc.ConnectionImpl.createNewIO(ConnectionImpl.java:828) ~[mysql-connector-j-8.0.31.jar:8.0.31]
	at com.mysql.cj.jdbc.ConnectionImpl.<init>(ConnectionImpl.java:448) ~[mysql-connector-j-8.0.31.jar:8.0.31]
	at com.mysql.cj.jdbc.ConnectionImpl.getInstance(ConnectionImpl.java:241) ~[mysql-connector-j-8.0.31.jar:8.0.31]
	at com.mysql.cj.jdbc.NonRegisteringDriver.connect(NonRegisteringDriver.java:198) ~[mysql-connector-j-8.0.31.jar:8.0.31]
	at com.zaxxer.hikari.util.DriverDataSource.getConnection(DriverDataSource.java:138) ~[HikariCP-5.0.1.jar:na]
	at com.zaxxer.hikari.pool.PoolBase.newConnection(PoolBase.java:359) ~[HikariCP-5.0.1.jar:na]
	at com.zaxxer.hikari.pool.PoolBase.newPoolEntry(PoolBase.java:201) ~[HikariCP-5.0.1.jar:na]
	at com.zaxxer.hikari.pool.HikariPool.createPoolEntry(HikariPool.java:470) ~[HikariCP-5.0.1.jar:na]
	at com.zaxxer.hikari.pool.HikariPool.checkFailFast(HikariPool.java:561) ~[HikariCP-5.0.1.jar:na]
	at com.zaxxer.hikari.pool.HikariPool.<init>(HikariPool.java:100) ~[HikariCP-5.0.1.jar:na]
	at com.zaxxer.hikari.HikariDataSource.getConnection(HikariDataSource.java:112) ~[HikariCP-5.0.1.jar:na]
	at org.hibernate.engine.jdbc.connections.internal.DatasourceConnectionProviderImpl.getConnection(DatasourceConnectionProviderImpl.java:122) ~[hibernate-core-6.1.5.Final.jar:6.1.5.Final]
	at org.hibernate.engine.jdbc.env.internal.JdbcEnvironmentInitiator$ConnectionProviderJdbcConnectionAccess.obtainConnection(JdbcEnvironmentInitiator.java:284) ~[hibernate-core-6.1.5.Final.jar:6.1.5.Final]
	at org.hibernate.engine.jdbc.env.internal.JdbcEnvironmentInitiator.initiateService(JdbcEnvironmentInitiator.java:177) ~[hibernate-core-6.1.5.Final.jar:6.1.5.Final]
	at org.hibernate.engine.jdbc.env.internal.JdbcEnvironmentInitiator.initiateService(JdbcEnvironmentInitiator.java:36) ~[hibernate-core-6.1.5.Final.jar:6.1.5.Final]
	at org.hibernate.boot.registry.internal.StandardServiceRegistryImpl.initiateService(StandardServiceRegistryImpl.java:119) ~[hibernate-core-6.1.5.Final.jar:6.1.5.Final]
	at org.hibernate.service.internal.AbstractServiceRegistryImpl.createService(AbstractServiceRegistryImpl.java:255) ~[hibernate-core-6.1.5.Final.jar:6.1.5.Final]
	at org.hibernate.service.internal.AbstractServiceRegistryImpl.initializeService(AbstractServiceRegistryImpl.java:230) ~[hibernate-core-6.1.5.Final.jar:6.1.5.Final]
	at org.hibernate.service.internal.AbstractServiceRegistryImpl.getService(AbstractServiceRegistryImpl.java:207) ~[hibernate-core-6.1.5.Final.jar:6.1.5.Final]
	at org.hibernate.boot.model.relational.Database.<init>(Database.java:44) ~[hibernate-core-6.1.5.Final.jar:6.1.5.Final]
	at org.hibernate.boot.internal.InFlightMetadataCollectorImpl.getDatabase(InFlightMetadataCollectorImpl.java:218) ~[hibernate-core-6.1.5.Final.jar:6.1.5.Final]
	at org.hibernate.boot.internal.InFlightMetadataCollectorImpl.<init>(InFlightMetadataCollectorImpl.java:191) ~[hibernate-core-6.1.5.Final.jar:6.1.5.Final]
	at org.hibernate.boot.model.process.spi.MetadataBuildingProcess.complete(MetadataBuildingProcess.java:138) ~[hibernate-core-6.1.5.Final.jar:6.1.5.Final]
	at org.hibernate.jpa.boot.internal.EntityManagerFactoryBuilderImpl.metadata(EntityManagerFactoryBuilderImpl.java:1350) ~[hibernate-core-6.1.5.Final.jar:6.1.5.Final]
	at org.hibernate.jpa.boot.internal.EntityManagerFactoryBuilderImpl.build(EntityManagerFactoryBuilderImpl.java:1421) ~[hibernate-core-6.1.5.Final.jar:6.1.5.Final]
	at org.springframework.orm.jpa.vendor.SpringHibernateJpaPersistenceProvider.createContainerEntityManagerFactory(SpringHibernateJpaPersistenceProvider.java:66) ~[spring-orm-6.0.2.jar:6.0.2]
	at org.springframework.orm.jpa.LocalContainerEntityManagerFactoryBean.createNativeEntityManagerFactory(LocalContainerEntityManagerFactoryBean.java:376) ~[spring-orm-6.0.2.jar:6.0.2]
	at org.springframework.orm.jpa.AbstractEntityManagerFactoryBean.buildNativeEntityManagerFactory(AbstractEntityManagerFactoryBean.java:409) ~[spring-orm-6.0.2.jar:6.0.2]
	at org.springframework.orm.jpa.AbstractEntityManagerFactoryBean.afterPropertiesSet(AbstractEntityManagerFactoryBean.java:396) ~[spring-orm-6.0.2.jar:6.0.2]
	at org.springframework.orm.jpa.LocalContainerEntityManagerFactoryBean.afterPropertiesSet(LocalContainerEntityManagerFactoryBean.java:352) ~[spring-orm-6.0.2.jar:6.0.2]
	at org.springframework.beans.factory.support.AbstractAutowireCapableBeanFactory.invokeInitMethods(AbstractAutowireCapableBeanFactory.java:1797) ~[spring-beans-6.0.2.jar:6.0.2]
	at org.springframework.beans.factory.support.AbstractAutowireCapableBeanFactory.initializeBean(AbstractAutowireCapableBeanFactory.java:1747) ~[spring-beans-6.0.2.jar:6.0.2]
	at org.springframework.beans.factory.support.AbstractAutowireCapableBeanFactory.doCreateBean(AbstractAutowireCapableBeanFactory.java:599) ~[spring-beans-6.0.2.jar:6.0.2]
	at org.springframework.beans.factory.support.AbstractAutowireCapableBeanFactory.createBean(AbstractAutowireCapableBeanFactory.java:521) ~[spring-beans-6.0.2.jar:6.0.2]
	at org.springframework.beans.factory.support.AbstractBeanFactory.lambda$doGetBean$0(AbstractBeanFactory.java:326) ~[spring-beans-6.0.2.jar:6.0.2]
	at org.springframework.beans.factory.support.DefaultSingletonBeanRegistry.getSingleton(DefaultSingletonBeanRegistry.java:234) ~[spring-beans-6.0.2.jar:6.0.2]
	at org.springframework.beans.factory.support.AbstractBeanFactory.doGetBean(AbstractBeanFactory.java:324) ~[spring-beans-6.0.2.jar:6.0.2]
	at org.springframework.beans.factory.support.AbstractBeanFactory.getBean(AbstractBeanFactory.java:200) ~[spring-beans-6.0.2.jar:6.0.2]
	at org.springframework.context.support.AbstractApplicationContext.getBean(AbstractApplicationContext.java:1130) ~[spring-context-6.0.2.jar:6.0.2]
	at org.springframework.context.support.AbstractApplicationContext.finishBeanFactoryInitialization(AbstractApplicationContext.java:905) ~[spring-context-6.0.2.jar:6.0.2]
	at org.springframework.context.support.AbstractApplicationContext.refresh(AbstractApplicationContext.java:584) ~[spring-context-6.0.2.jar:6.0.2]
	at org.springframework.boot.web.servlet.context.ServletWebServerApplicationContext.refresh(ServletWebServerApplicationContext.java:146) ~[spring-boot-3.0.0.jar:3.0.0]
	at org.springframework.boot.SpringApplication.refresh(SpringApplication.java:730) ~[spring-boot-3.0.0.jar:3.0.0]
	at org.springframework.boot.SpringApplication.refreshContext(SpringApplication.java:432) ~[spring-boot-3.0.0.jar:3.0.0]
	at org.springframework.boot.SpringApplication.run(SpringApplication.java:308) ~[spring-boot-3.0.0.jar:3.0.0]
	at org.springframework.boot.SpringApplication.run(SpringApplication.java:1302) ~[spring-boot-3.0.0.jar:3.0.0]
	at org.springframework.boot.SpringApplication.run(SpringApplication.java:1291) ~[spring-boot-3.0.0.jar:3.0.0]
	at com.example.livapp.JenkinsApplication.main(JenkinsApplication.java:10) ~[classes/:na]
	at java.base/jdk.internal.reflect.DirectMethodHandleAccessor.invoke(DirectMethodHandleAccessor.java:103) ~[na:na]
	at java.base/java.lang.reflect.Method.invoke(Method.java:580) ~[na:na]
	at org.springframework.boot.devtools.restart.RestartLauncher.run(RestartLauncher.java:49) ~[spring-boot-devtools-3.0.0.jar:3.0.0]
Caused by: com.mysql.cj.exceptions.CJCommunicationsException: Communications link failure

The last packet sent successfully to the server was 0 milliseconds ago. The driver has not received any packets from the server.
	at java.base/jdk.internal.reflect.DirectConstructorHandleAccessor.newInstance(DirectConstructorHandleAccessor.java:62) ~[na:na]
	at java.base/java.lang.reflect.Constructor.newInstanceWithCaller(Constructor.java:502) ~[na:na]
	at java.base/java.lang.reflect.Constructor.newInstance(Constructor.java:486) ~[na:na]
	at com.mysql.cj.exceptions.ExceptionFactory.createException(ExceptionFactory.java:61) ~[mysql-connector-j-8.0.31.jar:8.0.31]
	at com.mysql.cj.exceptions.ExceptionFactory.createException(ExceptionFactory.java:105) ~[mysql-connector-j-8.0.31.jar:8.0.31]
	at com.mysql.cj.exceptions.ExceptionFactory.createException(ExceptionFactory.java:151) ~[mysql-connector-j-8.0.31.jar:8.0.31]
	at com.mysql.cj.exceptions.ExceptionFactory.createCommunicationsException(ExceptionFactory.java:167) ~[mysql-connector-j-8.0.31.jar:8.0.31]
	at com.mysql.cj.protocol.a.NativeSocketConnection.connect(NativeSocketConnection.java:89) ~[mysql-connector-j-8.0.31.jar:8.0.31]
	at com.mysql.cj.NativeSession.connect(NativeSession.java:120) ~[mysql-connector-j-8.0.31.jar:8.0.31]
	at com.mysql.cj.jdbc.ConnectionImpl.connectOneTryOnly(ConnectionImpl.java:948) ~[mysql-connector-j-8.0.31.jar:8.0.31]
	at com.mysql.cj.jdbc.ConnectionImpl.createNewIO(ConnectionImpl.java:818) ~[mysql-connector-j-8.0.31.jar:8.0.31]
	... 50 common frames omitted
Caused by: java.net.ConnectException: Connection refused: getsockopt
	at java.base/sun.nio.ch.Net.pollConnect(Native Method) ~[na:na]
	at java.base/sun.nio.ch.Net.pollConnectNow(Net.java:682) ~[na:na]
	at java.base/sun.nio.ch.NioSocketImpl.timedFinishConnect(NioSocketImpl.java:542) ~[na:na]
	at java.base/sun.nio.ch.NioSocketImpl.connect(NioSocketImpl.java:592) ~[na:na]
	at java.base/java.net.SocksSocketImpl.connect(SocksSocketImpl.java:327) ~[na:na]
	at java.base/java.net.Socket.connect(Socket.java:751) ~[na:na]
	at com.mysql.cj.protocol.StandardSocketFactory.connect(StandardSocketFactory.java:153) ~[mysql-connector-j-8.0.31.jar:8.0.31]
	at com.mysql.cj.protocol.a.NativeSocketConnection.connect(NativeSocketConnection.java:63) ~[mysql-connector-j-8.0.31.jar:8.0.31]
	... 53 common frames omitted

2026-02-08T09:05:32.662+01:00 ERROR 3864 --- [restartedMain] j.LocalContainerEntityManagerFactoryBean : Failed to initialize JPA EntityManagerFactory: Unable to create requested service [org.hibernate.engine.jdbc.env.spi.JdbcEnvironment]
2026-02-08T09:05:32.662+01:00  WARN 3864 --- [restartedMain] ConfigServletWebServerApplicationContext : Exception encountered during context initialization - cancelling refresh attempt: org.springframework.beans.factory.BeanCreationException: Error creating bean with name 'entityManagerFactory' defined in class path resource [org/springframework/boot/autoconfigure/orm/jpa/HibernateJpaConfiguration.class]: Unable to create requested service [org.hibernate.engine.jdbc.env.spi.JdbcEnvironment]
2026-02-08T09:05:32.664+01:00  INFO 3864 --- [restartedMain] o.apache.catalina.core.StandardService   : Stopping service [Tomcat]
2026-02-08T09:05:32.673+01:00  INFO 3864 --- [restartedMain] .s.b.a.l.ConditionEvaluationReportLogger : 

Error starting ApplicationContext. To display the condition evaluation report re-run your application with 'debug' enabled.
2026-02-08T09:05:32.686+01:00 ERROR 3864 --- [restartedMain] o.s.boot.SpringApplication               : Application run failed

org.springframework.beans.factory.BeanCreationException: Error creating bean with name 'entityManagerFactory' defined in class path resource [org/springframework/boot/autoconfigure/orm/jpa/HibernateJpaConfiguration.class]: Unable to create requested service [org.hibernate.engine.jdbc.env.spi.JdbcEnvironment]
	at org.springframework.beans.factory.support.AbstractAutowireCapableBeanFactory.initializeBean(AbstractAutowireCapableBeanFactory.java:1751) ~[spring-beans-6.0.2.jar:6.0.2]
	at org.springframework.beans.factory.support.AbstractAutowireCapableBeanFactory.doCreateBean(AbstractAutowireCapableBeanFactory.java:599) ~[spring-beans-6.0.2.jar:6.0.2]
	at org.springframework.beans.factory.support.AbstractAutowireCapableBeanFactory.createBean(AbstractAutowireCapableBeanFactory.java:521) ~[spring-beans-6.0.2.jar:6.0.2]
	at org.springframework.beans.factory.support.AbstractBeanFactory.lambda$doGetBean$0(AbstractBeanFactory.java:326) ~[spring-beans-6.0.2.jar:6.0.2]
	at org.springframework.beans.factory.support.DefaultSingletonBeanRegistry.getSingleton(DefaultSingletonBeanRegistry.java:234) ~[spring-beans-6.0.2.jar:6.0.2]
	at org.springframework.beans.factory.support.AbstractBeanFactory.doGetBean(AbstractBeanFactory.java:324) ~[spring-beans-6.0.2.jar:6.0.2]
	at org.springframework.beans.factory.support.AbstractBeanFactory.getBean(AbstractBeanFactory.java:200) ~[spring-beans-6.0.2.jar:6.0.2]
	at org.springframework.context.support.AbstractApplicationContext.getBean(AbstractApplicationContext.java:1130) ~[spring-context-6.0.2.jar:6.0.2]
	at org.springframework.context.support.AbstractApplicationContext.finishBeanFactoryInitialization(AbstractApplicationContext.java:905) ~[spring-context-6.0.2.jar:6.0.2]
	at org.springframework.context.support.AbstractApplicationContext.refresh(AbstractApplicationContext.java:584) ~[spring-context-6.0.2.jar:6.0.2]
	at org.springframework.boot.web.servlet.context.ServletWebServerApplicationContext.refresh(ServletWebServerApplicationContext.java:146) ~[spring-boot-3.0.0.jar:3.0.0]
	at org.springframework.boot.SpringApplication.refresh(SpringApplication.java:730) ~[spring-boot-3.0.0.jar:3.0.0]
	at org.springframework.boot.SpringApplication.refreshContext(SpringApplication.java:432) ~[spring-boot-3.0.0.jar:3.0.0]
	at org.springframework.boot.SpringApplication.run(SpringApplication.java:308) ~[spring-boot-3.0.0.jar:3.0.0]
	at org.springframework.boot.SpringApplication.run(SpringApplication.java:1302) ~[spring-boot-3.0.0.jar:3.0.0]
	at org.springframework.boot.SpringApplication.run(SpringApplication.java:1291) ~[spring-boot-3.0.0.jar:3.0.0]
	at com.example.livapp.JenkinsApplication.main(JenkinsApplication.java:10) ~[classes/:na]
	at java.base/jdk.internal.reflect.DirectMethodHandleAccessor.invoke(DirectMethodHandleAccessor.java:103) ~[na:na]
	at java.base/java.lang.reflect.Method.invoke(Method.java:580) ~[na:na]
	at org.springframework.boot.devtools.restart.RestartLauncher.run(RestartLauncher.java:49) ~[spring-boot-devtools-3.0.0.jar:3.0.0]
Caused by: org.hibernate.service.spi.ServiceException: Unable to create requested service [org.hibernate.engine.jdbc.env.spi.JdbcEnvironment]
	at org.hibernate.service.internal.AbstractServiceRegistryImpl.createService(AbstractServiceRegistryImpl.java:267) ~[hibernate-core-6.1.5.Final.jar:6.1.5.Final]
	at org.hibernate.service.internal.AbstractServiceRegistryImpl.initializeService(AbstractServiceRegistryImpl.java:230) ~[hibernate-core-6.1.5.Final.jar:6.1.5.Final]
	at org.hibernate.service.internal.AbstractServiceRegistryImpl.getService(AbstractServiceRegistryImpl.java:207) ~[hibernate-core-6.1.5.Final.jar:6.1.5.Final]
	at org.hibernate.boot.model.relational.Database.<init>(Database.java:44) ~[hibernate-core-6.1.5.Final.jar:6.1.5.Final]
	at org.hibernate.boot.internal.InFlightMetadataCollectorImpl.getDatabase(InFlightMetadataCollectorImpl.java:218) ~[hibernate-core-6.1.5.Final.jar:6.1.5.Final]
	at org.hibernate.boot.internal.InFlightMetadataCollectorImpl.<init>(InFlightMetadataCollectorImpl.java:191) ~[hibernate-core-6.1.5.Final.jar:6.1.5.Final]
	at org.hibernate.boot.model.process.spi.MetadataBuildingProcess.complete(MetadataBuildingProcess.java:138) ~[hibernate-core-6.1.5.Final.jar:6.1.5.Final]
	at org.hibernate.jpa.boot.internal.EntityManagerFactoryBuilderImpl.metadata(EntityManagerFactoryBuilderImpl.java:1350) ~[hibernate-core-6.1.5.Final.jar:6.1.5.Final]
	at org.hibernate.jpa.boot.internal.EntityManagerFactoryBuilderImpl.build(EntityManagerFactoryBuilderImpl.java:1421) ~[hibernate-core-6.1.5.Final.jar:6.1.5.Final]
	at org.springframework.orm.jpa.vendor.SpringHibernateJpaPersistenceProvider.createContainerEntityManagerFactory(SpringHibernateJpaPersistenceProvider.java:66) ~[spring-orm-6.0.2.jar:6.0.2]
	at org.springframework.orm.jpa.LocalContainerEntityManagerFactoryBean.createNativeEntityManagerFactory(LocalContainerEntityManagerFactoryBean.java:376) ~[spring-orm-6.0.2.jar:6.0.2]
	at org.springframework.orm.jpa.AbstractEntityManagerFactoryBean.buildNativeEntityManagerFactory(AbstractEntityManagerFactoryBean.java:409) ~[spring-orm-6.0.2.jar:6.0.2]
	at org.springframework.orm.jpa.AbstractEntityManagerFactoryBean.afterPropertiesSet(AbstractEntityManagerFactoryBean.java:396) ~[spring-orm-6.0.2.jar:6.0.2]
	at org.springframework.orm.jpa.LocalContainerEntityManagerFactoryBean.afterPropertiesSet(LocalContainerEntityManagerFactoryBean.java:352) ~[spring-orm-6.0.2.jar:6.0.2]
	at org.springframework.beans.factory.support.AbstractAutowireCapableBeanFactory.invokeInitMethods(AbstractAutowireCapableBeanFactory.java:1797) ~[spring-beans-6.0.2.jar:6.0.2]
	at org.springframework.beans.factory.support.AbstractAutowireCapableBeanFactory.initializeBean(AbstractAutowireCapableBeanFactory.java:1747) ~[spring-beans-6.0.2.jar:6.0.2]
	... 19 common frames omitted
Caused by: org.hibernate.HibernateException: Unable to determine Dialect without JDBC metadata (please set 'javax.persistence.jdbc.url', 'hibernate.connection.url', or 'hibernate.dialect')
	at org.hibernate.engine.jdbc.dialect.internal.DialectFactoryImpl.determineDialect(DialectFactoryImpl.java:147) ~[hibernate-core-6.1.5.Final.jar:6.1.5.Final]
	at org.hibernate.engine.jdbc.dialect.internal.DialectFactoryImpl.buildDialect(DialectFactoryImpl.java:60) ~[hibernate-core-6.1.5.Final.jar:6.1.5.Final]
	at org.hibernate.engine.jdbc.env.internal.JdbcEnvironmentInitiator.initiateService(JdbcEnvironmentInitiator.java:244) ~[hibernate-core-6.1.5.Final.jar:6.1.5.Final]
	at org.hibernate.engine.jdbc.env.internal.JdbcEnvironmentInitiator.initiateService(JdbcEnvironmentInitiator.java:36) ~[hibernate-core-6.1.5.Final.jar:6.1.5.Final]
	at org.hibernate.boot.registry.internal.StandardServiceRegistryImpl.initiateService(StandardServiceRegistryImpl.java:119) ~[hibernate-core-6.1.5.Final.jar:6.1.5.Final]
	at org.hibernate.service.internal.AbstractServiceRegistryImpl.createService(AbstractServiceRegistryImpl.java:255) ~[hibernate-core-6.1.5.Final.jar:6.1.5.Final]
	... 34 common frames omitted

2026-02-08T09:05:46.309+01:00  INFO 12488 --- [restartedMain] com.example.livapp.JenkinsApplication    : Starting JenkinsApplication using Java 21.0.8 with PID 12488 (C:\Users\ESI\IdeaProjects\jenkins\target\classes started by ESI in C:\Users\ESI\IdeaProjects\jenkins)
2026-02-08T09:05:46.310+01:00  INFO 12488 --- [restartedMain] com.example.livapp.JenkinsApplication    : No active profile set, falling back to 1 default profile: "default"
2026-02-08T09:05:46.345+01:00  INFO 12488 --- [restartedMain] .e.DevToolsPropertyDefaultsPostProcessor : Devtools property defaults active! Set 'spring.devtools.add-properties' to 'false' to disable
2026-02-08T09:05:46.345+01:00  INFO 12488 --- [restartedMain] .e.DevToolsPropertyDefaultsPostProcessor : For additional web related logging consider setting the 'logging.level.web' property to 'DEBUG'
2026-02-08T09:05:47.066+01:00  INFO 12488 --- [restartedMain] .s.d.r.c.RepositoryConfigurationDelegate : Bootstrapping Spring Data JPA repositories in DEFAULT mode.
2026-02-08T09:05:47.162+01:00  INFO 12488 --- [restartedMain] .s.d.r.c.RepositoryConfigurationDelegate : Finished Spring Data repository scanning in 93 ms. Found 27 JPA repository interfaces.
2026-02-08T09:05:47.565+01:00  INFO 12488 --- [restartedMain] o.s.b.w.embedded.tomcat.TomcatWebServer  : Tomcat initialized with port(s): 8080 (http)
2026-02-08T09:05:47.571+01:00  INFO 12488 --- [restartedMain] o.apache.catalina.core.StandardService   : Starting service [Tomcat]
2026-02-08T09:05:47.571+01:00  INFO 12488 --- [restartedMain] o.apache.catalina.core.StandardEngine    : Starting Servlet engine: [Apache Tomcat/10.1.1]
2026-02-08T09:05:47.603+01:00  INFO 12488 --- [restartedMain] o.a.c.c.C.[Tomcat].[localhost].[/]       : Initializing Spring embedded WebApplicationContext
2026-02-08T09:05:47.603+01:00  INFO 12488 --- [restartedMain] w.s.c.ServletWebServerApplicationContext : Root WebApplicationContext: initialization completed in 1258 ms
2026-02-08T09:05:47.673+01:00  INFO 12488 --- [restartedMain] com.zaxxer.hikari.HikariDataSource       : HikariPool-1 - Starting...
2026-02-08T09:05:48.775+01:00 ERROR 12488 --- [restartedMain] com.zaxxer.hikari.pool.HikariPool        : HikariPool-1 - Exception during pool initialization.

com.mysql.cj.jdbc.exceptions.CommunicationsException: Communications link failure

The last packet sent successfully to the server was 0 milliseconds ago. The driver has not received any packets from the server.
	at com.mysql.cj.jdbc.exceptions.SQLError.createCommunicationsException(SQLError.java:174) ~[mysql-connector-j-8.0.31.jar:8.0.31]
	at com.mysql.cj.jdbc.exceptions.SQLExceptionsMapping.translateException(SQLExceptionsMapping.java:64) ~[mysql-connector-j-8.0.31.jar:8.0.31]
	at com.mysql.cj.jdbc.ConnectionImpl.createNewIO(ConnectionImpl.java:828) ~[mysql-connector-j-8.0.31.jar:8.0.31]
	at com.mysql.cj.jdbc.ConnectionImpl.<init>(ConnectionImpl.java:448) ~[mysql-connector-j-8.0.31.jar:8.0.31]
	at com.mysql.cj.jdbc.ConnectionImpl.getInstance(ConnectionImpl.java:241) ~[mysql-connector-j-8.0.31.jar:8.0.31]
	at com.mysql.cj.jdbc.NonRegisteringDriver.connect(NonRegisteringDriver.java:198) ~[mysql-connector-j-8.0.31.jar:8.0.31]
	at com.zaxxer.hikari.util.DriverDataSource.getConnection(DriverDataSource.java:138) ~[HikariCP-5.0.1.jar:na]
	at com.zaxxer.hikari.pool.PoolBase.newConnection(PoolBase.java:359) ~[HikariCP-5.0.1.jar:na]
	at com.zaxxer.hikari.pool.PoolBase.newPoolEntry(PoolBase.java:201) ~[HikariCP-5.0.1.jar:na]
	at com.zaxxer.hikari.pool.HikariPool.createPoolEntry(HikariPool.java:470) ~[HikariCP-5.0.1.jar:na]
	at com.zaxxer.hikari.pool.HikariPool.checkFailFast(HikariPool.java:561) ~[HikariCP-5.0.1.jar:na]
	at com.zaxxer.hikari.pool.HikariPool.<init>(HikariPool.java:100) ~[HikariCP-5.0.1.jar:na]
	at com.zaxxer.hikari.HikariDataSource.getConnection(HikariDataSource.java:112) ~[HikariCP-5.0.1.jar:na]
	at org.springframework.boot.autoconfigure.h2.H2ConsoleAutoConfiguration.getConnectionUrl(H2ConsoleAutoConfiguration.java:94) ~[spring-boot-autoconfigure-3.0.0.jar:3.0.0]
	at java.base/java.util.stream.ReferencePipeline$3$1.accept(ReferencePipeline.java:197) ~[na:na]
	at java.base/java.util.ArrayList.forEach(ArrayList.java:1596) ~[na:na]
	at java.base/java.util.stream.SortedOps$RefSortingSink.end(SortedOps.java:395) ~[na:na]
	at java.base/java.util.stream.Sink$ChainedReference.end(Sink.java:261) ~[na:na]
	at java.base/java.util.stream.Sink$ChainedReference.end(Sink.java:261) ~[na:na]
	at java.base/java.util.stream.AbstractPipeline.copyInto(AbstractPipeline.java:510) ~[na:na]
	at java.base/java.util.stream.AbstractPipeline.wrapAndCopyInto(AbstractPipeline.java:499) ~[na:na]
	at java.base/java.util.stream.AbstractPipeline.evaluate(AbstractPipeline.java:575) ~[na:na]
	at java.base/java.util.stream.AbstractPipeline.evaluateToArrayNode(AbstractPipeline.java:260) ~[na:na]
	at java.base/java.util.stream.ReferencePipeline.toArray(ReferencePipeline.java:616) ~[na:na]
	at java.base/java.util.stream.ReferencePipeline.toArray(ReferencePipeline.java:622) ~[na:na]
	at java.base/java.util.stream.ReferencePipeline.toList(ReferencePipeline.java:627) ~[na:na]
	at org.springframework.boot.autoconfigure.h2.H2ConsoleAutoConfiguration.logDataSources(H2ConsoleAutoConfiguration.java:86) ~[spring-boot-autoconfigure-3.0.0.jar:3.0.0]
	at org.springframework.boot.autoconfigure.h2.H2ConsoleAutoConfiguration.lambda$h2Console$0(H2ConsoleAutoConfiguration.java:69) ~[spring-boot-autoconfigure-3.0.0.jar:3.0.0]
	at org.springframework.boot.autoconfigure.h2.H2ConsoleAutoConfiguration.withThreadContextClassLoader(H2ConsoleAutoConfiguration.java:78) ~[spring-boot-autoconfigure-3.0.0.jar:3.0.0]
	at org.springframework.boot.autoconfigure.h2.H2ConsoleAutoConfiguration.h2Console(H2ConsoleAutoConfiguration.java:69) ~[spring-boot-autoconfigure-3.0.0.jar:3.0.0]
	at java.base/jdk.internal.reflect.DirectMethodHandleAccessor.invoke(DirectMethodHandleAccessor.java:103) ~[na:na]
	at java.base/java.lang.reflect.Method.invoke(Method.java:580) ~[na:na]
	at org.springframework.beans.factory.support.SimpleInstantiationStrategy.instantiate(SimpleInstantiationStrategy.java:139) ~[spring-beans-6.0.2.jar:6.0.2]
	at org.springframework.beans.factory.support.ConstructorResolver.instantiate(ConstructorResolver.java:648) ~[spring-beans-6.0.2.jar:6.0.2]
	at org.springframework.beans.factory.support.ConstructorResolver.instantiateUsingFactoryMethod(ConstructorResolver.java:640) ~[spring-beans-6.0.2.jar:6.0.2]
	at org.springframework.beans.factory.support.AbstractAutowireCapableBeanFactory.instantiateUsingFactoryMethod(AbstractAutowireCapableBeanFactory.java:1324) ~[spring-beans-6.0.2.jar:6.0.2]
	at org.springframework.beans.factory.support.AbstractAutowireCapableBeanFactory.createBeanInstance(AbstractAutowireCapableBeanFactory.java:1161) ~[spring-beans-6.0.2.jar:6.0.2]
	at org.springframework.beans.factory.support.AbstractAutowireCapableBeanFactory.doCreateBean(AbstractAutowireCapableBeanFactory.java:561) ~[spring-beans-6.0.2.jar:6.0.2]
	at org.springframework.beans.factory.support.AbstractAutowireCapableBeanFactory.createBean(AbstractAutowireCapableBeanFactory.java:521) ~[spring-beans-6.0.2.jar:6.0.2]
	at org.springframework.beans.factory.support.AbstractBeanFactory.lambda$doGetBean$0(AbstractBeanFactory.java:326) ~[spring-beans-6.0.2.jar:6.0.2]
	at org.springframework.beans.factory.support.DefaultSingletonBeanRegistry.getSingleton(DefaultSingletonBeanRegistry.java:234) ~[spring-beans-6.0.2.jar:6.0.2]
	at org.springframework.beans.factory.support.AbstractBeanFactory.doGetBean(AbstractBeanFactory.java:324) ~[spring-beans-6.0.2.jar:6.0.2]
	at org.springframework.beans.factory.support.AbstractBeanFactory.getBean(AbstractBeanFactory.java:205) ~[spring-beans-6.0.2.jar:6.0.2]
	at org.springframework.boot.web.servlet.ServletContextInitializerBeans.getOrderedBeansOfType(ServletContextInitializerBeans.java:208) ~[spring-boot-3.0.0.jar:3.0.0]
	at org.springframework.boot.web.servlet.ServletContextInitializerBeans.getOrderedBeansOfType(ServletContextInitializerBeans.java:199) ~[spring-boot-3.0.0.jar:3.0.0]
	at org.springframework.boot.web.servlet.ServletContextInitializerBeans.addServletContextInitializerBeans(ServletContextInitializerBeans.java:94) ~[spring-boot-3.0.0.jar:3.0.0]
	at org.springframework.boot.web.servlet.ServletContextInitializerBeans.<init>(ServletContextInitializerBeans.java:85) ~[spring-boot-3.0.0.jar:3.0.0]
	at org.springframework.boot.web.servlet.context.ServletWebServerApplicationContext.getServletContextInitializerBeans(ServletWebServerApplicationContext.java:261) ~[spring-boot-3.0.0.jar:3.0.0]
	at org.springframework.boot.web.servlet.context.ServletWebServerApplicationContext.selfInitialize(ServletWebServerApplicationContext.java:235) ~[spring-boot-3.0.0.jar:3.0.0]
	at org.springframework.boot.web.embedded.tomcat.TomcatStarter.onStartup(TomcatStarter.java:52) ~[spring-boot-3.0.0.jar:3.0.0]
	at org.apache.catalina.core.StandardContext.startInternal(StandardContext.java:5153) ~[tomcat-embed-core-10.1.1.jar:10.1.1]
	at org.apache.catalina.util.LifecycleBase.start(LifecycleBase.java:183) ~[tomcat-embed-core-10.1.1.jar:10.1.1]
	at org.apache.catalina.core.ContainerBase$StartChild.call(ContainerBase.java:1396) ~[tomcat-embed-core-10.1.1.jar:10.1.1]
	at org.apache.catalina.core.ContainerBase$StartChild.call(ContainerBase.java:1386) ~[tomcat-embed-core-10.1.1.jar:10.1.1]
	at java.base/java.util.concurrent.FutureTask.run(FutureTask.java:317) ~[na:na]
	at org.apache.tomcat.util.threads.InlineExecutorService.execute(InlineExecutorService.java:75) ~[tomcat-embed-core-10.1.1.jar:10.1.1]
	at java.base/java.util.concurrent.AbstractExecutorService.submit(AbstractExecutorService.java:145) ~[na:na]
	at org.apache.catalina.core.ContainerBase.startInternal(ContainerBase.java:919) ~[tomcat-embed-core-10.1.1.jar:10.1.1]
	at org.apache.catalina.core.StandardHost.startInternal(StandardHost.java:886) ~[tomcat-embed-core-10.1.1.jar:10.1.1]
	at org.apache.catalina.util.LifecycleBase.start(LifecycleBase.java:183) ~[tomcat-embed-core-10.1.1.jar:10.1.1]
	at org.apache.catalina.core.ContainerBase$StartChild.call(ContainerBase.java:1396) ~[tomcat-embed-core-10.1.1.jar:10.1.1]
	at org.apache.catalina.core.ContainerBase$StartChild.call(ContainerBase.java:1386) ~[tomcat-embed-core-10.1.1.jar:10.1.1]
	at java.base/java.util.concurrent.FutureTask.run(FutureTask.java:317) ~[na:na]
	at org.apache.tomcat.util.threads.InlineExecutorService.execute(InlineExecutorService.java:75) ~[tomcat-embed-core-10.1.1.jar:10.1.1]
	at java.base/java.util.concurrent.AbstractExecutorService.submit(AbstractExecutorService.java:145) ~[na:na]
	at org.apache.catalina.core.ContainerBase.startInternal(ContainerBase.java:919) ~[tomcat-embed-core-10.1.1.jar:10.1.1]
	at org.apache.catalina.core.StandardEngine.startInternal(StandardEngine.java:252) ~[tomcat-embed-core-10.1.1.jar:10.1.1]
	at org.apache.catalina.util.LifecycleBase.start(LifecycleBase.java:183) ~[tomcat-embed-core-10.1.1.jar:10.1.1]
	at org.apache.catalina.core.StandardService.startInternal(StandardService.java:432) ~[tomcat-embed-core-10.1.1.jar:10.1.1]
	at org.apache.catalina.util.LifecycleBase.start(LifecycleBase.java:183) ~[tomcat-embed-core-10.1.1.jar:10.1.1]
	at org.apache.catalina.core.StandardServer.startInternal(StandardServer.java:926) ~[tomcat-embed-core-10.1.1.jar:10.1.1]
	at org.apache.catalina.util.LifecycleBase.start(LifecycleBase.java:183) ~[tomcat-embed-core-10.1.1.jar:10.1.1]
	at org.apache.catalina.startup.Tomcat.start(Tomcat.java:485) ~[tomcat-embed-core-10.1.1.jar:10.1.1]
	at org.springframework.boot.web.embedded.tomcat.TomcatWebServer.initialize(TomcatWebServer.java:129) ~[spring-boot-3.0.0.jar:3.0.0]
	at org.springframework.boot.web.embedded.tomcat.TomcatWebServer.<init>(TomcatWebServer.java:110) ~[spring-boot-3.0.0.jar:3.0.0]
	at org.springframework.boot.web.embedded.tomcat.TomcatServletWebServerFactory.getTomcatWebServer(TomcatServletWebServerFactory.java:486) ~[spring-boot-3.0.0.jar:3.0.0]
	at org.springframework.boot.web.embedded.tomcat.TomcatServletWebServerFactory.getWebServer(TomcatServletWebServerFactory.java:210) ~[spring-boot-3.0.0.jar:3.0.0]
	at org.springframework.boot.web.servlet.context.ServletWebServerApplicationContext.createWebServer(ServletWebServerApplicationContext.java:183) ~[spring-boot-3.0.0.jar:3.0.0]
	at org.springframework.boot.web.servlet.context.ServletWebServerApplicationContext.onRefresh(ServletWebServerApplicationContext.java:161) ~[spring-boot-3.0.0.jar:3.0.0]
	at org.springframework.context.support.AbstractApplicationContext.refresh(AbstractApplicationContext.java:578) ~[spring-context-6.0.2.jar:6.0.2]
	at org.springframework.boot.web.servlet.context.ServletWebServerApplicationContext.refresh(ServletWebServerApplicationContext.java:146) ~[spring-boot-3.0.0.jar:3.0.0]
	at org.springframework.boot.SpringApplication.refresh(SpringApplication.java:730) ~[spring-boot-3.0.0.jar:3.0.0]
	at org.springframework.boot.SpringApplication.refreshContext(SpringApplication.java:432) ~[spring-boot-3.0.0.jar:3.0.0]
	at org.springframework.boot.SpringApplication.run(SpringApplication.java:308) ~[spring-boot-3.0.0.jar:3.0.0]
	at org.springframework.boot.SpringApplication.run(SpringApplication.java:1302) ~[spring-boot-3.0.0.jar:3.0.0]
	at org.springframework.boot.SpringApplication.run(SpringApplication.java:1291) ~[spring-boot-3.0.0.jar:3.0.0]
	at com.example.livapp.JenkinsApplication.main(JenkinsApplication.java:10) ~[classes/:na]
	at java.base/jdk.internal.reflect.DirectMethodHandleAccessor.invoke(DirectMethodHandleAccessor.java:103) ~[na:na]
	at java.base/java.lang.reflect.Method.invoke(Method.java:580) ~[na:na]
	at org.springframework.boot.devtools.restart.RestartLauncher.run(RestartLauncher.java:49) ~[spring-boot-devtools-3.0.0.jar:3.0.0]
Caused by: com.mysql.cj.exceptions.CJCommunicationsException: Communications link failure

The last packet sent successfully to the server was 0 milliseconds ago. The driver has not received any packets from the server.
	at java.base/jdk.internal.reflect.DirectConstructorHandleAccessor.newInstance(DirectConstructorHandleAccessor.java:62) ~[na:na]
	at java.base/java.lang.reflect.Constructor.newInstanceWithCaller(Constructor.java:502) ~[na:na]
	at java.base/java.lang.reflect.Constructor.newInstance(Constructor.java:486) ~[na:na]
	at com.mysql.cj.exceptions.ExceptionFactory.createException(ExceptionFactory.java:61) ~[mysql-connector-j-8.0.31.jar:8.0.31]
	at com.mysql.cj.exceptions.ExceptionFactory.createException(ExceptionFactory.java:105) ~[mysql-connector-j-8.0.31.jar:8.0.31]
	at com.mysql.cj.exceptions.ExceptionFactory.createException(ExceptionFactory.java:151) ~[mysql-connector-j-8.0.31.jar:8.0.31]
	at com.mysql.cj.exceptions.ExceptionFactory.createCommunicationsException(ExceptionFactory.java:167) ~[mysql-connector-j-8.0.31.jar:8.0.31]
	at com.mysql.cj.protocol.a.NativeSocketConnection.connect(NativeSocketConnection.java:89) ~[mysql-connector-j-8.0.31.jar:8.0.31]
	at com.mysql.cj.NativeSession.connect(NativeSession.java:120) ~[mysql-connector-j-8.0.31.jar:8.0.31]
	at com.mysql.cj.jdbc.ConnectionImpl.connectOneTryOnly(ConnectionImpl.java:948) ~[mysql-connector-j-8.0.31.jar:8.0.31]
	at com.mysql.cj.jdbc.ConnectionImpl.createNewIO(ConnectionImpl.java:818) ~[mysql-connector-j-8.0.31.jar:8.0.31]
	... 87 common frames omitted
Caused by: java.net.ConnectException: Connection refused: getsockopt
	at java.base/sun.nio.ch.Net.pollConnect(Native Method) ~[na:na]
	at java.base/sun.nio.ch.Net.pollConnectNow(Net.java:682) ~[na:na]
	at java.base/sun.nio.ch.NioSocketImpl.timedFinishConnect(NioSocketImpl.java:542) ~[na:na]
	at java.base/sun.nio.ch.NioSocketImpl.connect(NioSocketImpl.java:592) ~[na:na]
	at java.base/java.net.SocksSocketImpl.connect(SocksSocketImpl.java:327) ~[na:na]
	at java.base/java.net.Socket.connect(Socket.java:751) ~[na:na]
	at com.mysql.cj.protocol.StandardSocketFactory.connect(StandardSocketFactory.java:153) ~[mysql-connector-j-8.0.31.jar:8.0.31]
	at com.mysql.cj.protocol.a.NativeSocketConnection.connect(NativeSocketConnection.java:63) ~[mysql-connector-j-8.0.31.jar:8.0.31]
	... 90 common frames omitted

2026-02-08T09:05:48.881+01:00  INFO 12488 --- [restartedMain] o.hibernate.jpa.internal.util.LogHelper  : HHH000204: Processing PersistenceUnitInfo [name: default]
2026-02-08T09:05:48.904+01:00  INFO 12488 --- [restartedMain] org.hibernate.Version                    : HHH000412: Hibernate ORM core version 6.1.5.Final
2026-02-08T09:05:48.985+01:00  WARN 12488 --- [restartedMain] org.hibernate.orm.deprecation            : HHH90000021: Encountered deprecated setting [javax.persistence.sharedCache.mode], use [jakarta.persistence.sharedCache.mode] instead
2026-02-08T09:05:49.017+01:00 DEBUG 12488 --- [restartedMain] o.h.t.d.jdbc.spi.JdbcTypeRegistry        : addDescriptor(FloatTypeDescriptor) replaced previous registration(DoubleTypeDescriptor)
2026-02-08T09:05:49.022+01:00 DEBUG 12488 --- [restartedMain] org.hibernate.type.BasicTypeRegistry     : Adding type registration boolean -> org.hibernate.type.BasicTypeReference@124b5a89
2026-02-08T09:05:49.022+01:00 DEBUG 12488 --- [restartedMain] org.hibernate.type.BasicTypeRegistry     : Adding type registration boolean -> org.hibernate.type.BasicTypeReference@124b5a89
2026-02-08T09:05:49.022+01:00 DEBUG 12488 --- [restartedMain] org.hibernate.type.BasicTypeRegistry     : Adding type registration java.lang.Boolean -> org.hibernate.type.BasicTypeReference@124b5a89
2026-02-08T09:05:49.022+01:00 DEBUG 12488 --- [restartedMain] org.hibernate.type.BasicTypeRegistry     : Adding type registration numeric_boolean -> org.hibernate.type.BasicTypeReference@59433447
2026-02-08T09:05:49.022+01:00 DEBUG 12488 --- [restartedMain] org.hibernate.type.BasicTypeRegistry     : Adding type registration org.hibernate.type.NumericBooleanConverter -> org.hibernate.type.BasicTypeReference@59433447
2026-02-08T09:05:49.022+01:00 DEBUG 12488 --- [restartedMain] org.hibernate.type.BasicTypeRegistry     : Adding type registration true_false -> org.hibernate.type.BasicTypeReference@297d6c65
2026-02-08T09:05:49.022+01:00 DEBUG 12488 --- [restartedMain] org.hibernate.type.BasicTypeRegistry     : Adding type registration org.hibernate.type.TrueFalseConverter -> org.hibernate.type.BasicTypeReference@297d6c65
2026-02-08T09:05:49.022+01:00 DEBUG 12488 --- [restartedMain] org.hibernate.type.BasicTypeRegistry     : Adding type registration yes_no -> org.hibernate.type.BasicTypeReference@364dbbc4
2026-02-08T09:05:49.022+01:00 DEBUG 12488 --- [restartedMain] org.hibernate.type.BasicTypeRegistry     : Adding type registration org.hibernate.type.YesNoConverter -> org.hibernate.type.BasicTypeReference@364dbbc4
2026-02-08T09:05:49.022+01:00 DEBUG 12488 --- [restartedMain] org.hibernate.type.BasicTypeRegistry     : Adding type registration byte -> org.hibernate.type.BasicTypeReference@7e9a2096
2026-02-08T09:05:49.022+01:00 DEBUG 12488 --- [restartedMain] org.hibernate.type.BasicTypeRegistry     : Adding type registration byte -> org.hibernate.type.BasicTypeReference@7e9a2096
2026-02-08T09:05:49.022+01:00 DEBUG 12488 --- [restartedMain] org.hibernate.type.BasicTypeRegistry     : Adding type registration java.lang.Byte -> org.hibernate.type.BasicTypeReference@7e9a2096
2026-02-08T09:05:49.022+01:00 DEBUG 12488 --- [restartedMain] org.hibernate.type.BasicTypeRegistry     : Adding type registration binary -> org.hibernate.type.BasicTypeReference@3ebbd20e
2026-02-08T09:05:49.022+01:00 DEBUG 12488 --- [restartedMain] org.hibernate.type.BasicTypeRegistry     : Adding type registration byte[] -> org.hibernate.type.BasicTypeReference@3ebbd20e
2026-02-08T09:05:49.022+01:00 DEBUG 12488 --- [restartedMain] org.hibernate.type.BasicTypeRegistry     : Adding type registration [B -> org.hibernate.type.BasicTypeReference@3ebbd20e
2026-02-08T09:05:49.022+01:00 DEBUG 12488 --- [restartedMain] org.hibernate.type.BasicTypeRegistry     : Adding type registration binary_wrapper -> org.hibernate.type.BasicTypeReference@7ce78ff8
2026-02-08T09:05:49.022+01:00 DEBUG 12488 --- [restartedMain] org.hibernate.type.BasicTypeRegistry     : Adding type registration wrapper-binary -> org.hibernate.type.BasicTypeReference@7ce78ff8
2026-02-08T09:05:49.022+01:00 DEBUG 12488 --- [restartedMain] org.hibernate.type.BasicTypeRegistry     : Adding type registration Byte[] -> org.hibernate.type.BasicTypeReference@7ce78ff8
2026-02-08T09:05:49.022+01:00 DEBUG 12488 --- [restartedMain] org.hibernate.type.BasicTypeRegistry     : Adding type registration [Ljava.lang.Byte; -> org.hibernate.type.BasicTypeReference@7ce78ff8
2026-02-08T09:05:49.022+01:00 DEBUG 12488 --- [restartedMain] org.hibernate.type.BasicTypeRegistry     : Adding type registration image -> org.hibernate.type.BasicTypeReference@27af883b
2026-02-08T09:05:49.022+01:00 DEBUG 12488 --- [restartedMain] org.hibernate.type.BasicTypeRegistry     : Adding type registration blob -> org.hibernate.type.BasicTypeReference@81e92c8
2026-02-08T09:05:49.022+01:00 DEBUG 12488 --- [restartedMain] org.hibernate.type.BasicTypeRegistry     : Adding type registration java.sql.Blob -> org.hibernate.type.BasicTypeReference@81e92c8
2026-02-08T09:05:49.022+01:00 DEBUG 12488 --- [restartedMain] org.hibernate.type.BasicTypeRegistry     : Adding type registration materialized_blob -> org.hibernate.type.BasicTypeReference@68d50a67
2026-02-08T09:05:49.022+01:00 DEBUG 12488 --- [restartedMain] org.hibernate.type.BasicTypeRegistry     : Adding type registration materialized_blob_wrapper -> org.hibernate.type.BasicTypeReference@280dd0ca
2026-02-08T09:05:49.022+01:00 DEBUG 12488 --- [restartedMain] org.hibernate.type.BasicTypeRegistry     : Adding type registration short -> org.hibernate.type.BasicTypeReference@73386ba0
2026-02-08T09:05:49.023+01:00 DEBUG 12488 --- [restartedMain] org.hibernate.type.BasicTypeRegistry     : Adding type registration short -> org.hibernate.type.BasicTypeReference@73386ba0
2026-02-08T09:05:49.023+01:00 DEBUG 12488 --- [restartedMain] org.hibernate.type.BasicTypeRegistry     : Adding type registration java.lang.Short -> org.hibernate.type.BasicTypeReference@73386ba0
2026-02-08T09:05:49.023+01:00 DEBUG 12488 --- [restartedMain] org.hibernate.type.BasicTypeRegistry     : Adding type registration integer -> org.hibernate.type.BasicTypeReference@fcc2fdd
2026-02-08T09:05:49.023+01:00 DEBUG 12488 --- [restartedMain] org.hibernate.type.BasicTypeRegistry     : Adding type registration int -> org.hibernate.type.BasicTypeReference@fcc2fdd
2026-02-08T09:05:49.023+01:00 DEBUG 12488 --- [restartedMain] org.hibernate.type.BasicTypeRegistry     : Adding type registration java.lang.Integer -> org.hibernate.type.BasicTypeReference@fcc2fdd
2026-02-08T09:05:49.023+01:00 DEBUG 12488 --- [restartedMain] org.hibernate.type.BasicTypeRegistry     : Adding type registration long -> org.hibernate.type.BasicTypeReference@4f8a8a71
2026-02-08T09:05:49.023+01:00 DEBUG 12488 --- [restartedMain] org.hibernate.type.BasicTypeRegistry     : Adding type registration long -> org.hibernate.type.BasicTypeReference@4f8a8a71
2026-02-08T09:05:49.023+01:00 DEBUG 12488 --- [restartedMain] org.hibernate.type.BasicTypeRegistry     : Adding type registration java.lang.Long -> org.hibernate.type.BasicTypeReference@4f8a8a71
2026-02-08T09:05:49.023+01:00 DEBUG 12488 --- [restartedMain] org.hibernate.type.BasicTypeRegistry     : Adding type registration float -> org.hibernate.type.BasicTypeReference@94788ca
2026-02-08T09:05:49.023+01:00 DEBUG 12488 --- [restartedMain] org.hibernate.type.BasicTypeRegistry     : Adding type registration float -> org.hibernate.type.BasicTypeReference@94788ca
2026-02-08T09:05:49.023+01:00 DEBUG 12488 --- [restartedMain] org.hibernate.type.BasicTypeRegistry     : Adding type registration java.lang.Float -> org.hibernate.type.BasicTypeReference@94788ca
2026-02-08T09:05:49.023+01:00 DEBUG 12488 --- [restartedMain] org.hibernate.type.BasicTypeRegistry     : Adding type registration double -> org.hibernate.type.BasicTypeReference@39128729
2026-02-08T09:05:49.023+01:00 DEBUG 12488 --- [restartedMain] org.hibernate.type.BasicTypeRegistry     : Adding type registration double -> org.hibernate.type.BasicTypeReference@39128729
2026-02-08T09:05:49.023+01:00 DEBUG 12488 --- [restartedMain] org.hibernate.type.BasicTypeRegistry     : Adding type registration java.lang.Double -> org.hibernate.type.BasicTypeReference@39128729
2026-02-08T09:05:49.023+01:00 DEBUG 12488 --- [restartedMain] org.hibernate.type.BasicTypeRegistry     : Adding type registration big_integer -> org.hibernate.type.BasicTypeReference@574ef511
2026-02-08T09:05:49.023+01:00 DEBUG 12488 --- [restartedMain] org.hibernate.type.BasicTypeRegistry     : Adding type registration java.math.BigInteger -> org.hibernate.type.BasicTypeReference@574ef511
2026-02-08T09:05:49.023+01:00 DEBUG 12488 --- [restartedMain] org.hibernate.type.BasicTypeRegistry     : Adding type registration big_decimal -> org.hibernate.type.BasicTypeReference@4c8c348b
2026-02-08T09:05:49.023+01:00 DEBUG 12488 --- [restartedMain] org.hibernate.type.BasicTypeRegistry     : Adding type registration java.math.BigDecimal -> org.hibernate.type.BasicTypeReference@4c8c348b
2026-02-08T09:05:49.023+01:00 DEBUG 12488 --- [restartedMain] org.hibernate.type.BasicTypeRegistry     : Adding type registration character -> org.hibernate.type.BasicTypeReference@79b8f408
2026-02-08T09:05:49.023+01:00 DEBUG 12488 --- [restartedMain] org.hibernate.type.BasicTypeRegistry     : Adding type registration char -> org.hibernate.type.BasicTypeReference@79b8f408
2026-02-08T09:05:49.023+01:00 DEBUG 12488 --- [restartedMain] org.hibernate.type.BasicTypeRegistry     : Adding type registration java.lang.Character -> org.hibernate.type.BasicTypeReference@79b8f408
2026-02-08T09:05:49.023+01:00 DEBUG 12488 --- [restartedMain] org.hibernate.type.BasicTypeRegistry     : Adding type registration character_nchar -> org.hibernate.type.BasicTypeReference@543e0fd9
2026-02-08T09:05:49.023+01:00 DEBUG 12488 --- [restartedMain] org.hibernate.type.BasicTypeRegistry     : Adding type registration string -> org.hibernate.type.BasicTypeReference@74789e32
2026-02-08T09:05:49.023+01:00 DEBUG 12488 --- [restartedMain] org.hibernate.type.BasicTypeRegistry     : Adding type registration java.lang.String -> org.hibernate.type.BasicTypeReference@74789e32
2026-02-08T09:05:49.023+01:00 DEBUG 12488 --- [restartedMain] org.hibernate.type.BasicTypeRegistry     : Adding type registration nstring -> org.hibernate.type.BasicTypeReference@59fdc45a
2026-02-08T09:05:49.023+01:00 DEBUG 12488 --- [restartedMain] org.hibernate.type.BasicTypeRegistry     : Adding type registration characters -> org.hibernate.type.BasicTypeReference@67db63d9
2026-02-08T09:05:49.023+01:00 DEBUG 12488 --- [restartedMain] org.hibernate.type.BasicTypeRegistry     : Adding type registration char[] -> org.hibernate.type.BasicTypeReference@67db63d9
2026-02-08T09:05:49.023+01:00 DEBUG 12488 --- [restartedMain] org.hibernate.type.BasicTypeRegistry     : Adding type registration [C -> org.hibernate.type.BasicTypeReference@67db63d9
2026-02-08T09:05:49.023+01:00 DEBUG 12488 --- [restartedMain] org.hibernate.type.BasicTypeRegistry     : Adding type registration wrapper-characters -> org.hibernate.type.BasicTypeReference@433fe83c
2026-02-08T09:05:49.023+01:00 DEBUG 12488 --- [restartedMain] org.hibernate.type.BasicTypeRegistry     : Adding type registration [Ljava.lang.Character; -> org.hibernate.type.BasicTypeReference@433fe83c
2026-02-08T09:05:49.023+01:00 DEBUG 12488 --- [restartedMain] org.hibernate.type.BasicTypeRegistry     : Adding type registration Character[] -> org.hibernate.type.BasicTypeReference@433fe83c
2026-02-08T09:05:49.023+01:00 DEBUG 12488 --- [restartedMain] org.hibernate.type.BasicTypeRegistry     : Adding type registration text -> org.hibernate.type.BasicTypeReference@73867767
2026-02-08T09:05:49.023+01:00 DEBUG 12488 --- [restartedMain] org.hibernate.type.BasicTypeRegistry     : Adding type registration ntext -> org.hibernate.type.BasicTypeReference@44eea259
2026-02-08T09:05:49.023+01:00 DEBUG 12488 --- [restartedMain] org.hibernate.type.BasicTypeRegistry     : Adding type registration clob -> org.hibernate.type.BasicTypeReference@7897c4b6
2026-02-08T09:05:49.023+01:00 DEBUG 12488 --- [restartedMain] org.hibernate.type.BasicTypeRegistry     : Adding type registration java.sql.Clob -> org.hibernate.type.BasicTypeReference@7897c4b6
2026-02-08T09:05:49.023+01:00 DEBUG 12488 --- [restartedMain] org.hibernate.type.BasicTypeRegistry     : Adding type registration nclob -> org.hibernate.type.BasicTypeReference@44d5ad90
2026-02-08T09:05:49.023+01:00 DEBUG 12488 --- [restartedMain] org.hibernate.type.BasicTypeRegistry     : Adding type registration java.sql.NClob -> org.hibernate.type.BasicTypeReference@44d5ad90
2026-02-08T09:05:49.023+01:00 DEBUG 12488 --- [restartedMain] org.hibernate.type.BasicTypeRegistry     : Adding type registration materialized_clob -> org.hibernate.type.BasicTypeReference@428c722
2026-02-08T09:05:49.023+01:00 DEBUG 12488 --- [restartedMain] org.hibernate.type.BasicTypeRegistry     : Adding type registration materialized_clob_char_array -> org.hibernate.type.BasicTypeReference@35e55194
2026-02-08T09:05:49.024+01:00 DEBUG 12488 --- [restartedMain] org.hibernate.type.BasicTypeRegistry     : Adding type registration materialized_clob_character_array -> org.hibernate.type.BasicTypeReference@731191ea
2026-02-08T09:05:49.024+01:00 DEBUG 12488 --- [restartedMain] org.hibernate.type.BasicTypeRegistry     : Adding type registration materialized_nclob -> org.hibernate.type.BasicTypeReference@1ac10b35
2026-02-08T09:05:49.024+01:00 DEBUG 12488 --- [restartedMain] org.hibernate.type.BasicTypeRegistry     : Adding type registration materialized_nclob_character_array -> org.hibernate.type.BasicTypeReference@5892ce98
2026-02-08T09:05:49.024+01:00 DEBUG 12488 --- [restartedMain] org.hibernate.type.BasicTypeRegistry     : Adding type registration materialized_nclob_char_array -> org.hibernate.type.BasicTypeReference@47e45def
2026-02-08T09:05:49.024+01:00 DEBUG 12488 --- [restartedMain] org.hibernate.type.BasicTypeRegistry     : Adding type registration Duration -> org.hibernate.type.BasicTypeReference@38850a38
2026-02-08T09:05:49.024+01:00 DEBUG 12488 --- [restartedMain] org.hibernate.type.BasicTypeRegistry     : Adding type registration java.time.Duration -> org.hibernate.type.BasicTypeReference@38850a38
2026-02-08T09:05:49.024+01:00 DEBUG 12488 --- [restartedMain] org.hibernate.type.BasicTypeRegistry     : Adding type registration LocalDateTime -> org.hibernate.type.BasicTypeReference@2a0f26be
2026-02-08T09:05:49.024+01:00 DEBUG 12488 --- [restartedMain] org.hibernate.type.BasicTypeRegistry     : Adding type registration java.time.LocalDateTime -> org.hibernate.type.BasicTypeReference@2a0f26be
2026-02-08T09:05:49.024+01:00 DEBUG 12488 --- [restartedMain] org.hibernate.type.BasicTypeRegistry     : Adding type registration LocalDate -> org.hibernate.type.BasicTypeReference@6427db69
2026-02-08T09:05:49.024+01:00 DEBUG 12488 --- [restartedMain] org.hibernate.type.BasicTypeRegistry     : Adding type registration java.time.LocalDate -> org.hibernate.type.BasicTypeReference@6427db69
2026-02-08T09:05:49.024+01:00 DEBUG 12488 --- [restartedMain] org.hibernate.type.BasicTypeRegistry     : Adding type registration LocalTime -> org.hibernate.type.BasicTypeReference@149f927
2026-02-08T09:05:49.024+01:00 DEBUG 12488 --- [restartedMain] org.hibernate.type.BasicTypeRegistry     : Adding type registration java.time.LocalTime -> org.hibernate.type.BasicTypeReference@149f927
2026-02-08T09:05:49.024+01:00 DEBUG 12488 --- [restartedMain] org.hibernate.type.BasicTypeRegistry     : Adding type registration OffsetDateTime -> org.hibernate.type.BasicTypeReference@110de7fc
2026-02-08T09:05:49.024+01:00 DEBUG 12488 --- [restartedMain] org.hibernate.type.BasicTypeRegistry     : Adding type registration java.time.OffsetDateTime -> org.hibernate.type.BasicTypeReference@110de7fc
2026-02-08T09:05:49.024+01:00 DEBUG 12488 --- [restartedMain] org.hibernate.type.BasicTypeRegistry     : Adding type registration OffsetDateTimeWithTimezone -> org.hibernate.type.BasicTypeReference@42e419b5
2026-02-08T09:05:49.024+01:00 DEBUG 12488 --- [restartedMain] org.hibernate.type.BasicTypeRegistry     : Adding type registration OffsetDateTimeWithoutTimezone -> org.hibernate.type.BasicTypeReference@18427e13
2026-02-08T09:05:49.024+01:00 DEBUG 12488 --- [restartedMain] org.hibernate.type.BasicTypeRegistry     : Adding type registration OffsetTime -> org.hibernate.type.BasicTypeReference@568c3cfd
2026-02-08T09:05:49.024+01:00 DEBUG 12488 --- [restartedMain] org.hibernate.type.BasicTypeRegistry     : Adding type registration java.time.OffsetTime -> org.hibernate.type.BasicTypeReference@568c3cfd
2026-02-08T09:05:49.024+01:00 DEBUG 12488 --- [restartedMain] org.hibernate.type.BasicTypeRegistry     : Adding type registration ZonedDateTime -> org.hibernate.type.BasicTypeReference@284003d7
2026-02-08T09:05:49.024+01:00 DEBUG 12488 --- [restartedMain] org.hibernate.type.BasicTypeRegistry     : Adding type registration java.time.ZonedDateTime -> org.hibernate.type.BasicTypeReference@284003d7
2026-02-08T09:05:49.024+01:00 DEBUG 12488 --- [restartedMain] org.hibernate.type.BasicTypeRegistry     : Adding type registration ZonedDateTimeWithTimezone -> org.hibernate.type.BasicTypeReference@4a0b8edb
2026-02-08T09:05:49.024+01:00 DEBUG 12488 --- [restartedMain] org.hibernate.type.BasicTypeRegistry     : Adding type registration ZonedDateTimeWithoutTimezone -> org.hibernate.type.BasicTypeReference@41b2c36f
2026-02-08T09:05:49.024+01:00 DEBUG 12488 --- [restartedMain] org.hibernate.type.BasicTypeRegistry     : Adding type registration date -> org.hibernate.type.BasicTypeReference@76ee6470
2026-02-08T09:05:49.024+01:00 DEBUG 12488 --- [restartedMain] org.hibernate.type.BasicTypeRegistry     : Adding type registration java.sql.Date -> org.hibernate.type.BasicTypeReference@76ee6470
2026-02-08T09:05:49.024+01:00 DEBUG 12488 --- [restartedMain] org.hibernate.type.BasicTypeRegistry     : Adding type registration time -> org.hibernate.type.BasicTypeReference@5e189fc1
2026-02-08T09:05:49.024+01:00 DEBUG 12488 --- [restartedMain] org.hibernate.type.BasicTypeRegistry     : Adding type registration java.sql.Time -> org.hibernate.type.BasicTypeReference@5e189fc1
2026-02-08T09:05:49.024+01:00 DEBUG 12488 --- [restartedMain] org.hibernate.type.BasicTypeRegistry     : Adding type registration timestamp -> org.hibernate.type.BasicTypeReference@48f3bf8f
2026-02-08T09:05:49.024+01:00 DEBUG 12488 --- [restartedMain] org.hibernate.type.BasicTypeRegistry     : Adding type registration java.sql.Timestamp -> org.hibernate.type.BasicTypeReference@48f3bf8f
2026-02-08T09:05:49.024+01:00 DEBUG 12488 --- [restartedMain] org.hibernate.type.BasicTypeRegistry     : Adding type registration java.util.Date -> org.hibernate.type.BasicTypeReference@48f3bf8f
2026-02-08T09:05:49.024+01:00 DEBUG 12488 --- [restartedMain] org.hibernate.type.BasicTypeRegistry     : Adding type registration calendar -> org.hibernate.type.BasicTypeReference@1f0db445
2026-02-08T09:05:49.024+01:00 DEBUG 12488 --- [restartedMain] org.hibernate.type.BasicTypeRegistry     : Adding type registration java.util.Calendar -> org.hibernate.type.BasicTypeReference@1f0db445
2026-02-08T09:05:49.024+01:00 DEBUG 12488 --- [restartedMain] org.hibernate.type.BasicTypeRegistry     : Adding type registration java.util.GregorianCalendar -> org.hibernate.type.BasicTypeReference@1f0db445
2026-02-08T09:05:49.024+01:00 DEBUG 12488 --- [restartedMain] org.hibernate.type.BasicTypeRegistry     : Adding type registration calendar_date -> org.hibernate.type.BasicTypeReference@1a458e30
2026-02-08T09:05:49.024+01:00 DEBUG 12488 --- [restartedMain] org.hibernate.type.BasicTypeRegistry     : Adding type registration calendar_time -> org.hibernate.type.BasicTypeReference@39fc2e
2026-02-08T09:05:49.024+01:00 DEBUG 12488 --- [restartedMain] org.hibernate.type.BasicTypeRegistry     : Adding type registration instant -> org.hibernate.type.BasicTypeReference@55632461
2026-02-08T09:05:49.024+01:00 DEBUG 12488 --- [restartedMain] org.hibernate.type.BasicTypeRegistry     : Adding type registration java.time.Instant -> org.hibernate.type.BasicTypeReference@55632461
2026-02-08T09:05:49.024+01:00 DEBUG 12488 --- [restartedMain] org.hibernate.type.BasicTypeRegistry     : Adding type registration uuid -> org.hibernate.type.BasicTypeReference@273e0d14
2026-02-08T09:05:49.024+01:00 DEBUG 12488 --- [restartedMain] org.hibernate.type.BasicTypeRegistry     : Adding type registration java.util.UUID -> org.hibernate.type.BasicTypeReference@273e0d14
2026-02-08T09:05:49.024+01:00 DEBUG 12488 --- [restartedMain] org.hibernate.type.BasicTypeRegistry     : Adding type registration pg-uuid -> org.hibernate.type.BasicTypeReference@273e0d14
2026-02-08T09:05:49.024+01:00 DEBUG 12488 --- [restartedMain] org.hibernate.type.BasicTypeRegistry     : Adding type registration uuid-binary -> org.hibernate.type.BasicTypeReference@113c33cd
2026-02-08T09:05:49.024+01:00 DEBUG 12488 --- [restartedMain] org.hibernate.type.BasicTypeRegistry     : Adding type registration uuid-char -> org.hibernate.type.BasicTypeReference@5eab6548
2026-02-08T09:05:49.024+01:00 DEBUG 12488 --- [restartedMain] org.hibernate.type.BasicTypeRegistry     : Adding type registration class -> org.hibernate.type.BasicTypeReference@122702d0
2026-02-08T09:05:49.025+01:00 DEBUG 12488 --- [restartedMain] org.hibernate.type.BasicTypeRegistry     : Adding type registration java.lang.Class -> org.hibernate.type.BasicTypeReference@122702d0
2026-02-08T09:05:49.025+01:00 DEBUG 12488 --- [restartedMain] org.hibernate.type.BasicTypeRegistry     : Adding type registration currency -> org.hibernate.type.BasicTypeReference@45a6eb2d
2026-02-08T09:05:49.025+01:00 DEBUG 12488 --- [restartedMain] org.hibernate.type.BasicTypeRegistry     : Adding type registration Currency -> org.hibernate.type.BasicTypeReference@45a6eb2d
2026-02-08T09:05:49.025+01:00 DEBUG 12488 --- [restartedMain] org.hibernate.type.BasicTypeRegistry     : Adding type registration java.util.Currency -> org.hibernate.type.BasicTypeReference@45a6eb2d
2026-02-08T09:05:49.025+01:00 DEBUG 12488 --- [restartedMain] org.hibernate.type.BasicTypeRegistry     : Adding type registration locale -> org.hibernate.type.BasicTypeReference@35f41a0f
2026-02-08T09:05:49.025+01:00 DEBUG 12488 --- [restartedMain] org.hibernate.type.BasicTypeRegistry     : Adding type registration java.util.Locale -> org.hibernate.type.BasicTypeReference@35f41a0f
2026-02-08T09:05:49.025+01:00 DEBUG 12488 --- [restartedMain] org.hibernate.type.BasicTypeRegistry     : Adding type registration serializable -> org.hibernate.type.BasicTypeReference@3070a8dc
2026-02-08T09:05:49.025+01:00 DEBUG 12488 --- [restartedMain] org.hibernate.type.BasicTypeRegistry     : Adding type registration java.io.Serializable -> org.hibernate.type.BasicTypeReference@3070a8dc
2026-02-08T09:05:49.025+01:00 DEBUG 12488 --- [restartedMain] org.hibernate.type.BasicTypeRegistry     : Adding type registration timezone -> org.hibernate.type.BasicTypeReference@1aeb0d80
2026-02-08T09:05:49.025+01:00 DEBUG 12488 --- [restartedMain] org.hibernate.type.BasicTypeRegistry     : Adding type registration java.util.TimeZone -> org.hibernate.type.BasicTypeReference@1aeb0d80
2026-02-08T09:05:49.025+01:00 DEBUG 12488 --- [restartedMain] org.hibernate.type.BasicTypeRegistry     : Adding type registration ZoneOffset -> org.hibernate.type.BasicTypeReference@68667273
2026-02-08T09:05:49.025+01:00 DEBUG 12488 --- [restartedMain] org.hibernate.type.BasicTypeRegistry     : Adding type registration java.time.ZoneOffset -> org.hibernate.type.BasicTypeReference@68667273
2026-02-08T09:05:49.025+01:00 DEBUG 12488 --- [restartedMain] org.hibernate.type.BasicTypeRegistry     : Adding type registration url -> org.hibernate.type.BasicTypeReference@7d573912
2026-02-08T09:05:49.025+01:00 DEBUG 12488 --- [restartedMain] org.hibernate.type.BasicTypeRegistry     : Adding type registration java.net.URL -> org.hibernate.type.BasicTypeReference@7d573912
2026-02-08T09:05:49.025+01:00 DEBUG 12488 --- [restartedMain] org.hibernate.type.BasicTypeRegistry     : Adding type registration row_version -> org.hibernate.type.BasicTypeReference@4854482c
2026-02-08T09:05:49.028+01:00 DEBUG 12488 --- [restartedMain] org.hibernate.type.BasicTypeRegistry     : Adding type registration dbtimestamp -> org.hibernate.type.DbTimestampType@2fd176e4
2026-02-08T09:05:49.028+01:00 DEBUG 12488 --- [restartedMain] org.hibernate.type.BasicTypeRegistry     : Adding type registration dbtimestamp -> org.hibernate.type.DbTimestampType@2fd176e4
2026-02-08T09:05:49.029+01:00 DEBUG 12488 --- [restartedMain] org.hibernate.type.BasicTypeRegistry     : Adding type registration object -> org.hibernate.type.JavaObjectType@1652152f
2026-02-08T09:05:49.029+01:00 DEBUG 12488 --- [restartedMain] org.hibernate.type.BasicTypeRegistry     : Adding type registration java.lang.Object -> org.hibernate.type.JavaObjectType@1652152f
2026-02-08T09:05:49.030+01:00 DEBUG 12488 --- [restartedMain] org.hibernate.type.BasicTypeRegistry     : Adding type registration null -> org.hibernate.type.NullType@5d6e463a
2026-02-08T09:05:49.030+01:00 DEBUG 12488 --- [restartedMain] org.hibernate.type.BasicTypeRegistry     : Adding type registration imm_date -> org.hibernate.type.BasicTypeReference@2e21f96c
2026-02-08T09:05:49.030+01:00 DEBUG 12488 --- [restartedMain] org.hibernate.type.BasicTypeRegistry     : Adding type registration imm_time -> org.hibernate.type.BasicTypeReference@76ef9dd4
2026-02-08T09:05:49.030+01:00 DEBUG 12488 --- [restartedMain] org.hibernate.type.BasicTypeRegistry     : Adding type registration imm_timestamp -> org.hibernate.type.BasicTypeReference@55d8b89e
2026-02-08T09:05:49.030+01:00 DEBUG 12488 --- [restartedMain] org.hibernate.type.BasicTypeRegistry     : Adding type registration imm_calendar -> org.hibernate.type.BasicTypeReference@7aa86b89
2026-02-08T09:05:49.030+01:00 DEBUG 12488 --- [restartedMain] org.hibernate.type.BasicTypeRegistry     : Adding type registration imm_calendar_date -> org.hibernate.type.BasicTypeReference@5b630729
2026-02-08T09:05:49.030+01:00 DEBUG 12488 --- [restartedMain] org.hibernate.type.BasicTypeRegistry     : Adding type registration imm_calendar_time -> org.hibernate.type.BasicTypeReference@51e820ac
2026-02-08T09:05:49.030+01:00 DEBUG 12488 --- [restartedMain] org.hibernate.type.BasicTypeRegistry     : Adding type registration imm_binary -> org.hibernate.type.BasicTypeReference@41e47e47
2026-02-08T09:05:49.030+01:00 DEBUG 12488 --- [restartedMain] org.hibernate.type.BasicTypeRegistry     : Adding type registration imm_serializable -> org.hibernate.type.BasicTypeReference@78a9a1d1
2026-02-08T09:05:49.048+01:00  INFO 12488 --- [restartedMain] com.zaxxer.hikari.HikariDataSource       : HikariPool-1 - Starting...
2026-02-08T09:05:50.091+01:00 ERROR 12488 --- [restartedMain] com.zaxxer.hikari.pool.HikariPool        : HikariPool-1 - Exception during pool initialization.

com.mysql.cj.jdbc.exceptions.CommunicationsException: Communications link failure

The last packet sent successfully to the server was 0 milliseconds ago. The driver has not received any packets from the server.
	at com.mysql.cj.jdbc.exceptions.SQLError.createCommunicationsException(SQLError.java:174) ~[mysql-connector-j-8.0.31.jar:8.0.31]
	at com.mysql.cj.jdbc.exceptions.SQLExceptionsMapping.translateException(SQLExceptionsMapping.java:64) ~[mysql-connector-j-8.0.31.jar:8.0.31]
	at com.mysql.cj.jdbc.ConnectionImpl.createNewIO(ConnectionImpl.java:828) ~[mysql-connector-j-8.0.31.jar:8.0.31]
	at com.mysql.cj.jdbc.ConnectionImpl.<init>(ConnectionImpl.java:448) ~[mysql-connector-j-8.0.31.jar:8.0.31]
	at com.mysql.cj.jdbc.ConnectionImpl.getInstance(ConnectionImpl.java:241) ~[mysql-connector-j-8.0.31.jar:8.0.31]
	at com.mysql.cj.jdbc.NonRegisteringDriver.connect(NonRegisteringDriver.java:198) ~[mysql-connector-j-8.0.31.jar:8.0.31]
	at com.zaxxer.hikari.util.DriverDataSource.getConnection(DriverDataSource.java:138) ~[HikariCP-5.0.1.jar:na]
	at com.zaxxer.hikari.pool.PoolBase.newConnection(PoolBase.java:359) ~[HikariCP-5.0.1.jar:na]
	at com.zaxxer.hikari.pool.PoolBase.newPoolEntry(PoolBase.java:201) ~[HikariCP-5.0.1.jar:na]
	at com.zaxxer.hikari.pool.HikariPool.createPoolEntry(HikariPool.java:470) ~[HikariCP-5.0.1.jar:na]
	at com.zaxxer.hikari.pool.HikariPool.checkFailFast(HikariPool.java:561) ~[HikariCP-5.0.1.jar:na]
	at com.zaxxer.hikari.pool.HikariPool.<init>(HikariPool.java:100) ~[HikariCP-5.0.1.jar:na]
	at com.zaxxer.hikari.HikariDataSource.getConnection(HikariDataSource.java:112) ~[HikariCP-5.0.1.jar:na]
	at org.hibernate.engine.jdbc.connections.internal.DatasourceConnectionProviderImpl.getConnection(DatasourceConnectionProviderImpl.java:122) ~[hibernate-core-6.1.5.Final.jar:6.1.5.Final]
	at org.hibernate.engine.jdbc.env.internal.JdbcEnvironmentInitiator$ConnectionProviderJdbcConnectionAccess.obtainConnection(JdbcEnvironmentInitiator.java:284) ~[hibernate-core-6.1.5.Final.jar:6.1.5.Final]
	at org.hibernate.engine.jdbc.env.internal.JdbcEnvironmentInitiator.initiateService(JdbcEnvironmentInitiator.java:177) ~[hibernate-core-6.1.5.Final.jar:6.1.5.Final]
	at org.hibernate.engine.jdbc.env.internal.JdbcEnvironmentInitiator.initiateService(JdbcEnvironmentInitiator.java:36) ~[hibernate-core-6.1.5.Final.jar:6.1.5.Final]
	at org.hibernate.boot.registry.internal.StandardServiceRegistryImpl.initiateService(StandardServiceRegistryImpl.java:119) ~[hibernate-core-6.1.5.Final.jar:6.1.5.Final]
	at org.hibernate.service.internal.AbstractServiceRegistryImpl.createService(AbstractServiceRegistryImpl.java:255) ~[hibernate-core-6.1.5.Final.jar:6.1.5.Final]
	at org.hibernate.service.internal.AbstractServiceRegistryImpl.initializeService(AbstractServiceRegistryImpl.java:230) ~[hibernate-core-6.1.5.Final.jar:6.1.5.Final]
	at org.hibernate.service.internal.AbstractServiceRegistryImpl.getService(AbstractServiceRegistryImpl.java:207) ~[hibernate-core-6.1.5.Final.jar:6.1.5.Final]
	at org.hibernate.boot.model.relational.Database.<init>(Database.java:44) ~[hibernate-core-6.1.5.Final.jar:6.1.5.Final]
	at org.hibernate.boot.internal.InFlightMetadataCollectorImpl.getDatabase(InFlightMetadataCollectorImpl.java:218) ~[hibernate-core-6.1.5.Final.jar:6.1.5.Final]
	at org.hibernate.boot.internal.InFlightMetadataCollectorImpl.<init>(InFlightMetadataCollectorImpl.java:191) ~[hibernate-core-6.1.5.Final.jar:6.1.5.Final]
	at org.hibernate.boot.model.process.spi.MetadataBuildingProcess.complete(MetadataBuildingProcess.java:138) ~[hibernate-core-6.1.5.Final.jar:6.1.5.Final]
	at org.hibernate.jpa.boot.internal.EntityManagerFactoryBuilderImpl.metadata(EntityManagerFactoryBuilderImpl.java:1350) ~[hibernate-core-6.1.5.Final.jar:6.1.5.Final]
	at org.hibernate.jpa.boot.internal.EntityManagerFactoryBuilderImpl.build(EntityManagerFactoryBuilderImpl.java:1421) ~[hibernate-core-6.1.5.Final.jar:6.1.5.Final]
	at org.springframework.orm.jpa.vendor.SpringHibernateJpaPersistenceProvider.createContainerEntityManagerFactory(SpringHibernateJpaPersistenceProvider.java:66) ~[spring-orm-6.0.2.jar:6.0.2]
	at org.springframework.orm.jpa.LocalContainerEntityManagerFactoryBean.createNativeEntityManagerFactory(LocalContainerEntityManagerFactoryBean.java:376) ~[spring-orm-6.0.2.jar:6.0.2]
	at org.springframework.orm.jpa.AbstractEntityManagerFactoryBean.buildNativeEntityManagerFactory(AbstractEntityManagerFactoryBean.java:409) ~[spring-orm-6.0.2.jar:6.0.2]
	at org.springframework.orm.jpa.AbstractEntityManagerFactoryBean.afterPropertiesSet(AbstractEntityManagerFactoryBean.java:396) ~[spring-orm-6.0.2.jar:6.0.2]
	at org.springframework.orm.jpa.LocalContainerEntityManagerFactoryBean.afterPropertiesSet(LocalContainerEntityManagerFactoryBean.java:352) ~[spring-orm-6.0.2.jar:6.0.2]
	at org.springframework.beans.factory.support.AbstractAutowireCapableBeanFactory.invokeInitMethods(AbstractAutowireCapableBeanFactory.java:1797) ~[spring-beans-6.0.2.jar:6.0.2]
	at org.springframework.beans.factory.support.AbstractAutowireCapableBeanFactory.initializeBean(AbstractAutowireCapableBeanFactory.java:1747) ~[spring-beans-6.0.2.jar:6.0.2]
	at org.springframework.beans.factory.support.AbstractAutowireCapableBeanFactory.doCreateBean(AbstractAutowireCapableBeanFactory.java:599) ~[spring-beans-6.0.2.jar:6.0.2]
	at org.springframework.beans.factory.support.AbstractAutowireCapableBeanFactory.createBean(AbstractAutowireCapableBeanFactory.java:521) ~[spring-beans-6.0.2.jar:6.0.2]
	at org.springframework.beans.factory.support.AbstractBeanFactory.lambda$doGetBean$0(AbstractBeanFactory.java:326) ~[spring-beans-6.0.2.jar:6.0.2]
	at org.springframework.beans.factory.support.DefaultSingletonBeanRegistry.getSingleton(DefaultSingletonBeanRegistry.java:234) ~[spring-beans-6.0.2.jar:6.0.2]
	at org.springframework.beans.factory.support.AbstractBeanFactory.doGetBean(AbstractBeanFactory.java:324) ~[spring-beans-6.0.2.jar:6.0.2]
	at org.springframework.beans.factory.support.AbstractBeanFactory.getBean(AbstractBeanFactory.java:200) ~[spring-beans-6.0.2.jar:6.0.2]
	at org.springframework.context.support.AbstractApplicationContext.getBean(AbstractApplicationContext.java:1130) ~[spring-context-6.0.2.jar:6.0.2]
	at org.springframework.context.support.AbstractApplicationContext.finishBeanFactoryInitialization(AbstractApplicationContext.java:905) ~[spring-context-6.0.2.jar:6.0.2]
	at org.springframework.context.support.AbstractApplicationContext.refresh(AbstractApplicationContext.java:584) ~[spring-context-6.0.2.jar:6.0.2]
	at org.springframework.boot.web.servlet.context.ServletWebServerApplicationContext.refresh(ServletWebServerApplicationContext.java:146) ~[spring-boot-3.0.0.jar:3.0.0]
	at org.springframework.boot.SpringApplication.refresh(SpringApplication.java:730) ~[spring-boot-3.0.0.jar:3.0.0]
	at org.springframework.boot.SpringApplication.refreshContext(SpringApplication.java:432) ~[spring-boot-3.0.0.jar:3.0.0]
	at org.springframework.boot.SpringApplication.run(SpringApplication.java:308) ~[spring-boot-3.0.0.jar:3.0.0]
	at org.springframework.boot.SpringApplication.run(SpringApplication.java:1302) ~[spring-boot-3.0.0.jar:3.0.0]
	at org.springframework.boot.SpringApplication.run(SpringApplication.java:1291) ~[spring-boot-3.0.0.jar:3.0.0]
	at com.example.livapp.JenkinsApplication.main(JenkinsApplication.java:10) ~[classes/:na]
	at java.base/jdk.internal.reflect.DirectMethodHandleAccessor.invoke(DirectMethodHandleAccessor.java:103) ~[na:na]
	at java.base/java.lang.reflect.Method.invoke(Method.java:580) ~[na:na]
	at org.springframework.boot.devtools.restart.RestartLauncher.run(RestartLauncher.java:49) ~[spring-boot-devtools-3.0.0.jar:3.0.0]
Caused by: com.mysql.cj.exceptions.CJCommunicationsException: Communications link failure

The last packet sent successfully to the server was 0 milliseconds ago. The driver has not received any packets from the server.
	at java.base/jdk.internal.reflect.DirectConstructorHandleAccessor.newInstance(DirectConstructorHandleAccessor.java:62) ~[na:na]
	at java.base/java.lang.reflect.Constructor.newInstanceWithCaller(Constructor.java:502) ~[na:na]
	at java.base/java.lang.reflect.Constructor.newInstance(Constructor.java:486) ~[na:na]
	at com.mysql.cj.exceptions.ExceptionFactory.createException(ExceptionFactory.java:61) ~[mysql-connector-j-8.0.31.jar:8.0.31]
	at com.mysql.cj.exceptions.ExceptionFactory.createException(ExceptionFactory.java:105) ~[mysql-connector-j-8.0.31.jar:8.0.31]
	at com.mysql.cj.exceptions.ExceptionFactory.createException(ExceptionFactory.java:151) ~[mysql-connector-j-8.0.31.jar:8.0.31]
	at com.mysql.cj.exceptions.ExceptionFactory.createCommunicationsException(ExceptionFactory.java:167) ~[mysql-connector-j-8.0.31.jar:8.0.31]
	at com.mysql.cj.protocol.a.NativeSocketConnection.connect(NativeSocketConnection.java:89) ~[mysql-connector-j-8.0.31.jar:8.0.31]
	at com.mysql.cj.NativeSession.connect(NativeSession.java:120) ~[mysql-connector-j-8.0.31.jar:8.0.31]
	at com.mysql.cj.jdbc.ConnectionImpl.connectOneTryOnly(ConnectionImpl.java:948) ~[mysql-connector-j-8.0.31.jar:8.0.31]
	at com.mysql.cj.jdbc.ConnectionImpl.createNewIO(ConnectionImpl.java:818) ~[mysql-connector-j-8.0.31.jar:8.0.31]
	... 50 common frames omitted
Caused by: java.net.ConnectException: Connection refused: getsockopt
	at java.base/sun.nio.ch.Net.pollConnect(Native Method) ~[na:na]
	at java.base/sun.nio.ch.Net.pollConnectNow(Net.java:682) ~[na:na]
	at java.base/sun.nio.ch.NioSocketImpl.timedFinishConnect(NioSocketImpl.java:542) ~[na:na]
	at java.base/sun.nio.ch.NioSocketImpl.connect(NioSocketImpl.java:592) ~[na:na]
	at java.base/java.net.SocksSocketImpl.connect(SocksSocketImpl.java:327) ~[na:na]
	at java.base/java.net.Socket.connect(Socket.java:751) ~[na:na]
	at com.mysql.cj.protocol.StandardSocketFactory.connect(StandardSocketFactory.java:153) ~[mysql-connector-j-8.0.31.jar:8.0.31]
	at com.mysql.cj.protocol.a.NativeSocketConnection.connect(NativeSocketConnection.java:63) ~[mysql-connector-j-8.0.31.jar:8.0.31]
	... 53 common frames omitted

2026-02-08T09:05:50.096+01:00  WARN 12488 --- [restartedMain] o.h.e.j.e.i.JdbcEnvironmentInitiator     : HHH000342: Could not obtain connection to query metadata

com.mysql.cj.jdbc.exceptions.CommunicationsException: Communications link failure

The last packet sent successfully to the server was 0 milliseconds ago. The driver has not received any packets from the server.
	at com.mysql.cj.jdbc.exceptions.SQLError.createCommunicationsException(SQLError.java:174) ~[mysql-connector-j-8.0.31.jar:8.0.31]
	at com.mysql.cj.jdbc.exceptions.SQLExceptionsMapping.translateException(SQLExceptionsMapping.java:64) ~[mysql-connector-j-8.0.31.jar:8.0.31]
	at com.mysql.cj.jdbc.ConnectionImpl.createNewIO(ConnectionImpl.java:828) ~[mysql-connector-j-8.0.31.jar:8.0.31]
	at com.mysql.cj.jdbc.ConnectionImpl.<init>(ConnectionImpl.java:448) ~[mysql-connector-j-8.0.31.jar:8.0.31]
	at com.mysql.cj.jdbc.ConnectionImpl.getInstance(ConnectionImpl.java:241) ~[mysql-connector-j-8.0.31.jar:8.0.31]
	at com.mysql.cj.jdbc.NonRegisteringDriver.connect(NonRegisteringDriver.java:198) ~[mysql-connector-j-8.0.31.jar:8.0.31]
	at com.zaxxer.hikari.util.DriverDataSource.getConnection(DriverDataSource.java:138) ~[HikariCP-5.0.1.jar:na]
	at com.zaxxer.hikari.pool.PoolBase.newConnection(PoolBase.java:359) ~[HikariCP-5.0.1.jar:na]
	at com.zaxxer.hikari.pool.PoolBase.newPoolEntry(PoolBase.java:201) ~[HikariCP-5.0.1.jar:na]
	at com.zaxxer.hikari.pool.HikariPool.createPoolEntry(HikariPool.java:470) ~[HikariCP-5.0.1.jar:na]
	at com.zaxxer.hikari.pool.HikariPool.checkFailFast(HikariPool.java:561) ~[HikariCP-5.0.1.jar:na]
	at com.zaxxer.hikari.pool.HikariPool.<init>(HikariPool.java:100) ~[HikariCP-5.0.1.jar:na]
	at com.zaxxer.hikari.HikariDataSource.getConnection(HikariDataSource.java:112) ~[HikariCP-5.0.1.jar:na]
	at org.hibernate.engine.jdbc.connections.internal.DatasourceConnectionProviderImpl.getConnection(DatasourceConnectionProviderImpl.java:122) ~[hibernate-core-6.1.5.Final.jar:6.1.5.Final]
	at org.hibernate.engine.jdbc.env.internal.JdbcEnvironmentInitiator$ConnectionProviderJdbcConnectionAccess.obtainConnection(JdbcEnvironmentInitiator.java:284) ~[hibernate-core-6.1.5.Final.jar:6.1.5.Final]
	at org.hibernate.engine.jdbc.env.internal.JdbcEnvironmentInitiator.initiateService(JdbcEnvironmentInitiator.java:177) ~[hibernate-core-6.1.5.Final.jar:6.1.5.Final]
	at org.hibernate.engine.jdbc.env.internal.JdbcEnvironmentInitiator.initiateService(JdbcEnvironmentInitiator.java:36) ~[hibernate-core-6.1.5.Final.jar:6.1.5.Final]
	at org.hibernate.boot.registry.internal.StandardServiceRegistryImpl.initiateService(StandardServiceRegistryImpl.java:119) ~[hibernate-core-6.1.5.Final.jar:6.1.5.Final]
	at org.hibernate.service.internal.AbstractServiceRegistryImpl.createService(AbstractServiceRegistryImpl.java:255) ~[hibernate-core-6.1.5.Final.jar:6.1.5.Final]
	at org.hibernate.service.internal.AbstractServiceRegistryImpl.initializeService(AbstractServiceRegistryImpl.java:230) ~[hibernate-core-6.1.5.Final.jar:6.1.5.Final]
	at org.hibernate.service.internal.AbstractServiceRegistryImpl.getService(AbstractServiceRegistryImpl.java:207) ~[hibernate-core-6.1.5.Final.jar:6.1.5.Final]
	at org.hibernate.boot.model.relational.Database.<init>(Database.java:44) ~[hibernate-core-6.1.5.Final.jar:6.1.5.Final]
	at org.hibernate.boot.internal.InFlightMetadataCollectorImpl.getDatabase(InFlightMetadataCollectorImpl.java:218) ~[hibernate-core-6.1.5.Final.jar:6.1.5.Final]
	at org.hibernate.boot.internal.InFlightMetadataCollectorImpl.<init>(InFlightMetadataCollectorImpl.java:191) ~[hibernate-core-6.1.5.Final.jar:6.1.5.Final]
	at org.hibernate.boot.model.process.spi.MetadataBuildingProcess.complete(MetadataBuildingProcess.java:138) ~[hibernate-core-6.1.5.Final.jar:6.1.5.Final]
	at org.hibernate.jpa.boot.internal.EntityManagerFactoryBuilderImpl.metadata(EntityManagerFactoryBuilderImpl.java:1350) ~[hibernate-core-6.1.5.Final.jar:6.1.5.Final]
	at org.hibernate.jpa.boot.internal.EntityManagerFactoryBuilderImpl.build(EntityManagerFactoryBuilderImpl.java:1421) ~[hibernate-core-6.1.5.Final.jar:6.1.5.Final]
	at org.springframework.orm.jpa.vendor.SpringHibernateJpaPersistenceProvider.createContainerEntityManagerFactory(SpringHibernateJpaPersistenceProvider.java:66) ~[spring-orm-6.0.2.jar:6.0.2]
	at org.springframework.orm.jpa.LocalContainerEntityManagerFactoryBean.createNativeEntityManagerFactory(LocalContainerEntityManagerFactoryBean.java:376) ~[spring-orm-6.0.2.jar:6.0.2]
	at org.springframework.orm.jpa.AbstractEntityManagerFactoryBean.buildNativeEntityManagerFactory(AbstractEntityManagerFactoryBean.java:409) ~[spring-orm-6.0.2.jar:6.0.2]
	at org.springframework.orm.jpa.AbstractEntityManagerFactoryBean.afterPropertiesSet(AbstractEntityManagerFactoryBean.java:396) ~[spring-orm-6.0.2.jar:6.0.2]
	at org.springframework.orm.jpa.LocalContainerEntityManagerFactoryBean.afterPropertiesSet(LocalContainerEntityManagerFactoryBean.java:352) ~[spring-orm-6.0.2.jar:6.0.2]
	at org.springframework.beans.factory.support.AbstractAutowireCapableBeanFactory.invokeInitMethods(AbstractAutowireCapableBeanFactory.java:1797) ~[spring-beans-6.0.2.jar:6.0.2]
	at org.springframework.beans.factory.support.AbstractAutowireCapableBeanFactory.initializeBean(AbstractAutowireCapableBeanFactory.java:1747) ~[spring-beans-6.0.2.jar:6.0.2]
	at org.springframework.beans.factory.support.AbstractAutowireCapableBeanFactory.doCreateBean(AbstractAutowireCapableBeanFactory.java:599) ~[spring-beans-6.0.2.jar:6.0.2]
	at org.springframework.beans.factory.support.AbstractAutowireCapableBeanFactory.createBean(AbstractAutowireCapableBeanFactory.java:521) ~[spring-beans-6.0.2.jar:6.0.2]
	at org.springframework.beans.factory.support.AbstractBeanFactory.lambda$doGetBean$0(AbstractBeanFactory.java:326) ~[spring-beans-6.0.2.jar:6.0.2]
	at org.springframework.beans.factory.support.DefaultSingletonBeanRegistry.getSingleton(DefaultSingletonBeanRegistry.java:234) ~[spring-beans-6.0.2.jar:6.0.2]
	at org.springframework.beans.factory.support.AbstractBeanFactory.doGetBean(AbstractBeanFactory.java:324) ~[spring-beans-6.0.2.jar:6.0.2]
	at org.springframework.beans.factory.support.AbstractBeanFactory.getBean(AbstractBeanFactory.java:200) ~[spring-beans-6.0.2.jar:6.0.2]
	at org.springframework.context.support.AbstractApplicationContext.getBean(AbstractApplicationContext.java:1130) ~[spring-context-6.0.2.jar:6.0.2]
	at org.springframework.context.support.AbstractApplicationContext.finishBeanFactoryInitialization(AbstractApplicationContext.java:905) ~[spring-context-6.0.2.jar:6.0.2]
	at org.springframework.context.support.AbstractApplicationContext.refresh(AbstractApplicationContext.java:584) ~[spring-context-6.0.2.jar:6.0.2]
	at org.springframework.boot.web.servlet.context.ServletWebServerApplicationContext.refresh(ServletWebServerApplicationContext.java:146) ~[spring-boot-3.0.0.jar:3.0.0]
	at org.springframework.boot.SpringApplication.refresh(SpringApplication.java:730) ~[spring-boot-3.0.0.jar:3.0.0]
	at org.springframework.boot.SpringApplication.refreshContext(SpringApplication.java:432) ~[spring-boot-3.0.0.jar:3.0.0]
	at org.springframework.boot.SpringApplication.run(SpringApplication.java:308) ~[spring-boot-3.0.0.jar:3.0.0]
	at org.springframework.boot.SpringApplication.run(SpringApplication.java:1302) ~[spring-boot-3.0.0.jar:3.0.0]
	at org.springframework.boot.SpringApplication.run(SpringApplication.java:1291) ~[spring-boot-3.0.0.jar:3.0.0]
	at com.example.livapp.JenkinsApplication.main(JenkinsApplication.java:10) ~[classes/:na]
	at java.base/jdk.internal.reflect.DirectMethodHandleAccessor.invoke(DirectMethodHandleAccessor.java:103) ~[na:na]
	at java.base/java.lang.reflect.Method.invoke(Method.java:580) ~[na:na]
	at org.springframework.boot.devtools.restart.RestartLauncher.run(RestartLauncher.java:49) ~[spring-boot-devtools-3.0.0.jar:3.0.0]
Caused by: com.mysql.cj.exceptions.CJCommunicationsException: Communications link failure

The last packet sent successfully to the server was 0 milliseconds ago. The driver has not received any packets from the server.
	at java.base/jdk.internal.reflect.DirectConstructorHandleAccessor.newInstance(DirectConstructorHandleAccessor.java:62) ~[na:na]
	at java.base/java.lang.reflect.Constructor.newInstanceWithCaller(Constructor.java:502) ~[na:na]
	at java.base/java.lang.reflect.Constructor.newInstance(Constructor.java:486) ~[na:na]
	at com.mysql.cj.exceptions.ExceptionFactory.createException(ExceptionFactory.java:61) ~[mysql-connector-j-8.0.31.jar:8.0.31]
	at com.mysql.cj.exceptions.ExceptionFactory.createException(ExceptionFactory.java:105) ~[mysql-connector-j-8.0.31.jar:8.0.31]
	at com.mysql.cj.exceptions.ExceptionFactory.createException(ExceptionFactory.java:151) ~[mysql-connector-j-8.0.31.jar:8.0.31]
	at com.mysql.cj.exceptions.ExceptionFactory.createCommunicationsException(ExceptionFactory.java:167) ~[mysql-connector-j-8.0.31.jar:8.0.31]
	at com.mysql.cj.protocol.a.NativeSocketConnection.connect(NativeSocketConnection.java:89) ~[mysql-connector-j-8.0.31.jar:8.0.31]
	at com.mysql.cj.NativeSession.connect(NativeSession.java:120) ~[mysql-connector-j-8.0.31.jar:8.0.31]
	at com.mysql.cj.jdbc.ConnectionImpl.connectOneTryOnly(ConnectionImpl.java:948) ~[mysql-connector-j-8.0.31.jar:8.0.31]
	at com.mysql.cj.jdbc.ConnectionImpl.createNewIO(ConnectionImpl.java:818) ~[mysql-connector-j-8.0.31.jar:8.0.31]
	... 50 common frames omitted
Caused by: java.net.ConnectException: Connection refused: getsockopt
	at java.base/sun.nio.ch.Net.pollConnect(Native Method) ~[na:na]
	at java.base/sun.nio.ch.Net.pollConnectNow(Net.java:682) ~[na:na]
	at java.base/sun.nio.ch.NioSocketImpl.timedFinishConnect(NioSocketImpl.java:542) ~[na:na]
	at java.base/sun.nio.ch.NioSocketImpl.connect(NioSocketImpl.java:592) ~[na:na]
	at java.base/java.net.SocksSocketImpl.connect(SocksSocketImpl.java:327) ~[na:na]
	at java.base/java.net.Socket.connect(Socket.java:751) ~[na:na]
	at com.mysql.cj.protocol.StandardSocketFactory.connect(StandardSocketFactory.java:153) ~[mysql-connector-j-8.0.31.jar:8.0.31]
	at com.mysql.cj.protocol.a.NativeSocketConnection.connect(NativeSocketConnection.java:63) ~[mysql-connector-j-8.0.31.jar:8.0.31]
	... 53 common frames omitted

2026-02-08T09:05:50.101+01:00 ERROR 12488 --- [restartedMain] j.LocalContainerEntityManagerFactoryBean : Failed to initialize JPA EntityManagerFactory: Unable to create requested service [org.hibernate.engine.jdbc.env.spi.JdbcEnvironment]
2026-02-08T09:05:50.101+01:00  WARN 12488 --- [restartedMain] ConfigServletWebServerApplicationContext : Exception encountered during context initialization - cancelling refresh attempt: org.springframework.beans.factory.BeanCreationException: Error creating bean with name 'entityManagerFactory' defined in class path resource [org/springframework/boot/autoconfigure/orm/jpa/HibernateJpaConfiguration.class]: Unable to create requested service [org.hibernate.engine.jdbc.env.spi.JdbcEnvironment]
2026-02-08T09:05:50.103+01:00  INFO 12488 --- [restartedMain] o.apache.catalina.core.StandardService   : Stopping service [Tomcat]
2026-02-08T09:05:50.112+01:00  INFO 12488 --- [restartedMain] .s.b.a.l.ConditionEvaluationReportLogger : 

Error starting ApplicationContext. To display the condition evaluation report re-run your application with 'debug' enabled.
2026-02-08T09:05:50.123+01:00 ERROR 12488 --- [restartedMain] o.s.boot.SpringApplication               : Application run failed

org.springframework.beans.factory.BeanCreationException: Error creating bean with name 'entityManagerFactory' defined in class path resource [org/springframework/boot/autoconfigure/orm/jpa/HibernateJpaConfiguration.class]: Unable to create requested service [org.hibernate.engine.jdbc.env.spi.JdbcEnvironment]
	at org.springframework.beans.factory.support.AbstractAutowireCapableBeanFactory.initializeBean(AbstractAutowireCapableBeanFactory.java:1751) ~[spring-beans-6.0.2.jar:6.0.2]
	at org.springframework.beans.factory.support.AbstractAutowireCapableBeanFactory.doCreateBean(AbstractAutowireCapableBeanFactory.java:599) ~[spring-beans-6.0.2.jar:6.0.2]
	at org.springframework.beans.factory.support.AbstractAutowireCapableBeanFactory.createBean(AbstractAutowireCapableBeanFactory.java:521) ~[spring-beans-6.0.2.jar:6.0.2]
	at org.springframework.beans.factory.support.AbstractBeanFactory.lambda$doGetBean$0(AbstractBeanFactory.java:326) ~[spring-beans-6.0.2.jar:6.0.2]
	at org.springframework.beans.factory.support.DefaultSingletonBeanRegistry.getSingleton(DefaultSingletonBeanRegistry.java:234) ~[spring-beans-6.0.2.jar:6.0.2]
	at org.springframework.beans.factory.support.AbstractBeanFactory.doGetBean(AbstractBeanFactory.java:324) ~[spring-beans-6.0.2.jar:6.0.2]
	at org.springframework.beans.factory.support.AbstractBeanFactory.getBean(AbstractBeanFactory.java:200) ~[spring-beans-6.0.2.jar:6.0.2]
	at org.springframework.context.support.AbstractApplicationContext.getBean(AbstractApplicationContext.java:1130) ~[spring-context-6.0.2.jar:6.0.2]
	at org.springframework.context.support.AbstractApplicationContext.finishBeanFactoryInitialization(AbstractApplicationContext.java:905) ~[spring-context-6.0.2.jar:6.0.2]
	at org.springframework.context.support.AbstractApplicationContext.refresh(AbstractApplicationContext.java:584) ~[spring-context-6.0.2.jar:6.0.2]
	at org.springframework.boot.web.servlet.context.ServletWebServerApplicationContext.refresh(ServletWebServerApplicationContext.java:146) ~[spring-boot-3.0.0.jar:3.0.0]
	at org.springframework.boot.SpringApplication.refresh(SpringApplication.java:730) ~[spring-boot-3.0.0.jar:3.0.0]
	at org.springframework.boot.SpringApplication.refreshContext(SpringApplication.java:432) ~[spring-boot-3.0.0.jar:3.0.0]
	at org.springframework.boot.SpringApplication.run(SpringApplication.java:308) ~[spring-boot-3.0.0.jar:3.0.0]
	at org.springframework.boot.SpringApplication.run(SpringApplication.java:1302) ~[spring-boot-3.0.0.jar:3.0.0]
	at org.springframework.boot.SpringApplication.run(SpringApplication.java:1291) ~[spring-boot-3.0.0.jar:3.0.0]
	at com.example.livapp.JenkinsApplication.main(JenkinsApplication.java:10) ~[classes/:na]
	at java.base/jdk.internal.reflect.DirectMethodHandleAccessor.invoke(DirectMethodHandleAccessor.java:103) ~[na:na]
	at java.base/java.lang.reflect.Method.invoke(Method.java:580) ~[na:na]
	at org.springframework.boot.devtools.restart.RestartLauncher.run(RestartLauncher.java:49) ~[spring-boot-devtools-3.0.0.jar:3.0.0]
Caused by: org.hibernate.service.spi.ServiceException: Unable to create requested service [org.hibernate.engine.jdbc.env.spi.JdbcEnvironment]
	at org.hibernate.service.internal.AbstractServiceRegistryImpl.createService(AbstractServiceRegistryImpl.java:267) ~[hibernate-core-6.1.5.Final.jar:6.1.5.Final]
	at org.hibernate.service.internal.AbstractServiceRegistryImpl.initializeService(AbstractServiceRegistryImpl.java:230) ~[hibernate-core-6.1.5.Final.jar:6.1.5.Final]
	at org.hibernate.service.internal.AbstractServiceRegistryImpl.getService(AbstractServiceRegistryImpl.java:207) ~[hibernate-core-6.1.5.Final.jar:6.1.5.Final]
	at org.hibernate.boot.model.relational.Database.<init>(Database.java:44) ~[hibernate-core-6.1.5.Final.jar:6.1.5.Final]
	at org.hibernate.boot.internal.InFlightMetadataCollectorImpl.getDatabase(InFlightMetadataCollectorImpl.java:218) ~[hibernate-core-6.1.5.Final.jar:6.1.5.Final]
	at org.hibernate.boot.internal.InFlightMetadataCollectorImpl.<init>(InFlightMetadataCollectorImpl.java:191) ~[hibernate-core-6.1.5.Final.jar:6.1.5.Final]
	at org.hibernate.boot.model.process.spi.MetadataBuildingProcess.complete(MetadataBuildingProcess.java:138) ~[hibernate-core-6.1.5.Final.jar:6.1.5.Final]
	at org.hibernate.jpa.boot.internal.EntityManagerFactoryBuilderImpl.metadata(EntityManagerFactoryBuilderImpl.java:1350) ~[hibernate-core-6.1.5.Final.jar:6.1.5.Final]
	at org.hibernate.jpa.boot.internal.EntityManagerFactoryBuilderImpl.build(EntityManagerFactoryBuilderImpl.java:1421) ~[hibernate-core-6.1.5.Final.jar:6.1.5.Final]
	at org.springframework.orm.jpa.vendor.SpringHibernateJpaPersistenceProvider.createContainerEntityManagerFactory(SpringHibernateJpaPersistenceProvider.java:66) ~[spring-orm-6.0.2.jar:6.0.2]
	at org.springframework.orm.jpa.LocalContainerEntityManagerFactoryBean.createNativeEntityManagerFactory(LocalContainerEntityManagerFactoryBean.java:376) ~[spring-orm-6.0.2.jar:6.0.2]
	at org.springframework.orm.jpa.AbstractEntityManagerFactoryBean.buildNativeEntityManagerFactory(AbstractEntityManagerFactoryBean.java:409) ~[spring-orm-6.0.2.jar:6.0.2]
	at org.springframework.orm.jpa.AbstractEntityManagerFactoryBean.afterPropertiesSet(AbstractEntityManagerFactoryBean.java:396) ~[spring-orm-6.0.2.jar:6.0.2]
	at org.springframework.orm.jpa.LocalContainerEntityManagerFactoryBean.afterPropertiesSet(LocalContainerEntityManagerFactoryBean.java:352) ~[spring-orm-6.0.2.jar:6.0.2]
	at org.springframework.beans.factory.support.AbstractAutowireCapableBeanFactory.invokeInitMethods(AbstractAutowireCapableBeanFactory.java:1797) ~[spring-beans-6.0.2.jar:6.0.2]
	at org.springframework.beans.factory.support.AbstractAutowireCapableBeanFactory.initializeBean(AbstractAutowireCapableBeanFactory.java:1747) ~[spring-beans-6.0.2.jar:6.0.2]
	... 19 common frames omitted
Caused by: org.hibernate.HibernateException: Unable to determine Dialect without JDBC metadata (please set 'javax.persistence.jdbc.url', 'hibernate.connection.url', or 'hibernate.dialect')
	at org.hibernate.engine.jdbc.dialect.internal.DialectFactoryImpl.determineDialect(DialectFactoryImpl.java:147) ~[hibernate-core-6.1.5.Final.jar:6.1.5.Final]
	at org.hibernate.engine.jdbc.dialect.internal.DialectFactoryImpl.buildDialect(DialectFactoryImpl.java:60) ~[hibernate-core-6.1.5.Final.jar:6.1.5.Final]
	at org.hibernate.engine.jdbc.env.internal.JdbcEnvironmentInitiator.initiateService(JdbcEnvironmentInitiator.java:244) ~[hibernate-core-6.1.5.Final.jar:6.1.5.Final]
	at org.hibernate.engine.jdbc.env.internal.JdbcEnvironmentInitiator.initiateService(JdbcEnvironmentInitiator.java:36) ~[hibernate-core-6.1.5.Final.jar:6.1.5.Final]
	at org.hibernate.boot.registry.internal.StandardServiceRegistryImpl.initiateService(StandardServiceRegistryImpl.java:119) ~[hibernate-core-6.1.5.Final.jar:6.1.5.Final]
	at org.hibernate.service.internal.AbstractServiceRegistryImpl.createService(AbstractServiceRegistryImpl.java:255) ~[hibernate-core-6.1.5.Final.jar:6.1.5.Final]
	... 34 common frames omitted

2026-02-08T09:06:09.118+01:00  INFO 19136 --- [restartedMain] com.example.livapp.JenkinsApplication    : Starting JenkinsApplication using Java 21.0.8 with PID 19136 (C:\Users\ESI\IdeaProjects\jenkins\target\classes started by ESI in C:\Users\ESI\IdeaProjects\jenkins)
2026-02-08T09:06:09.119+01:00  INFO 19136 --- [restartedMain] com.example.livapp.JenkinsApplication    : No active profile set, falling back to 1 default profile: "default"
2026-02-08T09:06:09.149+01:00  INFO 19136 --- [restartedMain] .e.DevToolsPropertyDefaultsPostProcessor : Devtools property defaults active! Set 'spring.devtools.add-properties' to 'false' to disable
2026-02-08T09:06:09.150+01:00  INFO 19136 --- [restartedMain] .e.DevToolsPropertyDefaultsPostProcessor : For additional web related logging consider setting the 'logging.level.web' property to 'DEBUG'
2026-02-08T09:06:09.869+01:00  INFO 19136 --- [restartedMain] .s.d.r.c.RepositoryConfigurationDelegate : Bootstrapping Spring Data JPA repositories in DEFAULT mode.
2026-02-08T09:06:09.969+01:00  INFO 19136 --- [restartedMain] .s.d.r.c.RepositoryConfigurationDelegate : Finished Spring Data repository scanning in 95 ms. Found 27 JPA repository interfaces.
2026-02-08T09:06:10.378+01:00  INFO 19136 --- [restartedMain] o.s.b.w.embedded.tomcat.TomcatWebServer  : Tomcat initialized with port(s): 8080 (http)
2026-02-08T09:06:10.384+01:00  INFO 19136 --- [restartedMain] o.apache.catalina.core.StandardService   : Starting service [Tomcat]
2026-02-08T09:06:10.385+01:00  INFO 19136 --- [restartedMain] o.apache.catalina.core.StandardEngine    : Starting Servlet engine: [Apache Tomcat/10.1.1]
2026-02-08T09:06:10.419+01:00  INFO 19136 --- [restartedMain] o.a.c.c.C.[Tomcat].[localhost].[/]       : Initializing Spring embedded WebApplicationContext
2026-02-08T09:06:10.419+01:00  INFO 19136 --- [restartedMain] w.s.c.ServletWebServerApplicationContext : Root WebApplicationContext: initialization completed in 1269 ms
2026-02-08T09:06:10.486+01:00  INFO 19136 --- [restartedMain] com.zaxxer.hikari.HikariDataSource       : HikariPool-1 - Starting...
2026-02-08T09:06:11.565+01:00 ERROR 19136 --- [restartedMain] com.zaxxer.hikari.pool.HikariPool        : HikariPool-1 - Exception during pool initialization.

com.mysql.cj.jdbc.exceptions.CommunicationsException: Communications link failure

The last packet sent successfully to the server was 0 milliseconds ago. The driver has not received any packets from the server.
	at com.mysql.cj.jdbc.exceptions.SQLError.createCommunicationsException(SQLError.java:174) ~[mysql-connector-j-8.0.31.jar:8.0.31]
	at com.mysql.cj.jdbc.exceptions.SQLExceptionsMapping.translateException(SQLExceptionsMapping.java:64) ~[mysql-connector-j-8.0.31.jar:8.0.31]
	at com.mysql.cj.jdbc.ConnectionImpl.createNewIO(ConnectionImpl.java:828) ~[mysql-connector-j-8.0.31.jar:8.0.31]
	at com.mysql.cj.jdbc.ConnectionImpl.<init>(ConnectionImpl.java:448) ~[mysql-connector-j-8.0.31.jar:8.0.31]
	at com.mysql.cj.jdbc.ConnectionImpl.getInstance(ConnectionImpl.java:241) ~[mysql-connector-j-8.0.31.jar:8.0.31]
	at com.mysql.cj.jdbc.NonRegisteringDriver.connect(NonRegisteringDriver.java:198) ~[mysql-connector-j-8.0.31.jar:8.0.31]
	at com.zaxxer.hikari.util.DriverDataSource.getConnection(DriverDataSource.java:138) ~[HikariCP-5.0.1.jar:na]
	at com.zaxxer.hikari.pool.PoolBase.newConnection(PoolBase.java:359) ~[HikariCP-5.0.1.jar:na]
	at com.zaxxer.hikari.pool.PoolBase.newPoolEntry(PoolBase.java:201) ~[HikariCP-5.0.1.jar:na]
	at com.zaxxer.hikari.pool.HikariPool.createPoolEntry(HikariPool.java:470) ~[HikariCP-5.0.1.jar:na]
	at com.zaxxer.hikari.pool.HikariPool.checkFailFast(HikariPool.java:561) ~[HikariCP-5.0.1.jar:na]
	at com.zaxxer.hikari.pool.HikariPool.<init>(HikariPool.java:100) ~[HikariCP-5.0.1.jar:na]
	at com.zaxxer.hikari.HikariDataSource.getConnection(HikariDataSource.java:112) ~[HikariCP-5.0.1.jar:na]
	at org.springframework.boot.autoconfigure.h2.H2ConsoleAutoConfiguration.getConnectionUrl(H2ConsoleAutoConfiguration.java:94) ~[spring-boot-autoconfigure-3.0.0.jar:3.0.0]
	at java.base/java.util.stream.ReferencePipeline$3$1.accept(ReferencePipeline.java:197) ~[na:na]
	at java.base/java.util.ArrayList.forEach(ArrayList.java:1596) ~[na:na]
	at java.base/java.util.stream.SortedOps$RefSortingSink.end(SortedOps.java:395) ~[na:na]
	at java.base/java.util.stream.Sink$ChainedReference.end(Sink.java:261) ~[na:na]
	at java.base/java.util.stream.Sink$ChainedReference.end(Sink.java:261) ~[na:na]
	at java.base/java.util.stream.AbstractPipeline.copyInto(AbstractPipeline.java:510) ~[na:na]
	at java.base/java.util.stream.AbstractPipeline.wrapAndCopyInto(AbstractPipeline.java:499) ~[na:na]
	at java.base/java.util.stream.AbstractPipeline.evaluate(AbstractPipeline.java:575) ~[na:na]
	at java.base/java.util.stream.AbstractPipeline.evaluateToArrayNode(AbstractPipeline.java:260) ~[na:na]
	at java.base/java.util.stream.ReferencePipeline.toArray(ReferencePipeline.java:616) ~[na:na]
	at java.base/java.util.stream.ReferencePipeline.toArray(ReferencePipeline.java:622) ~[na:na]
	at java.base/java.util.stream.ReferencePipeline.toList(ReferencePipeline.java:627) ~[na:na]
	at org.springframework.boot.autoconfigure.h2.H2ConsoleAutoConfiguration.logDataSources(H2ConsoleAutoConfiguration.java:86) ~[spring-boot-autoconfigure-3.0.0.jar:3.0.0]
	at org.springframework.boot.autoconfigure.h2.H2ConsoleAutoConfiguration.lambda$h2Console$0(H2ConsoleAutoConfiguration.java:69) ~[spring-boot-autoconfigure-3.0.0.jar:3.0.0]
	at org.springframework.boot.autoconfigure.h2.H2ConsoleAutoConfiguration.withThreadContextClassLoader(H2ConsoleAutoConfiguration.java:78) ~[spring-boot-autoconfigure-3.0.0.jar:3.0.0]
	at org.springframework.boot.autoconfigure.h2.H2ConsoleAutoConfiguration.h2Console(H2ConsoleAutoConfiguration.java:69) ~[spring-boot-autoconfigure-3.0.0.jar:3.0.0]
	at java.base/jdk.internal.reflect.DirectMethodHandleAccessor.invoke(DirectMethodHandleAccessor.java:103) ~[na:na]
	at java.base/java.lang.reflect.Method.invoke(Method.java:580) ~[na:na]
	at org.springframework.beans.factory.support.SimpleInstantiationStrategy.instantiate(SimpleInstantiationStrategy.java:139) ~[spring-beans-6.0.2.jar:6.0.2]
	at org.springframework.beans.factory.support.ConstructorResolver.instantiate(ConstructorResolver.java:648) ~[spring-beans-6.0.2.jar:6.0.2]
	at org.springframework.beans.factory.support.ConstructorResolver.instantiateUsingFactoryMethod(ConstructorResolver.java:640) ~[spring-beans-6.0.2.jar:6.0.2]
	at org.springframework.beans.factory.support.AbstractAutowireCapableBeanFactory.instantiateUsingFactoryMethod(AbstractAutowireCapableBeanFactory.java:1324) ~[spring-beans-6.0.2.jar:6.0.2]
	at org.springframework.beans.factory.support.AbstractAutowireCapableBeanFactory.createBeanInstance(AbstractAutowireCapableBeanFactory.java:1161) ~[spring-beans-6.0.2.jar:6.0.2]
	at org.springframework.beans.factory.support.AbstractAutowireCapableBeanFactory.doCreateBean(AbstractAutowireCapableBeanFactory.java:561) ~[spring-beans-6.0.2.jar:6.0.2]
	at org.springframework.beans.factory.support.AbstractAutowireCapableBeanFactory.createBean(AbstractAutowireCapableBeanFactory.java:521) ~[spring-beans-6.0.2.jar:6.0.2]
	at org.springframework.beans.factory.support.AbstractBeanFactory.lambda$doGetBean$0(AbstractBeanFactory.java:326) ~[spring-beans-6.0.2.jar:6.0.2]
	at org.springframework.beans.factory.support.DefaultSingletonBeanRegistry.getSingleton(DefaultSingletonBeanRegistry.java:234) ~[spring-beans-6.0.2.jar:6.0.2]
	at org.springframework.beans.factory.support.AbstractBeanFactory.doGetBean(AbstractBeanFactory.java:324) ~[spring-beans-6.0.2.jar:6.0.2]
	at org.springframework.beans.factory.support.AbstractBeanFactory.getBean(AbstractBeanFactory.java:205) ~[spring-beans-6.0.2.jar:6.0.2]
	at org.springframework.boot.web.servlet.ServletContextInitializerBeans.getOrderedBeansOfType(ServletContextInitializerBeans.java:208) ~[spring-boot-3.0.0.jar:3.0.0]
	at org.springframework.boot.web.servlet.ServletContextInitializerBeans.getOrderedBeansOfType(ServletContextInitializerBeans.java:199) ~[spring-boot-3.0.0.jar:3.0.0]
	at org.springframework.boot.web.servlet.ServletContextInitializerBeans.addServletContextInitializerBeans(ServletContextInitializerBeans.java:94) ~[spring-boot-3.0.0.jar:3.0.0]
	at org.springframework.boot.web.servlet.ServletContextInitializerBeans.<init>(ServletContextInitializerBeans.java:85) ~[spring-boot-3.0.0.jar:3.0.0]
	at org.springframework.boot.web.servlet.context.ServletWebServerApplicationContext.getServletContextInitializerBeans(ServletWebServerApplicationContext.java:261) ~[spring-boot-3.0.0.jar:3.0.0]
	at org.springframework.boot.web.servlet.context.ServletWebServerApplicationContext.selfInitialize(ServletWebServerApplicationContext.java:235) ~[spring-boot-3.0.0.jar:3.0.0]
	at org.springframework.boot.web.embedded.tomcat.TomcatStarter.onStartup(TomcatStarter.java:52) ~[spring-boot-3.0.0.jar:3.0.0]
	at org.apache.catalina.core.StandardContext.startInternal(StandardContext.java:5153) ~[tomcat-embed-core-10.1.1.jar:10.1.1]
	at org.apache.catalina.util.LifecycleBase.start(LifecycleBase.java:183) ~[tomcat-embed-core-10.1.1.jar:10.1.1]
	at org.apache.catalina.core.ContainerBase$StartChild.call(ContainerBase.java:1396) ~[tomcat-embed-core-10.1.1.jar:10.1.1]
	at org.apache.catalina.core.ContainerBase$StartChild.call(ContainerBase.java:1386) ~[tomcat-embed-core-10.1.1.jar:10.1.1]
	at java.base/java.util.concurrent.FutureTask.run(FutureTask.java:317) ~[na:na]
	at org.apache.tomcat.util.threads.InlineExecutorService.execute(InlineExecutorService.java:75) ~[tomcat-embed-core-10.1.1.jar:10.1.1]
	at java.base/java.util.concurrent.AbstractExecutorService.submit(AbstractExecutorService.java:145) ~[na:na]
	at org.apache.catalina.core.ContainerBase.startInternal(ContainerBase.java:919) ~[tomcat-embed-core-10.1.1.jar:10.1.1]
	at org.apache.catalina.core.StandardHost.startInternal(StandardHost.java:886) ~[tomcat-embed-core-10.1.1.jar:10.1.1]
	at org.apache.catalina.util.LifecycleBase.start(LifecycleBase.java:183) ~[tomcat-embed-core-10.1.1.jar:10.1.1]
	at org.apache.catalina.core.ContainerBase$StartChild.call(ContainerBase.java:1396) ~[tomcat-embed-core-10.1.1.jar:10.1.1]
	at org.apache.catalina.core.ContainerBase$StartChild.call(ContainerBase.java:1386) ~[tomcat-embed-core-10.1.1.jar:10.1.1]
	at java.base/java.util.concurrent.FutureTask.run(FutureTask.java:317) ~[na:na]
	at org.apache.tomcat.util.threads.InlineExecutorService.execute(InlineExecutorService.java:75) ~[tomcat-embed-core-10.1.1.jar:10.1.1]
	at java.base/java.util.concurrent.AbstractExecutorService.submit(AbstractExecutorService.java:145) ~[na:na]
	at org.apache.catalina.core.ContainerBase.startInternal(ContainerBase.java:919) ~[tomcat-embed-core-10.1.1.jar:10.1.1]
	at org.apache.catalina.core.StandardEngine.startInternal(StandardEngine.java:252) ~[tomcat-embed-core-10.1.1.jar:10.1.1]
	at org.apache.catalina.util.LifecycleBase.start(LifecycleBase.java:183) ~[tomcat-embed-core-10.1.1.jar:10.1.1]
	at org.apache.catalina.core.StandardService.startInternal(StandardService.java:432) ~[tomcat-embed-core-10.1.1.jar:10.1.1]
	at org.apache.catalina.util.LifecycleBase.start(LifecycleBase.java:183) ~[tomcat-embed-core-10.1.1.jar:10.1.1]
	at org.apache.catalina.core.StandardServer.startInternal(StandardServer.java:926) ~[tomcat-embed-core-10.1.1.jar:10.1.1]
	at org.apache.catalina.util.LifecycleBase.start(LifecycleBase.java:183) ~[tomcat-embed-core-10.1.1.jar:10.1.1]
	at org.apache.catalina.startup.Tomcat.start(Tomcat.java:485) ~[tomcat-embed-core-10.1.1.jar:10.1.1]
	at org.springframework.boot.web.embedded.tomcat.TomcatWebServer.initialize(TomcatWebServer.java:129) ~[spring-boot-3.0.0.jar:3.0.0]
	at org.springframework.boot.web.embedded.tomcat.TomcatWebServer.<init>(TomcatWebServer.java:110) ~[spring-boot-3.0.0.jar:3.0.0]
	at org.springframework.boot.web.embedded.tomcat.TomcatServletWebServerFactory.getTomcatWebServer(TomcatServletWebServerFactory.java:486) ~[spring-boot-3.0.0.jar:3.0.0]
	at org.springframework.boot.web.embedded.tomcat.TomcatServletWebServerFactory.getWebServer(TomcatServletWebServerFactory.java:210) ~[spring-boot-3.0.0.jar:3.0.0]
	at org.springframework.boot.web.servlet.context.ServletWebServerApplicationContext.createWebServer(ServletWebServerApplicationContext.java:183) ~[spring-boot-3.0.0.jar:3.0.0]
	at org.springframework.boot.web.servlet.context.ServletWebServerApplicationContext.onRefresh(ServletWebServerApplicationContext.java:161) ~[spring-boot-3.0.0.jar:3.0.0]
	at org.springframework.context.support.AbstractApplicationContext.refresh(AbstractApplicationContext.java:578) ~[spring-context-6.0.2.jar:6.0.2]
	at org.springframework.boot.web.servlet.context.ServletWebServerApplicationContext.refresh(ServletWebServerApplicationContext.java:146) ~[spring-boot-3.0.0.jar:3.0.0]
	at org.springframework.boot.SpringApplication.refresh(SpringApplication.java:730) ~[spring-boot-3.0.0.jar:3.0.0]
	at org.springframework.boot.SpringApplication.refreshContext(SpringApplication.java:432) ~[spring-boot-3.0.0.jar:3.0.0]
	at org.springframework.boot.SpringApplication.run(SpringApplication.java:308) ~[spring-boot-3.0.0.jar:3.0.0]
	at org.springframework.boot.SpringApplication.run(SpringApplication.java:1302) ~[spring-boot-3.0.0.jar:3.0.0]
	at org.springframework.boot.SpringApplication.run(SpringApplication.java:1291) ~[spring-boot-3.0.0.jar:3.0.0]
	at com.example.livapp.JenkinsApplication.main(JenkinsApplication.java:10) ~[classes/:na]
	at java.base/jdk.internal.reflect.DirectMethodHandleAccessor.invoke(DirectMethodHandleAccessor.java:103) ~[na:na]
	at java.base/java.lang.reflect.Method.invoke(Method.java:580) ~[na:na]
	at org.springframework.boot.devtools.restart.RestartLauncher.run(RestartLauncher.java:49) ~[spring-boot-devtools-3.0.0.jar:3.0.0]
Caused by: com.mysql.cj.exceptions.CJCommunicationsException: Communications link failure

The last packet sent successfully to the server was 0 milliseconds ago. The driver has not received any packets from the server.
	at java.base/jdk.internal.reflect.DirectConstructorHandleAccessor.newInstance(DirectConstructorHandleAccessor.java:62) ~[na:na]
	at java.base/java.lang.reflect.Constructor.newInstanceWithCaller(Constructor.java:502) ~[na:na]
	at java.base/java.lang.reflect.Constructor.newInstance(Constructor.java:486) ~[na:na]
	at com.mysql.cj.exceptions.ExceptionFactory.createException(ExceptionFactory.java:61) ~[mysql-connector-j-8.0.31.jar:8.0.31]
	at com.mysql.cj.exceptions.ExceptionFactory.createException(ExceptionFactory.java:105) ~[mysql-connector-j-8.0.31.jar:8.0.31]
	at com.mysql.cj.exceptions.ExceptionFactory.createException(ExceptionFactory.java:151) ~[mysql-connector-j-8.0.31.jar:8.0.31]
	at com.mysql.cj.exceptions.ExceptionFactory.createCommunicationsException(ExceptionFactory.java:167) ~[mysql-connector-j-8.0.31.jar:8.0.31]
	at com.mysql.cj.protocol.a.NativeSocketConnection.connect(NativeSocketConnection.java:89) ~[mysql-connector-j-8.0.31.jar:8.0.31]
	at com.mysql.cj.NativeSession.connect(NativeSession.java:120) ~[mysql-connector-j-8.0.31.jar:8.0.31]
	at com.mysql.cj.jdbc.ConnectionImpl.connectOneTryOnly(ConnectionImpl.java:948) ~[mysql-connector-j-8.0.31.jar:8.0.31]
	at com.mysql.cj.jdbc.ConnectionImpl.createNewIO(ConnectionImpl.java:818) ~[mysql-connector-j-8.0.31.jar:8.0.31]
	... 87 common frames omitted
Caused by: java.net.ConnectException: Connection refused: getsockopt
	at java.base/sun.nio.ch.Net.pollConnect(Native Method) ~[na:na]
	at java.base/sun.nio.ch.Net.pollConnectNow(Net.java:682) ~[na:na]
	at java.base/sun.nio.ch.NioSocketImpl.timedFinishConnect(NioSocketImpl.java:542) ~[na:na]
	at java.base/sun.nio.ch.NioSocketImpl.connect(NioSocketImpl.java:592) ~[na:na]
	at java.base/java.net.SocksSocketImpl.connect(SocksSocketImpl.java:327) ~[na:na]
	at java.base/java.net.Socket.connect(Socket.java:751) ~[na:na]
	at com.mysql.cj.protocol.StandardSocketFactory.connect(StandardSocketFactory.java:153) ~[mysql-connector-j-8.0.31.jar:8.0.31]
	at com.mysql.cj.protocol.a.NativeSocketConnection.connect(NativeSocketConnection.java:63) ~[mysql-connector-j-8.0.31.jar:8.0.31]
	... 90 common frames omitted

2026-02-08T09:06:11.683+01:00  INFO 19136 --- [restartedMain] o.hibernate.jpa.internal.util.LogHelper  : HHH000204: Processing PersistenceUnitInfo [name: default]
2026-02-08T09:06:11.709+01:00  INFO 19136 --- [restartedMain] org.hibernate.Version                    : HHH000412: Hibernate ORM core version 6.1.5.Final
2026-02-08T09:06:11.792+01:00  WARN 19136 --- [restartedMain] org.hibernate.orm.deprecation            : HHH90000021: Encountered deprecated setting [javax.persistence.sharedCache.mode], use [jakarta.persistence.sharedCache.mode] instead
2026-02-08T09:06:11.823+01:00 DEBUG 19136 --- [restartedMain] o.h.t.d.jdbc.spi.JdbcTypeRegistry        : addDescriptor(FloatTypeDescriptor) replaced previous registration(DoubleTypeDescriptor)
2026-02-08T09:06:11.830+01:00 DEBUG 19136 --- [restartedMain] org.hibernate.type.BasicTypeRegistry     : Adding type registration boolean -> org.hibernate.type.BasicTypeReference@124b5a89
2026-02-08T09:06:11.830+01:00 DEBUG 19136 --- [restartedMain] org.hibernate.type.BasicTypeRegistry     : Adding type registration boolean -> org.hibernate.type.BasicTypeReference@124b5a89
2026-02-08T09:06:11.830+01:00 DEBUG 19136 --- [restartedMain] org.hibernate.type.BasicTypeRegistry     : Adding type registration java.lang.Boolean -> org.hibernate.type.BasicTypeReference@124b5a89
2026-02-08T09:06:11.831+01:00 DEBUG 19136 --- [restartedMain] org.hibernate.type.BasicTypeRegistry     : Adding type registration numeric_boolean -> org.hibernate.type.BasicTypeReference@59433447
2026-02-08T09:06:11.831+01:00 DEBUG 19136 --- [restartedMain] org.hibernate.type.BasicTypeRegistry     : Adding type registration org.hibernate.type.NumericBooleanConverter -> org.hibernate.type.BasicTypeReference@59433447
2026-02-08T09:06:11.831+01:00 DEBUG 19136 --- [restartedMain] org.hibernate.type.BasicTypeRegistry     : Adding type registration true_false -> org.hibernate.type.BasicTypeReference@297d6c65
2026-02-08T09:06:11.831+01:00 DEBUG 19136 --- [restartedMain] org.hibernate.type.BasicTypeRegistry     : Adding type registration org.hibernate.type.TrueFalseConverter -> org.hibernate.type.BasicTypeReference@297d6c65
2026-02-08T09:06:11.831+01:00 DEBUG 19136 --- [restartedMain] org.hibernate.type.BasicTypeRegistry     : Adding type registration yes_no -> org.hibernate.type.BasicTypeReference@364dbbc4
2026-02-08T09:06:11.831+01:00 DEBUG 19136 --- [restartedMain] org.hibernate.type.BasicTypeRegistry     : Adding type registration org.hibernate.type.YesNoConverter -> org.hibernate.type.BasicTypeReference@364dbbc4
2026-02-08T09:06:11.831+01:00 DEBUG 19136 --- [restartedMain] org.hibernate.type.BasicTypeRegistry     : Adding type registration byte -> org.hibernate.type.BasicTypeReference@7e9a2096
2026-02-08T09:06:11.831+01:00 DEBUG 19136 --- [restartedMain] org.hibernate.type.BasicTypeRegistry     : Adding type registration byte -> org.hibernate.type.BasicTypeReference@7e9a2096
2026-02-08T09:06:11.831+01:00 DEBUG 19136 --- [restartedMain] org.hibernate.type.BasicTypeRegistry     : Adding type registration java.lang.Byte -> org.hibernate.type.BasicTypeReference@7e9a2096
2026-02-08T09:06:11.831+01:00 DEBUG 19136 --- [restartedMain] org.hibernate.type.BasicTypeRegistry     : Adding type registration binary -> org.hibernate.type.BasicTypeReference@3ebbd20e
2026-02-08T09:06:11.831+01:00 DEBUG 19136 --- [restartedMain] org.hibernate.type.BasicTypeRegistry     : Adding type registration byte[] -> org.hibernate.type.BasicTypeReference@3ebbd20e
2026-02-08T09:06:11.831+01:00 DEBUG 19136 --- [restartedMain] org.hibernate.type.BasicTypeRegistry     : Adding type registration [B -> org.hibernate.type.BasicTypeReference@3ebbd20e
2026-02-08T09:06:11.833+01:00 DEBUG 19136 --- [restartedMain] org.hibernate.type.BasicTypeRegistry     : Adding type registration binary_wrapper -> org.hibernate.type.BasicTypeReference@7ce78ff8
2026-02-08T09:06:11.833+01:00 DEBUG 19136 --- [restartedMain] org.hibernate.type.BasicTypeRegistry     : Adding type registration wrapper-binary -> org.hibernate.type.BasicTypeReference@7ce78ff8
2026-02-08T09:06:11.833+01:00 DEBUG 19136 --- [restartedMain] org.hibernate.type.BasicTypeRegistry     : Adding type registration Byte[] -> org.hibernate.type.BasicTypeReference@7ce78ff8
2026-02-08T09:06:11.833+01:00 DEBUG 19136 --- [restartedMain] org.hibernate.type.BasicTypeRegistry     : Adding type registration [Ljava.lang.Byte; -> org.hibernate.type.BasicTypeReference@7ce78ff8
2026-02-08T09:06:11.833+01:00 DEBUG 19136 --- [restartedMain] org.hibernate.type.BasicTypeRegistry     : Adding type registration image -> org.hibernate.type.BasicTypeReference@27af883b
2026-02-08T09:06:11.833+01:00 DEBUG 19136 --- [restartedMain] org.hibernate.type.BasicTypeRegistry     : Adding type registration blob -> org.hibernate.type.BasicTypeReference@81e92c8
2026-02-08T09:06:11.833+01:00 DEBUG 19136 --- [restartedMain] org.hibernate.type.BasicTypeRegistry     : Adding type registration java.sql.Blob -> org.hibernate.type.BasicTypeReference@81e92c8
2026-02-08T09:06:11.833+01:00 DEBUG 19136 --- [restartedMain] org.hibernate.type.BasicTypeRegistry     : Adding type registration materialized_blob -> org.hibernate.type.BasicTypeReference@68d50a67
2026-02-08T09:06:11.833+01:00 DEBUG 19136 --- [restartedMain] org.hibernate.type.BasicTypeRegistry     : Adding type registration materialized_blob_wrapper -> org.hibernate.type.BasicTypeReference@280dd0ca
2026-02-08T09:06:11.833+01:00 DEBUG 19136 --- [restartedMain] org.hibernate.type.BasicTypeRegistry     : Adding type registration short -> org.hibernate.type.BasicTypeReference@73386ba0
2026-02-08T09:06:11.833+01:00 DEBUG 19136 --- [restartedMain] org.hibernate.type.BasicTypeRegistry     : Adding type registration short -> org.hibernate.type.BasicTypeReference@73386ba0
2026-02-08T09:06:11.833+01:00 DEBUG 19136 --- [restartedMain] org.hibernate.type.BasicTypeRegistry     : Adding type registration java.lang.Short -> org.hibernate.type.BasicTypeReference@73386ba0
2026-02-08T09:06:11.834+01:00 DEBUG 19136 --- [restartedMain] org.hibernate.type.BasicTypeRegistry     : Adding type registration integer -> org.hibernate.type.BasicTypeReference@fcc2fdd
2026-02-08T09:06:11.834+01:00 DEBUG 19136 --- [restartedMain] org.hibernate.type.BasicTypeRegistry     : Adding type registration int -> org.hibernate.type.BasicTypeReference@fcc2fdd
2026-02-08T09:06:11.834+01:00 DEBUG 19136 --- [restartedMain] org.hibernate.type.BasicTypeRegistry     : Adding type registration java.lang.Integer -> org.hibernate.type.BasicTypeReference@fcc2fdd
2026-02-08T09:06:11.834+01:00 DEBUG 19136 --- [restartedMain] org.hibernate.type.BasicTypeRegistry     : Adding type registration long -> org.hibernate.type.BasicTypeReference@4f8a8a71
2026-02-08T09:06:11.834+01:00 DEBUG 19136 --- [restartedMain] org.hibernate.type.BasicTypeRegistry     : Adding type registration long -> org.hibernate.type.BasicTypeReference@4f8a8a71
2026-02-08T09:06:11.834+01:00 DEBUG 19136 --- [restartedMain] org.hibernate.type.BasicTypeRegistry     : Adding type registration java.lang.Long -> org.hibernate.type.BasicTypeReference@4f8a8a71
2026-02-08T09:06:11.834+01:00 DEBUG 19136 --- [restartedMain] org.hibernate.type.BasicTypeRegistry     : Adding type registration float -> org.hibernate.type.BasicTypeReference@94788ca
2026-02-08T09:06:11.834+01:00 DEBUG 19136 --- [restartedMain] org.hibernate.type.BasicTypeRegistry     : Adding type registration float -> org.hibernate.type.BasicTypeReference@94788ca
2026-02-08T09:06:11.834+01:00 DEBUG 19136 --- [restartedMain] org.hibernate.type.BasicTypeRegistry     : Adding type registration java.lang.Float -> org.hibernate.type.BasicTypeReference@94788ca
2026-02-08T09:06:11.834+01:00 DEBUG 19136 --- [restartedMain] org.hibernate.type.BasicTypeRegistry     : Adding type registration double -> org.hibernate.type.BasicTypeReference@39128729
2026-02-08T09:06:11.834+01:00 DEBUG 19136 --- [restartedMain] org.hibernate.type.BasicTypeRegistry     : Adding type registration double -> org.hibernate.type.BasicTypeReference@39128729
2026-02-08T09:06:11.834+01:00 DEBUG 19136 --- [restartedMain] org.hibernate.type.BasicTypeRegistry     : Adding type registration java.lang.Double -> org.hibernate.type.BasicTypeReference@39128729
2026-02-08T09:06:11.834+01:00 DEBUG 19136 --- [restartedMain] org.hibernate.type.BasicTypeRegistry     : Adding type registration big_integer -> org.hibernate.type.BasicTypeReference@574ef511
2026-02-08T09:06:11.834+01:00 DEBUG 19136 --- [restartedMain] org.hibernate.type.BasicTypeRegistry     : Adding type registration java.math.BigInteger -> org.hibernate.type.BasicTypeReference@574ef511
2026-02-08T09:06:11.834+01:00 DEBUG 19136 --- [restartedMain] org.hibernate.type.BasicTypeRegistry     : Adding type registration big_decimal -> org.hibernate.type.BasicTypeReference@4c8c348b
2026-02-08T09:06:11.834+01:00 DEBUG 19136 --- [restartedMain] org.hibernate.type.BasicTypeRegistry     : Adding type registration java.math.BigDecimal -> org.hibernate.type.BasicTypeReference@4c8c348b
2026-02-08T09:06:11.834+01:00 DEBUG 19136 --- [restartedMain] org.hibernate.type.BasicTypeRegistry     : Adding type registration character -> org.hibernate.type.BasicTypeReference@79b8f408
2026-02-08T09:06:11.834+01:00 DEBUG 19136 --- [restartedMain] org.hibernate.type.BasicTypeRegistry     : Adding type registration char -> org.hibernate.type.BasicTypeReference@79b8f408
2026-02-08T09:06:11.834+01:00 DEBUG 19136 --- [restartedMain] org.hibernate.type.BasicTypeRegistry     : Adding type registration java.lang.Character -> org.hibernate.type.BasicTypeReference@79b8f408
2026-02-08T09:06:11.835+01:00 DEBUG 19136 --- [restartedMain] org.hibernate.type.BasicTypeRegistry     : Adding type registration character_nchar -> org.hibernate.type.BasicTypeReference@543e0fd9
2026-02-08T09:06:11.835+01:00 DEBUG 19136 --- [restartedMain] org.hibernate.type.BasicTypeRegistry     : Adding type registration string -> org.hibernate.type.BasicTypeReference@74789e32
2026-02-08T09:06:11.835+01:00 DEBUG 19136 --- [restartedMain] org.hibernate.type.BasicTypeRegistry     : Adding type registration java.lang.String -> org.hibernate.type.BasicTypeReference@74789e32
2026-02-08T09:06:11.835+01:00 DEBUG 19136 --- [restartedMain] org.hibernate.type.BasicTypeRegistry     : Adding type registration nstring -> org.hibernate.type.BasicTypeReference@59fdc45a
2026-02-08T09:06:11.835+01:00 DEBUG 19136 --- [restartedMain] org.hibernate.type.BasicTypeRegistry     : Adding type registration characters -> org.hibernate.type.BasicTypeReference@67db63d9
2026-02-08T09:06:11.835+01:00 DEBUG 19136 --- [restartedMain] org.hibernate.type.BasicTypeRegistry     : Adding type registration char[] -> org.hibernate.type.BasicTypeReference@67db63d9
2026-02-08T09:06:11.835+01:00 DEBUG 19136 --- [restartedMain] org.hibernate.type.BasicTypeRegistry     : Adding type registration [C -> org.hibernate.type.BasicTypeReference@67db63d9
2026-02-08T09:06:11.835+01:00 DEBUG 19136 --- [restartedMain] org.hibernate.type.BasicTypeRegistry     : Adding type registration wrapper-characters -> org.hibernate.type.BasicTypeReference@433fe83c
2026-02-08T09:06:11.835+01:00 DEBUG 19136 --- [restartedMain] org.hibernate.type.BasicTypeRegistry     : Adding type registration [Ljava.lang.Character; -> org.hibernate.type.BasicTypeReference@433fe83c
2026-02-08T09:06:11.835+01:00 DEBUG 19136 --- [restartedMain] org.hibernate.type.BasicTypeRegistry     : Adding type registration Character[] -> org.hibernate.type.BasicTypeReference@433fe83c
2026-02-08T09:06:11.835+01:00 DEBUG 19136 --- [restartedMain] org.hibernate.type.BasicTypeRegistry     : Adding type registration text -> org.hibernate.type.BasicTypeReference@73867767
2026-02-08T09:06:11.835+01:00 DEBUG 19136 --- [restartedMain] org.hibernate.type.BasicTypeRegistry     : Adding type registration ntext -> org.hibernate.type.BasicTypeReference@44eea259
2026-02-08T09:06:11.835+01:00 DEBUG 19136 --- [restartedMain] org.hibernate.type.BasicTypeRegistry     : Adding type registration clob -> org.hibernate.type.BasicTypeReference@7897c4b6
2026-02-08T09:06:11.835+01:00 DEBUG 19136 --- [restartedMain] org.hibernate.type.BasicTypeRegistry     : Adding type registration java.sql.Clob -> org.hibernate.type.BasicTypeReference@7897c4b6
2026-02-08T09:06:11.835+01:00 DEBUG 19136 --- [restartedMain] org.hibernate.type.BasicTypeRegistry     : Adding type registration nclob -> org.hibernate.type.BasicTypeReference@44d5ad90
2026-02-08T09:06:11.835+01:00 DEBUG 19136 --- [restartedMain] org.hibernate.type.BasicTypeRegistry     : Adding type registration java.sql.NClob -> org.hibernate.type.BasicTypeReference@44d5ad90
2026-02-08T09:06:11.835+01:00 DEBUG 19136 --- [restartedMain] org.hibernate.type.BasicTypeRegistry     : Adding type registration materialized_clob -> org.hibernate.type.BasicTypeReference@428c722
2026-02-08T09:06:11.835+01:00 DEBUG 19136 --- [restartedMain] org.hibernate.type.BasicTypeRegistry     : Adding type registration materialized_clob_char_array -> org.hibernate.type.BasicTypeReference@35e55194
2026-02-08T09:06:11.835+01:00 DEBUG 19136 --- [restartedMain] org.hibernate.type.BasicTypeRegistry     : Adding type registration materialized_clob_character_array -> org.hibernate.type.BasicTypeReference@731191ea
2026-02-08T09:06:11.835+01:00 DEBUG 19136 --- [restartedMain] org.hibernate.type.BasicTypeRegistry     : Adding type registration materialized_nclob -> org.hibernate.type.BasicTypeReference@1ac10b35
2026-02-08T09:06:11.835+01:00 DEBUG 19136 --- [restartedMain] org.hibernate.type.BasicTypeRegistry     : Adding type registration materialized_nclob_character_array -> org.hibernate.type.BasicTypeReference@5892ce98
2026-02-08T09:06:11.835+01:00 DEBUG 19136 --- [restartedMain] org.hibernate.type.BasicTypeRegistry     : Adding type registration materialized_nclob_char_array -> org.hibernate.type.BasicTypeReference@47e45def
2026-02-08T09:06:11.836+01:00 DEBUG 19136 --- [restartedMain] org.hibernate.type.BasicTypeRegistry     : Adding type registration Duration -> org.hibernate.type.BasicTypeReference@38850a38
2026-02-08T09:06:11.836+01:00 DEBUG 19136 --- [restartedMain] org.hibernate.type.BasicTypeRegistry     : Adding type registration java.time.Duration -> org.hibernate.type.BasicTypeReference@38850a38
2026-02-08T09:06:11.836+01:00 DEBUG 19136 --- [restartedMain] org.hibernate.type.BasicTypeRegistry     : Adding type registration LocalDateTime -> org.hibernate.type.BasicTypeReference@2a0f26be
2026-02-08T09:06:11.836+01:00 DEBUG 19136 --- [restartedMain] org.hibernate.type.BasicTypeRegistry     : Adding type registration java.time.LocalDateTime -> org.hibernate.type.BasicTypeReference@2a0f26be
2026-02-08T09:06:11.836+01:00 DEBUG 19136 --- [restartedMain] org.hibernate.type.BasicTypeRegistry     : Adding type registration LocalDate -> org.hibernate.type.BasicTypeReference@6427db69
2026-02-08T09:06:11.836+01:00 DEBUG 19136 --- [restartedMain] org.hibernate.type.BasicTypeRegistry     : Adding type registration java.time.LocalDate -> org.hibernate.type.BasicTypeReference@6427db69
2026-02-08T09:06:11.836+01:00 DEBUG 19136 --- [restartedMain] org.hibernate.type.BasicTypeRegistry     : Adding type registration LocalTime -> org.hibernate.type.BasicTypeReference@149f927
2026-02-08T09:06:11.836+01:00 DEBUG 19136 --- [restartedMain] org.hibernate.type.BasicTypeRegistry     : Adding type registration java.time.LocalTime -> org.hibernate.type.BasicTypeReference@149f927
2026-02-08T09:06:11.836+01:00 DEBUG 19136 --- [restartedMain] org.hibernate.type.BasicTypeRegistry     : Adding type registration OffsetDateTime -> org.hibernate.type.BasicTypeReference@110de7fc
2026-02-08T09:06:11.836+01:00 DEBUG 19136 --- [restartedMain] org.hibernate.type.BasicTypeRegistry     : Adding type registration java.time.OffsetDateTime -> org.hibernate.type.BasicTypeReference@110de7fc
2026-02-08T09:06:11.836+01:00 DEBUG 19136 --- [restartedMain] org.hibernate.type.BasicTypeRegistry     : Adding type registration OffsetDateTimeWithTimezone -> org.hibernate.type.BasicTypeReference@42e419b5
2026-02-08T09:06:11.836+01:00 DEBUG 19136 --- [restartedMain] org.hibernate.type.BasicTypeRegistry     : Adding type registration OffsetDateTimeWithoutTimezone -> org.hibernate.type.BasicTypeReference@18427e13
2026-02-08T09:06:11.836+01:00 DEBUG 19136 --- [restartedMain] org.hibernate.type.BasicTypeRegistry     : Adding type registration OffsetTime -> org.hibernate.type.BasicTypeReference@568c3cfd
2026-02-08T09:06:11.836+01:00 DEBUG 19136 --- [restartedMain] org.hibernate.type.BasicTypeRegistry     : Adding type registration java.time.OffsetTime -> org.hibernate.type.BasicTypeReference@568c3cfd
2026-02-08T09:06:11.836+01:00 DEBUG 19136 --- [restartedMain] org.hibernate.type.BasicTypeRegistry     : Adding type registration ZonedDateTime -> org.hibernate.type.BasicTypeReference@284003d7
2026-02-08T09:06:11.836+01:00 DEBUG 19136 --- [restartedMain] org.hibernate.type.BasicTypeRegistry     : Adding type registration java.time.ZonedDateTime -> org.hibernate.type.BasicTypeReference@284003d7
2026-02-08T09:06:11.836+01:00 DEBUG 19136 --- [restartedMain] org.hibernate.type.BasicTypeRegistry     : Adding type registration ZonedDateTimeWithTimezone -> org.hibernate.type.BasicTypeReference@4a0b8edb
2026-02-08T09:06:11.836+01:00 DEBUG 19136 --- [restartedMain] org.hibernate.type.BasicTypeRegistry     : Adding type registration ZonedDateTimeWithoutTimezone -> org.hibernate.type.BasicTypeReference@41b2c36f
2026-02-08T09:06:11.836+01:00 DEBUG 19136 --- [restartedMain] org.hibernate.type.BasicTypeRegistry     : Adding type registration date -> org.hibernate.type.BasicTypeReference@76ee6470
2026-02-08T09:06:11.836+01:00 DEBUG 19136 --- [restartedMain] org.hibernate.type.BasicTypeRegistry     : Adding type registration java.sql.Date -> org.hibernate.type.BasicTypeReference@76ee6470
2026-02-08T09:06:11.836+01:00 DEBUG 19136 --- [restartedMain] org.hibernate.type.BasicTypeRegistry     : Adding type registration time -> org.hibernate.type.BasicTypeReference@5e189fc1
2026-02-08T09:06:11.836+01:00 DEBUG 19136 --- [restartedMain] org.hibernate.type.BasicTypeRegistry     : Adding type registration java.sql.Time -> org.hibernate.type.BasicTypeReference@5e189fc1
2026-02-08T09:06:11.836+01:00 DEBUG 19136 --- [restartedMain] org.hibernate.type.BasicTypeRegistry     : Adding type registration timestamp -> org.hibernate.type.BasicTypeReference@48f3bf8f
2026-02-08T09:06:11.836+01:00 DEBUG 19136 --- [restartedMain] org.hibernate.type.BasicTypeRegistry     : Adding type registration java.sql.Timestamp -> org.hibernate.type.BasicTypeReference@48f3bf8f
2026-02-08T09:06:11.836+01:00 DEBUG 19136 --- [restartedMain] org.hibernate.type.BasicTypeRegistry     : Adding type registration java.util.Date -> org.hibernate.type.BasicTypeReference@48f3bf8f
2026-02-08T09:06:11.836+01:00 DEBUG 19136 --- [restartedMain] org.hibernate.type.BasicTypeRegistry     : Adding type registration calendar -> org.hibernate.type.BasicTypeReference@1f0db445
2026-02-08T09:06:11.836+01:00 DEBUG 19136 --- [restartedMain] org.hibernate.type.BasicTypeRegistry     : Adding type registration java.util.Calendar -> org.hibernate.type.BasicTypeReference@1f0db445
2026-02-08T09:06:11.836+01:00 DEBUG 19136 --- [restartedMain] org.hibernate.type.BasicTypeRegistry     : Adding type registration java.util.GregorianCalendar -> org.hibernate.type.BasicTypeReference@1f0db445
2026-02-08T09:06:11.837+01:00 DEBUG 19136 --- [restartedMain] org.hibernate.type.BasicTypeRegistry     : Adding type registration calendar_date -> org.hibernate.type.BasicTypeReference@1a458e30
2026-02-08T09:06:11.837+01:00 DEBUG 19136 --- [restartedMain] org.hibernate.type.BasicTypeRegistry     : Adding type registration calendar_time -> org.hibernate.type.BasicTypeReference@39fc2e
2026-02-08T09:06:11.837+01:00 DEBUG 19136 --- [restartedMain] org.hibernate.type.BasicTypeRegistry     : Adding type registration instant -> org.hibernate.type.BasicTypeReference@55632461
2026-02-08T09:06:11.837+01:00 DEBUG 19136 --- [restartedMain] org.hibernate.type.BasicTypeRegistry     : Adding type registration java.time.Instant -> org.hibernate.type.BasicTypeReference@55632461
2026-02-08T09:06:11.837+01:00 DEBUG 19136 --- [restartedMain] org.hibernate.type.BasicTypeRegistry     : Adding type registration uuid -> org.hibernate.type.BasicTypeReference@273e0d14
2026-02-08T09:06:11.837+01:00 DEBUG 19136 --- [restartedMain] org.hibernate.type.BasicTypeRegistry     : Adding type registration java.util.UUID -> org.hibernate.type.BasicTypeReference@273e0d14
2026-02-08T09:06:11.837+01:00 DEBUG 19136 --- [restartedMain] org.hibernate.type.BasicTypeRegistry     : Adding type registration pg-uuid -> org.hibernate.type.BasicTypeReference@273e0d14
2026-02-08T09:06:11.837+01:00 DEBUG 19136 --- [restartedMain] org.hibernate.type.BasicTypeRegistry     : Adding type registration uuid-binary -> org.hibernate.type.BasicTypeReference@113c33cd
2026-02-08T09:06:11.837+01:00 DEBUG 19136 --- [restartedMain] org.hibernate.type.BasicTypeRegistry     : Adding type registration uuid-char -> org.hibernate.type.BasicTypeReference@5eab6548
2026-02-08T09:06:11.837+01:00 DEBUG 19136 --- [restartedMain] org.hibernate.type.BasicTypeRegistry     : Adding type registration class -> org.hibernate.type.BasicTypeReference@122702d0
2026-02-08T09:06:11.837+01:00 DEBUG 19136 --- [restartedMain] org.hibernate.type.BasicTypeRegistry     : Adding type registration java.lang.Class -> org.hibernate.type.BasicTypeReference@122702d0
2026-02-08T09:06:11.837+01:00 DEBUG 19136 --- [restartedMain] org.hibernate.type.BasicTypeRegistry     : Adding type registration currency -> org.hibernate.type.BasicTypeReference@45a6eb2d
2026-02-08T09:06:11.837+01:00 DEBUG 19136 --- [restartedMain] org.hibernate.type.BasicTypeRegistry     : Adding type registration Currency -> org.hibernate.type.BasicTypeReference@45a6eb2d
2026-02-08T09:06:11.837+01:00 DEBUG 19136 --- [restartedMain] org.hibernate.type.BasicTypeRegistry     : Adding type registration java.util.Currency -> org.hibernate.type.BasicTypeReference@45a6eb2d
2026-02-08T09:06:11.837+01:00 DEBUG 19136 --- [restartedMain] org.hibernate.type.BasicTypeRegistry     : Adding type registration locale -> org.hibernate.type.BasicTypeReference@35f41a0f
2026-02-08T09:06:11.837+01:00 DEBUG 19136 --- [restartedMain] org.hibernate.type.BasicTypeRegistry     : Adding type registration java.util.Locale -> org.hibernate.type.BasicTypeReference@35f41a0f
2026-02-08T09:06:11.837+01:00 DEBUG 19136 --- [restartedMain] org.hibernate.type.BasicTypeRegistry     : Adding type registration serializable -> org.hibernate.type.BasicTypeReference@3070a8dc
2026-02-08T09:06:11.837+01:00 DEBUG 19136 --- [restartedMain] org.hibernate.type.BasicTypeRegistry     : Adding type registration java.io.Serializable -> org.hibernate.type.BasicTypeReference@3070a8dc
2026-02-08T09:06:11.837+01:00 DEBUG 19136 --- [restartedMain] org.hibernate.type.BasicTypeRegistry     : Adding type registration timezone -> org.hibernate.type.BasicTypeReference@1aeb0d80
2026-02-08T09:06:11.837+01:00 DEBUG 19136 --- [restartedMain] org.hibernate.type.BasicTypeRegistry     : Adding type registration java.util.TimeZone -> org.hibernate.type.BasicTypeReference@1aeb0d80
2026-02-08T09:06:11.837+01:00 DEBUG 19136 --- [restartedMain] org.hibernate.type.BasicTypeRegistry     : Adding type registration ZoneOffset -> org.hibernate.type.BasicTypeReference@68667273
2026-02-08T09:06:11.837+01:00 DEBUG 19136 --- [restartedMain] org.hibernate.type.BasicTypeRegistry     : Adding type registration java.time.ZoneOffset -> org.hibernate.type.BasicTypeReference@68667273
2026-02-08T09:06:11.837+01:00 DEBUG 19136 --- [restartedMain] org.hibernate.type.BasicTypeRegistry     : Adding type registration url -> org.hibernate.type.BasicTypeReference@7d573912
2026-02-08T09:06:11.837+01:00 DEBUG 19136 --- [restartedMain] org.hibernate.type.BasicTypeRegistry     : Adding type registration java.net.URL -> org.hibernate.type.BasicTypeReference@7d573912
2026-02-08T09:06:11.837+01:00 DEBUG 19136 --- [restartedMain] org.hibernate.type.BasicTypeRegistry     : Adding type registration row_version -> org.hibernate.type.BasicTypeReference@4854482c
2026-02-08T09:06:11.841+01:00 DEBUG 19136 --- [restartedMain] org.hibernate.type.BasicTypeRegistry     : Adding type registration dbtimestamp -> org.hibernate.type.DbTimestampType@2fd176e4
2026-02-08T09:06:11.841+01:00 DEBUG 19136 --- [restartedMain] org.hibernate.type.BasicTypeRegistry     : Adding type registration dbtimestamp -> org.hibernate.type.DbTimestampType@2fd176e4
2026-02-08T09:06:11.842+01:00 DEBUG 19136 --- [restartedMain] org.hibernate.type.BasicTypeRegistry     : Adding type registration object -> org.hibernate.type.JavaObjectType@1652152f
2026-02-08T09:06:11.842+01:00 DEBUG 19136 --- [restartedMain] org.hibernate.type.BasicTypeRegistry     : Adding type registration java.lang.Object -> org.hibernate.type.JavaObjectType@1652152f
2026-02-08T09:06:11.842+01:00 DEBUG 19136 --- [restartedMain] org.hibernate.type.BasicTypeRegistry     : Adding type registration null -> org.hibernate.type.NullType@5d6e463a
2026-02-08T09:06:11.844+01:00 DEBUG 19136 --- [restartedMain] org.hibernate.type.BasicTypeRegistry     : Adding type registration imm_date -> org.hibernate.type.BasicTypeReference@2e21f96c
2026-02-08T09:06:11.844+01:00 DEBUG 19136 --- [restartedMain] org.hibernate.type.BasicTypeRegistry     : Adding type registration imm_time -> org.hibernate.type.BasicTypeReference@76ef9dd4
2026-02-08T09:06:11.844+01:00 DEBUG 19136 --- [restartedMain] org.hibernate.type.BasicTypeRegistry     : Adding type registration imm_timestamp -> org.hibernate.type.BasicTypeReference@55d8b89e
2026-02-08T09:06:11.844+01:00 DEBUG 19136 --- [restartedMain] org.hibernate.type.BasicTypeRegistry     : Adding type registration imm_calendar -> org.hibernate.type.BasicTypeReference@7aa86b89
2026-02-08T09:06:11.844+01:00 DEBUG 19136 --- [restartedMain] org.hibernate.type.BasicTypeRegistry     : Adding type registration imm_calendar_date -> org.hibernate.type.BasicTypeReference@5b630729
2026-02-08T09:06:11.844+01:00 DEBUG 19136 --- [restartedMain] org.hibernate.type.BasicTypeRegistry     : Adding type registration imm_calendar_time -> org.hibernate.type.BasicTypeReference@51e820ac
2026-02-08T09:06:11.844+01:00 DEBUG 19136 --- [restartedMain] org.hibernate.type.BasicTypeRegistry     : Adding type registration imm_binary -> org.hibernate.type.BasicTypeReference@41e47e47
2026-02-08T09:06:11.844+01:00 DEBUG 19136 --- [restartedMain] org.hibernate.type.BasicTypeRegistry     : Adding type registration imm_serializable -> org.hibernate.type.BasicTypeReference@78a9a1d1
2026-02-08T09:06:11.859+01:00  INFO 19136 --- [restartedMain] com.zaxxer.hikari.HikariDataSource       : HikariPool-1 - Starting...
2026-02-08T09:06:12.880+01:00 ERROR 19136 --- [restartedMain] com.zaxxer.hikari.pool.HikariPool        : HikariPool-1 - Exception during pool initialization.

com.mysql.cj.jdbc.exceptions.CommunicationsException: Communications link failure

The last packet sent successfully to the server was 0 milliseconds ago. The driver has not received any packets from the server.
	at com.mysql.cj.jdbc.exceptions.SQLError.createCommunicationsException(SQLError.java:174) ~[mysql-connector-j-8.0.31.jar:8.0.31]
	at com.mysql.cj.jdbc.exceptions.SQLExceptionsMapping.translateException(SQLExceptionsMapping.java:64) ~[mysql-connector-j-8.0.31.jar:8.0.31]
	at com.mysql.cj.jdbc.ConnectionImpl.createNewIO(ConnectionImpl.java:828) ~[mysql-connector-j-8.0.31.jar:8.0.31]
	at com.mysql.cj.jdbc.ConnectionImpl.<init>(ConnectionImpl.java:448) ~[mysql-connector-j-8.0.31.jar:8.0.31]
	at com.mysql.cj.jdbc.ConnectionImpl.getInstance(ConnectionImpl.java:241) ~[mysql-connector-j-8.0.31.jar:8.0.31]
	at com.mysql.cj.jdbc.NonRegisteringDriver.connect(NonRegisteringDriver.java:198) ~[mysql-connector-j-8.0.31.jar:8.0.31]
	at com.zaxxer.hikari.util.DriverDataSource.getConnection(DriverDataSource.java:138) ~[HikariCP-5.0.1.jar:na]
	at com.zaxxer.hikari.pool.PoolBase.newConnection(PoolBase.java:359) ~[HikariCP-5.0.1.jar:na]
	at com.zaxxer.hikari.pool.PoolBase.newPoolEntry(PoolBase.java:201) ~[HikariCP-5.0.1.jar:na]
	at com.zaxxer.hikari.pool.HikariPool.createPoolEntry(HikariPool.java:470) ~[HikariCP-5.0.1.jar:na]
	at com.zaxxer.hikari.pool.HikariPool.checkFailFast(HikariPool.java:561) ~[HikariCP-5.0.1.jar:na]
	at com.zaxxer.hikari.pool.HikariPool.<init>(HikariPool.java:100) ~[HikariCP-5.0.1.jar:na]
	at com.zaxxer.hikari.HikariDataSource.getConnection(HikariDataSource.java:112) ~[HikariCP-5.0.1.jar:na]
	at org.hibernate.engine.jdbc.connections.internal.DatasourceConnectionProviderImpl.getConnection(DatasourceConnectionProviderImpl.java:122) ~[hibernate-core-6.1.5.Final.jar:6.1.5.Final]
	at org.hibernate.engine.jdbc.env.internal.JdbcEnvironmentInitiator$ConnectionProviderJdbcConnectionAccess.obtainConnection(JdbcEnvironmentInitiator.java:284) ~[hibernate-core-6.1.5.Final.jar:6.1.5.Final]
	at org.hibernate.engine.jdbc.env.internal.JdbcEnvironmentInitiator.initiateService(JdbcEnvironmentInitiator.java:177) ~[hibernate-core-6.1.5.Final.jar:6.1.5.Final]
	at org.hibernate.engine.jdbc.env.internal.JdbcEnvironmentInitiator.initiateService(JdbcEnvironmentInitiator.java:36) ~[hibernate-core-6.1.5.Final.jar:6.1.5.Final]
	at org.hibernate.boot.registry.internal.StandardServiceRegistryImpl.initiateService(StandardServiceRegistryImpl.java:119) ~[hibernate-core-6.1.5.Final.jar:6.1.5.Final]
	at org.hibernate.service.internal.AbstractServiceRegistryImpl.createService(AbstractServiceRegistryImpl.java:255) ~[hibernate-core-6.1.5.Final.jar:6.1.5.Final]
	at org.hibernate.service.internal.AbstractServiceRegistryImpl.initializeService(AbstractServiceRegistryImpl.java:230) ~[hibernate-core-6.1.5.Final.jar:6.1.5.Final]
	at org.hibernate.service.internal.AbstractServiceRegistryImpl.getService(AbstractServiceRegistryImpl.java:207) ~[hibernate-core-6.1.5.Final.jar:6.1.5.Final]
	at org.hibernate.boot.model.relational.Database.<init>(Database.java:44) ~[hibernate-core-6.1.5.Final.jar:6.1.5.Final]
	at org.hibernate.boot.internal.InFlightMetadataCollectorImpl.getDatabase(InFlightMetadataCollectorImpl.java:218) ~[hibernate-core-6.1.5.Final.jar:6.1.5.Final]
	at org.hibernate.boot.internal.InFlightMetadataCollectorImpl.<init>(InFlightMetadataCollectorImpl.java:191) ~[hibernate-core-6.1.5.Final.jar:6.1.5.Final]
	at org.hibernate.boot.model.process.spi.MetadataBuildingProcess.complete(MetadataBuildingProcess.java:138) ~[hibernate-core-6.1.5.Final.jar:6.1.5.Final]
	at org.hibernate.jpa.boot.internal.EntityManagerFactoryBuilderImpl.metadata(EntityManagerFactoryBuilderImpl.java:1350) ~[hibernate-core-6.1.5.Final.jar:6.1.5.Final]
	at org.hibernate.jpa.boot.internal.EntityManagerFactoryBuilderImpl.build(EntityManagerFactoryBuilderImpl.java:1421) ~[hibernate-core-6.1.5.Final.jar:6.1.5.Final]
	at org.springframework.orm.jpa.vendor.SpringHibernateJpaPersistenceProvider.createContainerEntityManagerFactory(SpringHibernateJpaPersistenceProvider.java:66) ~[spring-orm-6.0.2.jar:6.0.2]
	at org.springframework.orm.jpa.LocalContainerEntityManagerFactoryBean.createNativeEntityManagerFactory(LocalContainerEntityManagerFactoryBean.java:376) ~[spring-orm-6.0.2.jar:6.0.2]
	at org.springframework.orm.jpa.AbstractEntityManagerFactoryBean.buildNativeEntityManagerFactory(AbstractEntityManagerFactoryBean.java:409) ~[spring-orm-6.0.2.jar:6.0.2]
	at org.springframework.orm.jpa.AbstractEntityManagerFactoryBean.afterPropertiesSet(AbstractEntityManagerFactoryBean.java:396) ~[spring-orm-6.0.2.jar:6.0.2]
	at org.springframework.orm.jpa.LocalContainerEntityManagerFactoryBean.afterPropertiesSet(LocalContainerEntityManagerFactoryBean.java:352) ~[spring-orm-6.0.2.jar:6.0.2]
	at org.springframework.beans.factory.support.AbstractAutowireCapableBeanFactory.invokeInitMethods(AbstractAutowireCapableBeanFactory.java:1797) ~[spring-beans-6.0.2.jar:6.0.2]
	at org.springframework.beans.factory.support.AbstractAutowireCapableBeanFactory.initializeBean(AbstractAutowireCapableBeanFactory.java:1747) ~[spring-beans-6.0.2.jar:6.0.2]
	at org.springframework.beans.factory.support.AbstractAutowireCapableBeanFactory.doCreateBean(AbstractAutowireCapableBeanFactory.java:599) ~[spring-beans-6.0.2.jar:6.0.2]
	at org.springframework.beans.factory.support.AbstractAutowireCapableBeanFactory.createBean(AbstractAutowireCapableBeanFactory.java:521) ~[spring-beans-6.0.2.jar:6.0.2]
	at org.springframework.beans.factory.support.AbstractBeanFactory.lambda$doGetBean$0(AbstractBeanFactory.java:326) ~[spring-beans-6.0.2.jar:6.0.2]
	at org.springframework.beans.factory.support.DefaultSingletonBeanRegistry.getSingleton(DefaultSingletonBeanRegistry.java:234) ~[spring-beans-6.0.2.jar:6.0.2]
	at org.springframework.beans.factory.support.AbstractBeanFactory.doGetBean(AbstractBeanFactory.java:324) ~[spring-beans-6.0.2.jar:6.0.2]
	at org.springframework.beans.factory.support.AbstractBeanFactory.getBean(AbstractBeanFactory.java:200) ~[spring-beans-6.0.2.jar:6.0.2]
	at org.springframework.context.support.AbstractApplicationContext.getBean(AbstractApplicationContext.java:1130) ~[spring-context-6.0.2.jar:6.0.2]
	at org.springframework.context.support.AbstractApplicationContext.finishBeanFactoryInitialization(AbstractApplicationContext.java:905) ~[spring-context-6.0.2.jar:6.0.2]
	at org.springframework.context.support.AbstractApplicationContext.refresh(AbstractApplicationContext.java:584) ~[spring-context-6.0.2.jar:6.0.2]
	at org.springframework.boot.web.servlet.context.ServletWebServerApplicationContext.refresh(ServletWebServerApplicationContext.java:146) ~[spring-boot-3.0.0.jar:3.0.0]
	at org.springframework.boot.SpringApplication.refresh(SpringApplication.java:730) ~[spring-boot-3.0.0.jar:3.0.0]
	at org.springframework.boot.SpringApplication.refreshContext(SpringApplication.java:432) ~[spring-boot-3.0.0.jar:3.0.0]
	at org.springframework.boot.SpringApplication.run(SpringApplication.java:308) ~[spring-boot-3.0.0.jar:3.0.0]
	at org.springframework.boot.SpringApplication.run(SpringApplication.java:1302) ~[spring-boot-3.0.0.jar:3.0.0]
	at org.springframework.boot.SpringApplication.run(SpringApplication.java:1291) ~[spring-boot-3.0.0.jar:3.0.0]
	at com.example.livapp.JenkinsApplication.main(JenkinsApplication.java:10) ~[classes/:na]
	at java.base/jdk.internal.reflect.DirectMethodHandleAccessor.invoke(DirectMethodHandleAccessor.java:103) ~[na:na]
	at java.base/java.lang.reflect.Method.invoke(Method.java:580) ~[na:na]
	at org.springframework.boot.devtools.restart.RestartLauncher.run(RestartLauncher.java:49) ~[spring-boot-devtools-3.0.0.jar:3.0.0]
Caused by: com.mysql.cj.exceptions.CJCommunicationsException: Communications link failure

The last packet sent successfully to the server was 0 milliseconds ago. The driver has not received any packets from the server.
	at java.base/jdk.internal.reflect.DirectConstructorHandleAccessor.newInstance(DirectConstructorHandleAccessor.java:62) ~[na:na]
	at java.base/java.lang.reflect.Constructor.newInstanceWithCaller(Constructor.java:502) ~[na:na]
	at java.base/java.lang.reflect.Constructor.newInstance(Constructor.java:486) ~[na:na]
	at com.mysql.cj.exceptions.ExceptionFactory.createException(ExceptionFactory.java:61) ~[mysql-connector-j-8.0.31.jar:8.0.31]
	at com.mysql.cj.exceptions.ExceptionFactory.createException(ExceptionFactory.java:105) ~[mysql-connector-j-8.0.31.jar:8.0.31]
	at com.mysql.cj.exceptions.ExceptionFactory.createException(ExceptionFactory.java:151) ~[mysql-connector-j-8.0.31.jar:8.0.31]
	at com.mysql.cj.exceptions.ExceptionFactory.createCommunicationsException(ExceptionFactory.java:167) ~[mysql-connector-j-8.0.31.jar:8.0.31]
	at com.mysql.cj.protocol.a.NativeSocketConnection.connect(NativeSocketConnection.java:89) ~[mysql-connector-j-8.0.31.jar:8.0.31]
	at com.mysql.cj.NativeSession.connect(NativeSession.java:120) ~[mysql-connector-j-8.0.31.jar:8.0.31]
	at com.mysql.cj.jdbc.ConnectionImpl.connectOneTryOnly(ConnectionImpl.java:948) ~[mysql-connector-j-8.0.31.jar:8.0.31]
	at com.mysql.cj.jdbc.ConnectionImpl.createNewIO(ConnectionImpl.java:818) ~[mysql-connector-j-8.0.31.jar:8.0.31]
	... 50 common frames omitted
Caused by: java.net.ConnectException: Connection refused: getsockopt
	at java.base/sun.nio.ch.Net.pollConnect(Native Method) ~[na:na]
	at java.base/sun.nio.ch.Net.pollConnectNow(Net.java:682) ~[na:na]
	at java.base/sun.nio.ch.NioSocketImpl.timedFinishConnect(NioSocketImpl.java:542) ~[na:na]
	at java.base/sun.nio.ch.NioSocketImpl.connect(NioSocketImpl.java:592) ~[na:na]
	at java.base/java.net.SocksSocketImpl.connect(SocksSocketImpl.java:327) ~[na:na]
	at java.base/java.net.Socket.connect(Socket.java:751) ~[na:na]
	at com.mysql.cj.protocol.StandardSocketFactory.connect(StandardSocketFactory.java:153) ~[mysql-connector-j-8.0.31.jar:8.0.31]
	at com.mysql.cj.protocol.a.NativeSocketConnection.connect(NativeSocketConnection.java:63) ~[mysql-connector-j-8.0.31.jar:8.0.31]
	... 53 common frames omitted

2026-02-08T09:06:12.885+01:00  WARN 19136 --- [restartedMain] o.h.e.j.e.i.JdbcEnvironmentInitiator     : HHH000342: Could not obtain connection to query metadata

com.mysql.cj.jdbc.exceptions.CommunicationsException: Communications link failure

The last packet sent successfully to the server was 0 milliseconds ago. The driver has not received any packets from the server.
	at com.mysql.cj.jdbc.exceptions.SQLError.createCommunicationsException(SQLError.java:174) ~[mysql-connector-j-8.0.31.jar:8.0.31]
	at com.mysql.cj.jdbc.exceptions.SQLExceptionsMapping.translateException(SQLExceptionsMapping.java:64) ~[mysql-connector-j-8.0.31.jar:8.0.31]
	at com.mysql.cj.jdbc.ConnectionImpl.createNewIO(ConnectionImpl.java:828) ~[mysql-connector-j-8.0.31.jar:8.0.31]
	at com.mysql.cj.jdbc.ConnectionImpl.<init>(ConnectionImpl.java:448) ~[mysql-connector-j-8.0.31.jar:8.0.31]
	at com.mysql.cj.jdbc.ConnectionImpl.getInstance(ConnectionImpl.java:241) ~[mysql-connector-j-8.0.31.jar:8.0.31]
	at com.mysql.cj.jdbc.NonRegisteringDriver.connect(NonRegisteringDriver.java:198) ~[mysql-connector-j-8.0.31.jar:8.0.31]
	at com.zaxxer.hikari.util.DriverDataSource.getConnection(DriverDataSource.java:138) ~[HikariCP-5.0.1.jar:na]
	at com.zaxxer.hikari.pool.PoolBase.newConnection(PoolBase.java:359) ~[HikariCP-5.0.1.jar:na]
	at com.zaxxer.hikari.pool.PoolBase.newPoolEntry(PoolBase.java:201) ~[HikariCP-5.0.1.jar:na]
	at com.zaxxer.hikari.pool.HikariPool.createPoolEntry(HikariPool.java:470) ~[HikariCP-5.0.1.jar:na]
	at com.zaxxer.hikari.pool.HikariPool.checkFailFast(HikariPool.java:561) ~[HikariCP-5.0.1.jar:na]
	at com.zaxxer.hikari.pool.HikariPool.<init>(HikariPool.java:100) ~[HikariCP-5.0.1.jar:na]
	at com.zaxxer.hikari.HikariDataSource.getConnection(HikariDataSource.java:112) ~[HikariCP-5.0.1.jar:na]
	at org.hibernate.engine.jdbc.connections.internal.DatasourceConnectionProviderImpl.getConnection(DatasourceConnectionProviderImpl.java:122) ~[hibernate-core-6.1.5.Final.jar:6.1.5.Final]
	at org.hibernate.engine.jdbc.env.internal.JdbcEnvironmentInitiator$ConnectionProviderJdbcConnectionAccess.obtainConnection(JdbcEnvironmentInitiator.java:284) ~[hibernate-core-6.1.5.Final.jar:6.1.5.Final]
	at org.hibernate.engine.jdbc.env.internal.JdbcEnvironmentInitiator.initiateService(JdbcEnvironmentInitiator.java:177) ~[hibernate-core-6.1.5.Final.jar:6.1.5.Final]
	at org.hibernate.engine.jdbc.env.internal.JdbcEnvironmentInitiator.initiateService(JdbcEnvironmentInitiator.java:36) ~[hibernate-core-6.1.5.Final.jar:6.1.5.Final]
	at org.hibernate.boot.registry.internal.StandardServiceRegistryImpl.initiateService(StandardServiceRegistryImpl.java:119) ~[hibernate-core-6.1.5.Final.jar:6.1.5.Final]
	at org.hibernate.service.internal.AbstractServiceRegistryImpl.createService(AbstractServiceRegistryImpl.java:255) ~[hibernate-core-6.1.5.Final.jar:6.1.5.Final]
	at org.hibernate.service.internal.AbstractServiceRegistryImpl.initializeService(AbstractServiceRegistryImpl.java:230) ~[hibernate-core-6.1.5.Final.jar:6.1.5.Final]
	at org.hibernate.service.internal.AbstractServiceRegistryImpl.getService(AbstractServiceRegistryImpl.java:207) ~[hibernate-core-6.1.5.Final.jar:6.1.5.Final]
	at org.hibernate.boot.model.relational.Database.<init>(Database.java:44) ~[hibernate-core-6.1.5.Final.jar:6.1.5.Final]
	at org.hibernate.boot.internal.InFlightMetadataCollectorImpl.getDatabase(InFlightMetadataCollectorImpl.java:218) ~[hibernate-core-6.1.5.Final.jar:6.1.5.Final]
	at org.hibernate.boot.internal.InFlightMetadataCollectorImpl.<init>(InFlightMetadataCollectorImpl.java:191) ~[hibernate-core-6.1.5.Final.jar:6.1.5.Final]
	at org.hibernate.boot.model.process.spi.MetadataBuildingProcess.complete(MetadataBuildingProcess.java:138) ~[hibernate-core-6.1.5.Final.jar:6.1.5.Final]
	at org.hibernate.jpa.boot.internal.EntityManagerFactoryBuilderImpl.metadata(EntityManagerFactoryBuilderImpl.java:1350) ~[hibernate-core-6.1.5.Final.jar:6.1.5.Final]
	at org.hibernate.jpa.boot.internal.EntityManagerFactoryBuilderImpl.build(EntityManagerFactoryBuilderImpl.java:1421) ~[hibernate-core-6.1.5.Final.jar:6.1.5.Final]
	at org.springframework.orm.jpa.vendor.SpringHibernateJpaPersistenceProvider.createContainerEntityManagerFactory(SpringHibernateJpaPersistenceProvider.java:66) ~[spring-orm-6.0.2.jar:6.0.2]
	at org.springframework.orm.jpa.LocalContainerEntityManagerFactoryBean.createNativeEntityManagerFactory(LocalContainerEntityManagerFactoryBean.java:376) ~[spring-orm-6.0.2.jar:6.0.2]
	at org.springframework.orm.jpa.AbstractEntityManagerFactoryBean.buildNativeEntityManagerFactory(AbstractEntityManagerFactoryBean.java:409) ~[spring-orm-6.0.2.jar:6.0.2]
	at org.springframework.orm.jpa.AbstractEntityManagerFactoryBean.afterPropertiesSet(AbstractEntityManagerFactoryBean.java:396) ~[spring-orm-6.0.2.jar:6.0.2]
	at org.springframework.orm.jpa.LocalContainerEntityManagerFactoryBean.afterPropertiesSet(LocalContainerEntityManagerFactoryBean.java:352) ~[spring-orm-6.0.2.jar:6.0.2]
	at org.springframework.beans.factory.support.AbstractAutowireCapableBeanFactory.invokeInitMethods(AbstractAutowireCapableBeanFactory.java:1797) ~[spring-beans-6.0.2.jar:6.0.2]
	at org.springframework.beans.factory.support.AbstractAutowireCapableBeanFactory.initializeBean(AbstractAutowireCapableBeanFactory.java:1747) ~[spring-beans-6.0.2.jar:6.0.2]
	at org.springframework.beans.factory.support.AbstractAutowireCapableBeanFactory.doCreateBean(AbstractAutowireCapableBeanFactory.java:599) ~[spring-beans-6.0.2.jar:6.0.2]
	at org.springframework.beans.factory.support.AbstractAutowireCapableBeanFactory.createBean(AbstractAutowireCapableBeanFactory.java:521) ~[spring-beans-6.0.2.jar:6.0.2]
	at org.springframework.beans.factory.support.AbstractBeanFactory.lambda$doGetBean$0(AbstractBeanFactory.java:326) ~[spring-beans-6.0.2.jar:6.0.2]
	at org.springframework.beans.factory.support.DefaultSingletonBeanRegistry.getSingleton(DefaultSingletonBeanRegistry.java:234) ~[spring-beans-6.0.2.jar:6.0.2]
	at org.springframework.beans.factory.support.AbstractBeanFactory.doGetBean(AbstractBeanFactory.java:324) ~[spring-beans-6.0.2.jar:6.0.2]
	at org.springframework.beans.factory.support.AbstractBeanFactory.getBean(AbstractBeanFactory.java:200) ~[spring-beans-6.0.2.jar:6.0.2]
	at org.springframework.context.support.AbstractApplicationContext.getBean(AbstractApplicationContext.java:1130) ~[spring-context-6.0.2.jar:6.0.2]
	at org.springframework.context.support.AbstractApplicationContext.finishBeanFactoryInitialization(AbstractApplicationContext.java:905) ~[spring-context-6.0.2.jar:6.0.2]
	at org.springframework.context.support.AbstractApplicationContext.refresh(AbstractApplicationContext.java:584) ~[spring-context-6.0.2.jar:6.0.2]
	at org.springframework.boot.web.servlet.context.ServletWebServerApplicationContext.refresh(ServletWebServerApplicationContext.java:146) ~[spring-boot-3.0.0.jar:3.0.0]
	at org.springframework.boot.SpringApplication.refresh(SpringApplication.java:730) ~[spring-boot-3.0.0.jar:3.0.0]
	at org.springframework.boot.SpringApplication.refreshContext(SpringApplication.java:432) ~[spring-boot-3.0.0.jar:3.0.0]
	at org.springframework.boot.SpringApplication.run(SpringApplication.java:308) ~[spring-boot-3.0.0.jar:3.0.0]
	at org.springframework.boot.SpringApplication.run(SpringApplication.java:1302) ~[spring-boot-3.0.0.jar:3.0.0]
	at org.springframework.boot.SpringApplication.run(SpringApplication.java:1291) ~[spring-boot-3.0.0.jar:3.0.0]
	at com.example.livapp.JenkinsApplication.main(JenkinsApplication.java:10) ~[classes/:na]
	at java.base/jdk.internal.reflect.DirectMethodHandleAccessor.invoke(DirectMethodHandleAccessor.java:103) ~[na:na]
	at java.base/java.lang.reflect.Method.invoke(Method.java:580) ~[na:na]
	at org.springframework.boot.devtools.restart.RestartLauncher.run(RestartLauncher.java:49) ~[spring-boot-devtools-3.0.0.jar:3.0.0]
Caused by: com.mysql.cj.exceptions.CJCommunicationsException: Communications link failure

The last packet sent successfully to the server was 0 milliseconds ago. The driver has not received any packets from the server.
	at java.base/jdk.internal.reflect.DirectConstructorHandleAccessor.newInstance(DirectConstructorHandleAccessor.java:62) ~[na:na]
	at java.base/java.lang.reflect.Constructor.newInstanceWithCaller(Constructor.java:502) ~[na:na]
	at java.base/java.lang.reflect.Constructor.newInstance(Constructor.java:486) ~[na:na]
	at com.mysql.cj.exceptions.ExceptionFactory.createException(ExceptionFactory.java:61) ~[mysql-connector-j-8.0.31.jar:8.0.31]
	at com.mysql.cj.exceptions.ExceptionFactory.createException(ExceptionFactory.java:105) ~[mysql-connector-j-8.0.31.jar:8.0.31]
	at com.mysql.cj.exceptions.ExceptionFactory.createException(ExceptionFactory.java:151) ~[mysql-connector-j-8.0.31.jar:8.0.31]
	at com.mysql.cj.exceptions.ExceptionFactory.createCommunicationsException(ExceptionFactory.java:167) ~[mysql-connector-j-8.0.31.jar:8.0.31]
	at com.mysql.cj.protocol.a.NativeSocketConnection.connect(NativeSocketConnection.java:89) ~[mysql-connector-j-8.0.31.jar:8.0.31]
	at com.mysql.cj.NativeSession.connect(NativeSession.java:120) ~[mysql-connector-j-8.0.31.jar:8.0.31]
	at com.mysql.cj.jdbc.ConnectionImpl.connectOneTryOnly(ConnectionImpl.java:948) ~[mysql-connector-j-8.0.31.jar:8.0.31]
	at com.mysql.cj.jdbc.ConnectionImpl.createNewIO(ConnectionImpl.java:818) ~[mysql-connector-j-8.0.31.jar:8.0.31]
	... 50 common frames omitted
Caused by: java.net.ConnectException: Connection refused: getsockopt
	at java.base/sun.nio.ch.Net.pollConnect(Native Method) ~[na:na]
	at java.base/sun.nio.ch.Net.pollConnectNow(Net.java:682) ~[na:na]
	at java.base/sun.nio.ch.NioSocketImpl.timedFinishConnect(NioSocketImpl.java:542) ~[na:na]
	at java.base/sun.nio.ch.NioSocketImpl.connect(NioSocketImpl.java:592) ~[na:na]
	at java.base/java.net.SocksSocketImpl.connect(SocksSocketImpl.java:327) ~[na:na]
	at java.base/java.net.Socket.connect(Socket.java:751) ~[na:na]
	at com.mysql.cj.protocol.StandardSocketFactory.connect(StandardSocketFactory.java:153) ~[mysql-connector-j-8.0.31.jar:8.0.31]
	at com.mysql.cj.protocol.a.NativeSocketConnection.connect(NativeSocketConnection.java:63) ~[mysql-connector-j-8.0.31.jar:8.0.31]
	... 53 common frames omitted

2026-02-08T09:06:12.889+01:00 ERROR 19136 --- [restartedMain] j.LocalContainerEntityManagerFactoryBean : Failed to initialize JPA EntityManagerFactory: Unable to create requested service [org.hibernate.engine.jdbc.env.spi.JdbcEnvironment]
2026-02-08T09:06:12.889+01:00  WARN 19136 --- [restartedMain] ConfigServletWebServerApplicationContext : Exception encountered during context initialization - cancelling refresh attempt: org.springframework.beans.factory.BeanCreationException: Error creating bean with name 'entityManagerFactory' defined in class path resource [org/springframework/boot/autoconfigure/orm/jpa/HibernateJpaConfiguration.class]: Unable to create requested service [org.hibernate.engine.jdbc.env.spi.JdbcEnvironment]
2026-02-08T09:06:12.892+01:00  INFO 19136 --- [restartedMain] o.apache.catalina.core.StandardService   : Stopping service [Tomcat]
2026-02-08T09:06:12.902+01:00  INFO 19136 --- [restartedMain] .s.b.a.l.ConditionEvaluationReportLogger : 

Error starting ApplicationContext. To display the condition evaluation report re-run your application with 'debug' enabled.
2026-02-08T09:06:12.915+01:00 ERROR 19136 --- [restartedMain] o.s.boot.SpringApplication               : Application run failed

org.springframework.beans.factory.BeanCreationException: Error creating bean with name 'entityManagerFactory' defined in class path resource [org/springframework/boot/autoconfigure/orm/jpa/HibernateJpaConfiguration.class]: Unable to create requested service [org.hibernate.engine.jdbc.env.spi.JdbcEnvironment]
	at org.springframework.beans.factory.support.AbstractAutowireCapableBeanFactory.initializeBean(AbstractAutowireCapableBeanFactory.java:1751) ~[spring-beans-6.0.2.jar:6.0.2]
	at org.springframework.beans.factory.support.AbstractAutowireCapableBeanFactory.doCreateBean(AbstractAutowireCapableBeanFactory.java:599) ~[spring-beans-6.0.2.jar:6.0.2]
	at org.springframework.beans.factory.support.AbstractAutowireCapableBeanFactory.createBean(AbstractAutowireCapableBeanFactory.java:521) ~[spring-beans-6.0.2.jar:6.0.2]
	at org.springframework.beans.factory.support.AbstractBeanFactory.lambda$doGetBean$0(AbstractBeanFactory.java:326) ~[spring-beans-6.0.2.jar:6.0.2]
	at org.springframework.beans.factory.support.DefaultSingletonBeanRegistry.getSingleton(DefaultSingletonBeanRegistry.java:234) ~[spring-beans-6.0.2.jar:6.0.2]
	at org.springframework.beans.factory.support.AbstractBeanFactory.doGetBean(AbstractBeanFactory.java:324) ~[spring-beans-6.0.2.jar:6.0.2]
	at org.springframework.beans.factory.support.AbstractBeanFactory.getBean(AbstractBeanFactory.java:200) ~[spring-beans-6.0.2.jar:6.0.2]
	at org.springframework.context.support.AbstractApplicationContext.getBean(AbstractApplicationContext.java:1130) ~[spring-context-6.0.2.jar:6.0.2]
	at org.springframework.context.support.AbstractApplicationContext.finishBeanFactoryInitialization(AbstractApplicationContext.java:905) ~[spring-context-6.0.2.jar:6.0.2]
	at org.springframework.context.support.AbstractApplicationContext.refresh(AbstractApplicationContext.java:584) ~[spring-context-6.0.2.jar:6.0.2]
	at org.springframework.boot.web.servlet.context.ServletWebServerApplicationContext.refresh(ServletWebServerApplicationContext.java:146) ~[spring-boot-3.0.0.jar:3.0.0]
	at org.springframework.boot.SpringApplication.refresh(SpringApplication.java:730) ~[spring-boot-3.0.0.jar:3.0.0]
	at org.springframework.boot.SpringApplication.refreshContext(SpringApplication.java:432) ~[spring-boot-3.0.0.jar:3.0.0]
	at org.springframework.boot.SpringApplication.run(SpringApplication.java:308) ~[spring-boot-3.0.0.jar:3.0.0]
	at org.springframework.boot.SpringApplication.run(SpringApplication.java:1302) ~[spring-boot-3.0.0.jar:3.0.0]
	at org.springframework.boot.SpringApplication.run(SpringApplication.java:1291) ~[spring-boot-3.0.0.jar:3.0.0]
	at com.example.livapp.JenkinsApplication.main(JenkinsApplication.java:10) ~[classes/:na]
	at java.base/jdk.internal.reflect.DirectMethodHandleAccessor.invoke(DirectMethodHandleAccessor.java:103) ~[na:na]
	at java.base/java.lang.reflect.Method.invoke(Method.java:580) ~[na:na]
	at org.springframework.boot.devtools.restart.RestartLauncher.run(RestartLauncher.java:49) ~[spring-boot-devtools-3.0.0.jar:3.0.0]
Caused by: org.hibernate.service.spi.ServiceException: Unable to create requested service [org.hibernate.engine.jdbc.env.spi.JdbcEnvironment]
	at org.hibernate.service.internal.AbstractServiceRegistryImpl.createService(AbstractServiceRegistryImpl.java:267) ~[hibernate-core-6.1.5.Final.jar:6.1.5.Final]
	at org.hibernate.service.internal.AbstractServiceRegistryImpl.initializeService(AbstractServiceRegistryImpl.java:230) ~[hibernate-core-6.1.5.Final.jar:6.1.5.Final]
	at org.hibernate.service.internal.AbstractServiceRegistryImpl.getService(AbstractServiceRegistryImpl.java:207) ~[hibernate-core-6.1.5.Final.jar:6.1.5.Final]
	at org.hibernate.boot.model.relational.Database.<init>(Database.java:44) ~[hibernate-core-6.1.5.Final.jar:6.1.5.Final]
	at org.hibernate.boot.internal.InFlightMetadataCollectorImpl.getDatabase(InFlightMetadataCollectorImpl.java:218) ~[hibernate-core-6.1.5.Final.jar:6.1.5.Final]
	at org.hibernate.boot.internal.InFlightMetadataCollectorImpl.<init>(InFlightMetadataCollectorImpl.java:191) ~[hibernate-core-6.1.5.Final.jar:6.1.5.Final]
	at org.hibernate.boot.model.process.spi.MetadataBuildingProcess.complete(MetadataBuildingProcess.java:138) ~[hibernate-core-6.1.5.Final.jar:6.1.5.Final]
	at org.hibernate.jpa.boot.internal.EntityManagerFactoryBuilderImpl.metadata(EntityManagerFactoryBuilderImpl.java:1350) ~[hibernate-core-6.1.5.Final.jar:6.1.5.Final]
	at org.hibernate.jpa.boot.internal.EntityManagerFactoryBuilderImpl.build(EntityManagerFactoryBuilderImpl.java:1421) ~[hibernate-core-6.1.5.Final.jar:6.1.5.Final]
	at org.springframework.orm.jpa.vendor.SpringHibernateJpaPersistenceProvider.createContainerEntityManagerFactory(SpringHibernateJpaPersistenceProvider.java:66) ~[spring-orm-6.0.2.jar:6.0.2]
	at org.springframework.orm.jpa.LocalContainerEntityManagerFactoryBean.createNativeEntityManagerFactory(LocalContainerEntityManagerFactoryBean.java:376) ~[spring-orm-6.0.2.jar:6.0.2]
	at org.springframework.orm.jpa.AbstractEntityManagerFactoryBean.buildNativeEntityManagerFactory(AbstractEntityManagerFactoryBean.java:409) ~[spring-orm-6.0.2.jar:6.0.2]
	at org.springframework.orm.jpa.AbstractEntityManagerFactoryBean.afterPropertiesSet(AbstractEntityManagerFactoryBean.java:396) ~[spring-orm-6.0.2.jar:6.0.2]
	at org.springframework.orm.jpa.LocalContainerEntityManagerFactoryBean.afterPropertiesSet(LocalContainerEntityManagerFactoryBean.java:352) ~[spring-orm-6.0.2.jar:6.0.2]
	at org.springframework.beans.factory.support.AbstractAutowireCapableBeanFactory.invokeInitMethods(AbstractAutowireCapableBeanFactory.java:1797) ~[spring-beans-6.0.2.jar:6.0.2]
	at org.springframework.beans.factory.support.AbstractAutowireCapableBeanFactory.initializeBean(AbstractAutowireCapableBeanFactory.java:1747) ~[spring-beans-6.0.2.jar:6.0.2]
	... 19 common frames omitted
Caused by: org.hibernate.HibernateException: Unable to determine Dialect without JDBC metadata (please set 'javax.persistence.jdbc.url', 'hibernate.connection.url', or 'hibernate.dialect')
	at org.hibernate.engine.jdbc.dialect.internal.DialectFactoryImpl.determineDialect(DialectFactoryImpl.java:147) ~[hibernate-core-6.1.5.Final.jar:6.1.5.Final]
	at org.hibernate.engine.jdbc.dialect.internal.DialectFactoryImpl.buildDialect(DialectFactoryImpl.java:60) ~[hibernate-core-6.1.5.Final.jar:6.1.5.Final]
	at org.hibernate.engine.jdbc.env.internal.JdbcEnvironmentInitiator.initiateService(JdbcEnvironmentInitiator.java:244) ~[hibernate-core-6.1.5.Final.jar:6.1.5.Final]
	at org.hibernate.engine.jdbc.env.internal.JdbcEnvironmentInitiator.initiateService(JdbcEnvironmentInitiator.java:36) ~[hibernate-core-6.1.5.Final.jar:6.1.5.Final]
	at org.hibernate.boot.registry.internal.StandardServiceRegistryImpl.initiateService(StandardServiceRegistryImpl.java:119) ~[hibernate-core-6.1.5.Final.jar:6.1.5.Final]
	at org.hibernate.service.internal.AbstractServiceRegistryImpl.createService(AbstractServiceRegistryImpl.java:255) ~[hibernate-core-6.1.5.Final.jar:6.1.5.Final]
	... 34 common frames omitted

2026-02-08T09:09:58.489+01:00  INFO 13436 --- [restartedMain] com.example.livapp.LivappApplication     : Starting LivappApplication using Java 21.0.8 with PID 13436 (C:\Users\ESI\IdeaProjects\jenkins\target\classes started by ESI in C:\Users\ESI\IdeaProjects\jenkins)
2026-02-08T09:09:58.491+01:00  INFO 13436 --- [restartedMain] com.example.livapp.LivappApplication     : No active profile set, falling back to 1 default profile: "default"
2026-02-08T09:09:58.524+01:00  INFO 13436 --- [restartedMain] .e.DevToolsPropertyDefaultsPostProcessor : Devtools property defaults active! Set 'spring.devtools.add-properties' to 'false' to disable
2026-02-08T09:09:58.524+01:00  INFO 13436 --- [restartedMain] .e.DevToolsPropertyDefaultsPostProcessor : For additional web related logging consider setting the 'logging.level.web' property to 'DEBUG'
2026-02-08T09:09:59.282+01:00  INFO 13436 --- [restartedMain] .s.d.r.c.RepositoryConfigurationDelegate : Bootstrapping Spring Data JPA repositories in DEFAULT mode.
2026-02-08T09:09:59.377+01:00  INFO 13436 --- [restartedMain] .s.d.r.c.RepositoryConfigurationDelegate : Finished Spring Data repository scanning in 91 ms. Found 27 JPA repository interfaces.
2026-02-08T09:09:59.786+01:00  INFO 13436 --- [restartedMain] o.s.b.w.embedded.tomcat.TomcatWebServer  : Tomcat initialized with port(s): 8080 (http)
2026-02-08T09:09:59.793+01:00  INFO 13436 --- [restartedMain] o.apache.catalina.core.StandardService   : Starting service [Tomcat]
2026-02-08T09:09:59.794+01:00  INFO 13436 --- [restartedMain] o.apache.catalina.core.StandardEngine    : Starting Servlet engine: [Apache Tomcat/10.1.1]
2026-02-08T09:09:59.828+01:00  INFO 13436 --- [restartedMain] o.a.c.c.C.[Tomcat].[localhost].[/]       : Initializing Spring embedded WebApplicationContext
2026-02-08T09:09:59.828+01:00  INFO 13436 --- [restartedMain] w.s.c.ServletWebServerApplicationContext : Root WebApplicationContext: initialization completed in 1304 ms
2026-02-08T09:09:59.897+01:00  INFO 13436 --- [restartedMain] com.zaxxer.hikari.HikariDataSource       : HikariPool-1 - Starting...
2026-02-08T09:10:00.987+01:00 ERROR 13436 --- [restartedMain] com.zaxxer.hikari.pool.HikariPool        : HikariPool-1 - Exception during pool initialization.

com.mysql.cj.jdbc.exceptions.CommunicationsException: Communications link failure

The last packet sent successfully to the server was 0 milliseconds ago. The driver has not received any packets from the server.
	at com.mysql.cj.jdbc.exceptions.SQLError.createCommunicationsException(SQLError.java:174) ~[mysql-connector-j-8.0.31.jar:8.0.31]
	at com.mysql.cj.jdbc.exceptions.SQLExceptionsMapping.translateException(SQLExceptionsMapping.java:64) ~[mysql-connector-j-8.0.31.jar:8.0.31]
	at com.mysql.cj.jdbc.ConnectionImpl.createNewIO(ConnectionImpl.java:828) ~[mysql-connector-j-8.0.31.jar:8.0.31]
	at com.mysql.cj.jdbc.ConnectionImpl.<init>(ConnectionImpl.java:448) ~[mysql-connector-j-8.0.31.jar:8.0.31]
	at com.mysql.cj.jdbc.ConnectionImpl.getInstance(ConnectionImpl.java:241) ~[mysql-connector-j-8.0.31.jar:8.0.31]
	at com.mysql.cj.jdbc.NonRegisteringDriver.connect(NonRegisteringDriver.java:198) ~[mysql-connector-j-8.0.31.jar:8.0.31]
	at com.zaxxer.hikari.util.DriverDataSource.getConnection(DriverDataSource.java:138) ~[HikariCP-5.0.1.jar:na]
	at com.zaxxer.hikari.pool.PoolBase.newConnection(PoolBase.java:359) ~[HikariCP-5.0.1.jar:na]
	at com.zaxxer.hikari.pool.PoolBase.newPoolEntry(PoolBase.java:201) ~[HikariCP-5.0.1.jar:na]
	at com.zaxxer.hikari.pool.HikariPool.createPoolEntry(HikariPool.java:470) ~[HikariCP-5.0.1.jar:na]
	at com.zaxxer.hikari.pool.HikariPool.checkFailFast(HikariPool.java:561) ~[HikariCP-5.0.1.jar:na]
	at com.zaxxer.hikari.pool.HikariPool.<init>(HikariPool.java:100) ~[HikariCP-5.0.1.jar:na]
	at com.zaxxer.hikari.HikariDataSource.getConnection(HikariDataSource.java:112) ~[HikariCP-5.0.1.jar:na]
	at org.springframework.boot.autoconfigure.h2.H2ConsoleAutoConfiguration.getConnectionUrl(H2ConsoleAutoConfiguration.java:94) ~[spring-boot-autoconfigure-3.0.0.jar:3.0.0]
	at java.base/java.util.stream.ReferencePipeline$3$1.accept(ReferencePipeline.java:197) ~[na:na]
	at java.base/java.util.ArrayList.forEach(ArrayList.java:1596) ~[na:na]
	at java.base/java.util.stream.SortedOps$RefSortingSink.end(SortedOps.java:395) ~[na:na]
	at java.base/java.util.stream.Sink$ChainedReference.end(Sink.java:261) ~[na:na]
	at java.base/java.util.stream.Sink$ChainedReference.end(Sink.java:261) ~[na:na]
	at java.base/java.util.stream.AbstractPipeline.copyInto(AbstractPipeline.java:510) ~[na:na]
	at java.base/java.util.stream.AbstractPipeline.wrapAndCopyInto(AbstractPipeline.java:499) ~[na:na]
	at java.base/java.util.stream.AbstractPipeline.evaluate(AbstractPipeline.java:575) ~[na:na]
	at java.base/java.util.stream.AbstractPipeline.evaluateToArrayNode(AbstractPipeline.java:260) ~[na:na]
	at java.base/java.util.stream.ReferencePipeline.toArray(ReferencePipeline.java:616) ~[na:na]
	at java.base/java.util.stream.ReferencePipeline.toArray(ReferencePipeline.java:622) ~[na:na]
	at java.base/java.util.stream.ReferencePipeline.toList(ReferencePipeline.java:627) ~[na:na]
	at org.springframework.boot.autoconfigure.h2.H2ConsoleAutoConfiguration.logDataSources(H2ConsoleAutoConfiguration.java:86) ~[spring-boot-autoconfigure-3.0.0.jar:3.0.0]
	at org.springframework.boot.autoconfigure.h2.H2ConsoleAutoConfiguration.lambda$h2Console$0(H2ConsoleAutoConfiguration.java:69) ~[spring-boot-autoconfigure-3.0.0.jar:3.0.0]
	at org.springframework.boot.autoconfigure.h2.H2ConsoleAutoConfiguration.withThreadContextClassLoader(H2ConsoleAutoConfiguration.java:78) ~[spring-boot-autoconfigure-3.0.0.jar:3.0.0]
	at org.springframework.boot.autoconfigure.h2.H2ConsoleAutoConfiguration.h2Console(H2ConsoleAutoConfiguration.java:69) ~[spring-boot-autoconfigure-3.0.0.jar:3.0.0]
	at java.base/jdk.internal.reflect.DirectMethodHandleAccessor.invoke(DirectMethodHandleAccessor.java:103) ~[na:na]
	at java.base/java.lang.reflect.Method.invoke(Method.java:580) ~[na:na]
	at org.springframework.beans.factory.support.SimpleInstantiationStrategy.instantiate(SimpleInstantiationStrategy.java:139) ~[spring-beans-6.0.2.jar:6.0.2]
	at org.springframework.beans.factory.support.ConstructorResolver.instantiate(ConstructorResolver.java:648) ~[spring-beans-6.0.2.jar:6.0.2]
	at org.springframework.beans.factory.support.ConstructorResolver.instantiateUsingFactoryMethod(ConstructorResolver.java:640) ~[spring-beans-6.0.2.jar:6.0.2]
	at org.springframework.beans.factory.support.AbstractAutowireCapableBeanFactory.instantiateUsingFactoryMethod(AbstractAutowireCapableBeanFactory.java:1324) ~[spring-beans-6.0.2.jar:6.0.2]
	at org.springframework.beans.factory.support.AbstractAutowireCapableBeanFactory.createBeanInstance(AbstractAutowireCapableBeanFactory.java:1161) ~[spring-beans-6.0.2.jar:6.0.2]
	at org.springframework.beans.factory.support.AbstractAutowireCapableBeanFactory.doCreateBean(AbstractAutowireCapableBeanFactory.java:561) ~[spring-beans-6.0.2.jar:6.0.2]
	at org.springframework.beans.factory.support.AbstractAutowireCapableBeanFactory.createBean(AbstractAutowireCapableBeanFactory.java:521) ~[spring-beans-6.0.2.jar:6.0.2]
	at org.springframework.beans.factory.support.AbstractBeanFactory.lambda$doGetBean$0(AbstractBeanFactory.java:326) ~[spring-beans-6.0.2.jar:6.0.2]
	at org.springframework.beans.factory.support.DefaultSingletonBeanRegistry.getSingleton(DefaultSingletonBeanRegistry.java:234) ~[spring-beans-6.0.2.jar:6.0.2]
	at org.springframework.beans.factory.support.AbstractBeanFactory.doGetBean(AbstractBeanFactory.java:324) ~[spring-beans-6.0.2.jar:6.0.2]
	at org.springframework.beans.factory.support.AbstractBeanFactory.getBean(AbstractBeanFactory.java:205) ~[spring-beans-6.0.2.jar:6.0.2]
	at org.springframework.boot.web.servlet.ServletContextInitializerBeans.getOrderedBeansOfType(ServletContextInitializerBeans.java:208) ~[spring-boot-3.0.0.jar:3.0.0]
	at org.springframework.boot.web.servlet.ServletContextInitializerBeans.getOrderedBeansOfType(ServletContextInitializerBeans.java:199) ~[spring-boot-3.0.0.jar:3.0.0]
	at org.springframework.boot.web.servlet.ServletContextInitializerBeans.addServletContextInitializerBeans(ServletContextInitializerBeans.java:94) ~[spring-boot-3.0.0.jar:3.0.0]
	at org.springframework.boot.web.servlet.ServletContextInitializerBeans.<init>(ServletContextInitializerBeans.java:85) ~[spring-boot-3.0.0.jar:3.0.0]
	at org.springframework.boot.web.servlet.context.ServletWebServerApplicationContext.getServletContextInitializerBeans(ServletWebServerApplicationContext.java:261) ~[spring-boot-3.0.0.jar:3.0.0]
	at org.springframework.boot.web.servlet.context.ServletWebServerApplicationContext.selfInitialize(ServletWebServerApplicationContext.java:235) ~[spring-boot-3.0.0.jar:3.0.0]
	at org.springframework.boot.web.embedded.tomcat.TomcatStarter.onStartup(TomcatStarter.java:52) ~[spring-boot-3.0.0.jar:3.0.0]
	at org.apache.catalina.core.StandardContext.startInternal(StandardContext.java:5153) ~[tomcat-embed-core-10.1.1.jar:10.1.1]
	at org.apache.catalina.util.LifecycleBase.start(LifecycleBase.java:183) ~[tomcat-embed-core-10.1.1.jar:10.1.1]
	at org.apache.catalina.core.ContainerBase$StartChild.call(ContainerBase.java:1396) ~[tomcat-embed-core-10.1.1.jar:10.1.1]
	at org.apache.catalina.core.ContainerBase$StartChild.call(ContainerBase.java:1386) ~[tomcat-embed-core-10.1.1.jar:10.1.1]
	at java.base/java.util.concurrent.FutureTask.run(FutureTask.java:317) ~[na:na]
	at org.apache.tomcat.util.threads.InlineExecutorService.execute(InlineExecutorService.java:75) ~[tomcat-embed-core-10.1.1.jar:10.1.1]
	at java.base/java.util.concurrent.AbstractExecutorService.submit(AbstractExecutorService.java:145) ~[na:na]
	at org.apache.catalina.core.ContainerBase.startInternal(ContainerBase.java:919) ~[tomcat-embed-core-10.1.1.jar:10.1.1]
	at org.apache.catalina.core.StandardHost.startInternal(StandardHost.java:886) ~[tomcat-embed-core-10.1.1.jar:10.1.1]
	at org.apache.catalina.util.LifecycleBase.start(LifecycleBase.java:183) ~[tomcat-embed-core-10.1.1.jar:10.1.1]
	at org.apache.catalina.core.ContainerBase$StartChild.call(ContainerBase.java:1396) ~[tomcat-embed-core-10.1.1.jar:10.1.1]
	at org.apache.catalina.core.ContainerBase$StartChild.call(ContainerBase.java:1386) ~[tomcat-embed-core-10.1.1.jar:10.1.1]
	at java.base/java.util.concurrent.FutureTask.run(FutureTask.java:317) ~[na:na]
	at org.apache.tomcat.util.threads.InlineExecutorService.execute(InlineExecutorService.java:75) ~[tomcat-embed-core-10.1.1.jar:10.1.1]
	at java.base/java.util.concurrent.AbstractExecutorService.submit(AbstractExecutorService.java:145) ~[na:na]
	at org.apache.catalina.core.ContainerBase.startInternal(ContainerBase.java:919) ~[tomcat-embed-core-10.1.1.jar:10.1.1]
	at org.apache.catalina.core.StandardEngine.startInternal(StandardEngine.java:252) ~[tomcat-embed-core-10.1.1.jar:10.1.1]
	at org.apache.catalina.util.LifecycleBase.start(LifecycleBase.java:183) ~[tomcat-embed-core-10.1.1.jar:10.1.1]
	at org.apache.catalina.core.StandardService.startInternal(StandardService.java:432) ~[tomcat-embed-core-10.1.1.jar:10.1.1]
	at org.apache.catalina.util.LifecycleBase.start(LifecycleBase.java:183) ~[tomcat-embed-core-10.1.1.jar:10.1.1]
	at org.apache.catalina.core.StandardServer.startInternal(StandardServer.java:926) ~[tomcat-embed-core-10.1.1.jar:10.1.1]
	at org.apache.catalina.util.LifecycleBase.start(LifecycleBase.java:183) ~[tomcat-embed-core-10.1.1.jar:10.1.1]
	at org.apache.catalina.startup.Tomcat.start(Tomcat.java:485) ~[tomcat-embed-core-10.1.1.jar:10.1.1]
	at org.springframework.boot.web.embedded.tomcat.TomcatWebServer.initialize(TomcatWebServer.java:129) ~[spring-boot-3.0.0.jar:3.0.0]
	at org.springframework.boot.web.embedded.tomcat.TomcatWebServer.<init>(TomcatWebServer.java:110) ~[spring-boot-3.0.0.jar:3.0.0]
	at org.springframework.boot.web.embedded.tomcat.TomcatServletWebServerFactory.getTomcatWebServer(TomcatServletWebServerFactory.java:486) ~[spring-boot-3.0.0.jar:3.0.0]
	at org.springframework.boot.web.embedded.tomcat.TomcatServletWebServerFactory.getWebServer(TomcatServletWebServerFactory.java:210) ~[spring-boot-3.0.0.jar:3.0.0]
	at org.springframework.boot.web.servlet.context.ServletWebServerApplicationContext.createWebServer(ServletWebServerApplicationContext.java:183) ~[spring-boot-3.0.0.jar:3.0.0]
	at org.springframework.boot.web.servlet.context.ServletWebServerApplicationContext.onRefresh(ServletWebServerApplicationContext.java:161) ~[spring-boot-3.0.0.jar:3.0.0]
	at org.springframework.context.support.AbstractApplicationContext.refresh(AbstractApplicationContext.java:578) ~[spring-context-6.0.2.jar:6.0.2]
	at org.springframework.boot.web.servlet.context.ServletWebServerApplicationContext.refresh(ServletWebServerApplicationContext.java:146) ~[spring-boot-3.0.0.jar:3.0.0]
	at org.springframework.boot.SpringApplication.refresh(SpringApplication.java:730) ~[spring-boot-3.0.0.jar:3.0.0]
	at org.springframework.boot.SpringApplication.refreshContext(SpringApplication.java:432) ~[spring-boot-3.0.0.jar:3.0.0]
	at org.springframework.boot.SpringApplication.run(SpringApplication.java:308) ~[spring-boot-3.0.0.jar:3.0.0]
	at org.springframework.boot.SpringApplication.run(SpringApplication.java:1302) ~[spring-boot-3.0.0.jar:3.0.0]
	at org.springframework.boot.SpringApplication.run(SpringApplication.java:1291) ~[spring-boot-3.0.0.jar:3.0.0]
	at com.example.livapp.LivappApplication.main(LivappApplication.java:10) ~[classes/:na]
	at java.base/jdk.internal.reflect.DirectMethodHandleAccessor.invoke(DirectMethodHandleAccessor.java:103) ~[na:na]
	at java.base/java.lang.reflect.Method.invoke(Method.java:580) ~[na:na]
	at org.springframework.boot.devtools.restart.RestartLauncher.run(RestartLauncher.java:49) ~[spring-boot-devtools-3.0.0.jar:3.0.0]
Caused by: com.mysql.cj.exceptions.CJCommunicationsException: Communications link failure

The last packet sent successfully to the server was 0 milliseconds ago. The driver has not received any packets from the server.
	at java.base/jdk.internal.reflect.DirectConstructorHandleAccessor.newInstance(DirectConstructorHandleAccessor.java:62) ~[na:na]
	at java.base/java.lang.reflect.Constructor.newInstanceWithCaller(Constructor.java:502) ~[na:na]
	at java.base/java.lang.reflect.Constructor.newInstance(Constructor.java:486) ~[na:na]
	at com.mysql.cj.exceptions.ExceptionFactory.createException(ExceptionFactory.java:61) ~[mysql-connector-j-8.0.31.jar:8.0.31]
	at com.mysql.cj.exceptions.ExceptionFactory.createException(ExceptionFactory.java:105) ~[mysql-connector-j-8.0.31.jar:8.0.31]
	at com.mysql.cj.exceptions.ExceptionFactory.createException(ExceptionFactory.java:151) ~[mysql-connector-j-8.0.31.jar:8.0.31]
	at com.mysql.cj.exceptions.ExceptionFactory.createCommunicationsException(ExceptionFactory.java:167) ~[mysql-connector-j-8.0.31.jar:8.0.31]
	at com.mysql.cj.protocol.a.NativeSocketConnection.connect(NativeSocketConnection.java:89) ~[mysql-connector-j-8.0.31.jar:8.0.31]
	at com.mysql.cj.NativeSession.connect(NativeSession.java:120) ~[mysql-connector-j-8.0.31.jar:8.0.31]
	at com.mysql.cj.jdbc.ConnectionImpl.connectOneTryOnly(ConnectionImpl.java:948) ~[mysql-connector-j-8.0.31.jar:8.0.31]
	at com.mysql.cj.jdbc.ConnectionImpl.createNewIO(ConnectionImpl.java:818) ~[mysql-connector-j-8.0.31.jar:8.0.31]
	... 87 common frames omitted
Caused by: java.net.ConnectException: Connection refused: getsockopt
	at java.base/sun.nio.ch.Net.pollConnect(Native Method) ~[na:na]
	at java.base/sun.nio.ch.Net.pollConnectNow(Net.java:682) ~[na:na]
	at java.base/sun.nio.ch.NioSocketImpl.timedFinishConnect(NioSocketImpl.java:542) ~[na:na]
	at java.base/sun.nio.ch.NioSocketImpl.connect(NioSocketImpl.java:592) ~[na:na]
	at java.base/java.net.SocksSocketImpl.connect(SocksSocketImpl.java:327) ~[na:na]
	at java.base/java.net.Socket.connect(Socket.java:751) ~[na:na]
	at com.mysql.cj.protocol.StandardSocketFactory.connect(StandardSocketFactory.java:153) ~[mysql-connector-j-8.0.31.jar:8.0.31]
	at com.mysql.cj.protocol.a.NativeSocketConnection.connect(NativeSocketConnection.java:63) ~[mysql-connector-j-8.0.31.jar:8.0.31]
	... 90 common frames omitted

2026-02-08T09:10:01.096+01:00  INFO 13436 --- [restartedMain] o.hibernate.jpa.internal.util.LogHelper  : HHH000204: Processing PersistenceUnitInfo [name: default]
2026-02-08T09:10:01.123+01:00  INFO 13436 --- [restartedMain] org.hibernate.Version                    : HHH000412: Hibernate ORM core version 6.1.5.Final
2026-02-08T09:10:01.208+01:00  WARN 13436 --- [restartedMain] org.hibernate.orm.deprecation            : HHH90000021: Encountered deprecated setting [javax.persistence.sharedCache.mode], use [jakarta.persistence.sharedCache.mode] instead
2026-02-08T09:10:01.241+01:00 DEBUG 13436 --- [restartedMain] o.h.t.d.jdbc.spi.JdbcTypeRegistry        : addDescriptor(FloatTypeDescriptor) replaced previous registration(DoubleTypeDescriptor)
2026-02-08T09:10:01.246+01:00 DEBUG 13436 --- [restartedMain] org.hibernate.type.BasicTypeRegistry     : Adding type registration boolean -> org.hibernate.type.BasicTypeReference@124b5a89
2026-02-08T09:10:01.247+01:00 DEBUG 13436 --- [restartedMain] org.hibernate.type.BasicTypeRegistry     : Adding type registration boolean -> org.hibernate.type.BasicTypeReference@124b5a89
2026-02-08T09:10:01.247+01:00 DEBUG 13436 --- [restartedMain] org.hibernate.type.BasicTypeRegistry     : Adding type registration java.lang.Boolean -> org.hibernate.type.BasicTypeReference@124b5a89
2026-02-08T09:10:01.247+01:00 DEBUG 13436 --- [restartedMain] org.hibernate.type.BasicTypeRegistry     : Adding type registration numeric_boolean -> org.hibernate.type.BasicTypeReference@59433447
2026-02-08T09:10:01.247+01:00 DEBUG 13436 --- [restartedMain] org.hibernate.type.BasicTypeRegistry     : Adding type registration org.hibernate.type.NumericBooleanConverter -> org.hibernate.type.BasicTypeReference@59433447
2026-02-08T09:10:01.247+01:00 DEBUG 13436 --- [restartedMain] org.hibernate.type.BasicTypeRegistry     : Adding type registration true_false -> org.hibernate.type.BasicTypeReference@297d6c65
2026-02-08T09:10:01.247+01:00 DEBUG 13436 --- [restartedMain] org.hibernate.type.BasicTypeRegistry     : Adding type registration org.hibernate.type.TrueFalseConverter -> org.hibernate.type.BasicTypeReference@297d6c65
2026-02-08T09:10:01.247+01:00 DEBUG 13436 --- [restartedMain] org.hibernate.type.BasicTypeRegistry     : Adding type registration yes_no -> org.hibernate.type.BasicTypeReference@364dbbc4
2026-02-08T09:10:01.247+01:00 DEBUG 13436 --- [restartedMain] org.hibernate.type.BasicTypeRegistry     : Adding type registration org.hibernate.type.YesNoConverter -> org.hibernate.type.BasicTypeReference@364dbbc4
2026-02-08T09:10:01.247+01:00 DEBUG 13436 --- [restartedMain] org.hibernate.type.BasicTypeRegistry     : Adding type registration byte -> org.hibernate.type.BasicTypeReference@7e9a2096
2026-02-08T09:10:01.247+01:00 DEBUG 13436 --- [restartedMain] org.hibernate.type.BasicTypeRegistry     : Adding type registration byte -> org.hibernate.type.BasicTypeReference@7e9a2096
2026-02-08T09:10:01.247+01:00 DEBUG 13436 --- [restartedMain] org.hibernate.type.BasicTypeRegistry     : Adding type registration java.lang.Byte -> org.hibernate.type.BasicTypeReference@7e9a2096
2026-02-08T09:10:01.247+01:00 DEBUG 13436 --- [restartedMain] org.hibernate.type.BasicTypeRegistry     : Adding type registration binary -> org.hibernate.type.BasicTypeReference@3ebbd20e
2026-02-08T09:10:01.247+01:00 DEBUG 13436 --- [restartedMain] org.hibernate.type.BasicTypeRegistry     : Adding type registration byte[] -> org.hibernate.type.BasicTypeReference@3ebbd20e
2026-02-08T09:10:01.247+01:00 DEBUG 13436 --- [restartedMain] org.hibernate.type.BasicTypeRegistry     : Adding type registration [B -> org.hibernate.type.BasicTypeReference@3ebbd20e
2026-02-08T09:10:01.247+01:00 DEBUG 13436 --- [restartedMain] org.hibernate.type.BasicTypeRegistry     : Adding type registration binary_wrapper -> org.hibernate.type.BasicTypeReference@7ce78ff8
2026-02-08T09:10:01.247+01:00 DEBUG 13436 --- [restartedMain] org.hibernate.type.BasicTypeRegistry     : Adding type registration wrapper-binary -> org.hibernate.type.BasicTypeReference@7ce78ff8
2026-02-08T09:10:01.247+01:00 DEBUG 13436 --- [restartedMain] org.hibernate.type.BasicTypeRegistry     : Adding type registration Byte[] -> org.hibernate.type.BasicTypeReference@7ce78ff8
2026-02-08T09:10:01.247+01:00 DEBUG 13436 --- [restartedMain] org.hibernate.type.BasicTypeRegistry     : Adding type registration [Ljava.lang.Byte; -> org.hibernate.type.BasicTypeReference@7ce78ff8
2026-02-08T09:10:01.247+01:00 DEBUG 13436 --- [restartedMain] org.hibernate.type.BasicTypeRegistry     : Adding type registration image -> org.hibernate.type.BasicTypeReference@27af883b
2026-02-08T09:10:01.248+01:00 DEBUG 13436 --- [restartedMain] org.hibernate.type.BasicTypeRegistry     : Adding type registration blob -> org.hibernate.type.BasicTypeReference@81e92c8
2026-02-08T09:10:01.248+01:00 DEBUG 13436 --- [restartedMain] org.hibernate.type.BasicTypeRegistry     : Adding type registration java.sql.Blob -> org.hibernate.type.BasicTypeReference@81e92c8
2026-02-08T09:10:01.248+01:00 DEBUG 13436 --- [restartedMain] org.hibernate.type.BasicTypeRegistry     : Adding type registration materialized_blob -> org.hibernate.type.BasicTypeReference@68d50a67
2026-02-08T09:10:01.248+01:00 DEBUG 13436 --- [restartedMain] org.hibernate.type.BasicTypeRegistry     : Adding type registration materialized_blob_wrapper -> org.hibernate.type.BasicTypeReference@280dd0ca
2026-02-08T09:10:01.248+01:00 DEBUG 13436 --- [restartedMain] org.hibernate.type.BasicTypeRegistry     : Adding type registration short -> org.hibernate.type.BasicTypeReference@73386ba0
2026-02-08T09:10:01.248+01:00 DEBUG 13436 --- [restartedMain] org.hibernate.type.BasicTypeRegistry     : Adding type registration short -> org.hibernate.type.BasicTypeReference@73386ba0
2026-02-08T09:10:01.248+01:00 DEBUG 13436 --- [restartedMain] org.hibernate.type.BasicTypeRegistry     : Adding type registration java.lang.Short -> org.hibernate.type.BasicTypeReference@73386ba0
2026-02-08T09:10:01.248+01:00 DEBUG 13436 --- [restartedMain] org.hibernate.type.BasicTypeRegistry     : Adding type registration integer -> org.hibernate.type.BasicTypeReference@fcc2fdd
2026-02-08T09:10:01.248+01:00 DEBUG 13436 --- [restartedMain] org.hibernate.type.BasicTypeRegistry     : Adding type registration int -> org.hibernate.type.BasicTypeReference@fcc2fdd
2026-02-08T09:10:01.248+01:00 DEBUG 13436 --- [restartedMain] org.hibernate.type.BasicTypeRegistry     : Adding type registration java.lang.Integer -> org.hibernate.type.BasicTypeReference@fcc2fdd
2026-02-08T09:10:01.248+01:00 DEBUG 13436 --- [restartedMain] org.hibernate.type.BasicTypeRegistry     : Adding type registration long -> org.hibernate.type.BasicTypeReference@4f8a8a71
2026-02-08T09:10:01.248+01:00 DEBUG 13436 --- [restartedMain] org.hibernate.type.BasicTypeRegistry     : Adding type registration long -> org.hibernate.type.BasicTypeReference@4f8a8a71
2026-02-08T09:10:01.248+01:00 DEBUG 13436 --- [restartedMain] org.hibernate.type.BasicTypeRegistry     : Adding type registration java.lang.Long -> org.hibernate.type.BasicTypeReference@4f8a8a71
2026-02-08T09:10:01.248+01:00 DEBUG 13436 --- [restartedMain] org.hibernate.type.BasicTypeRegistry     : Adding type registration float -> org.hibernate.type.BasicTypeReference@94788ca
2026-02-08T09:10:01.248+01:00 DEBUG 13436 --- [restartedMain] org.hibernate.type.BasicTypeRegistry     : Adding type registration float -> org.hibernate.type.BasicTypeReference@94788ca
2026-02-08T09:10:01.248+01:00 DEBUG 13436 --- [restartedMain] org.hibernate.type.BasicTypeRegistry     : Adding type registration java.lang.Float -> org.hibernate.type.BasicTypeReference@94788ca
2026-02-08T09:10:01.248+01:00 DEBUG 13436 --- [restartedMain] org.hibernate.type.BasicTypeRegistry     : Adding type registration double -> org.hibernate.type.BasicTypeReference@39128729
2026-02-08T09:10:01.248+01:00 DEBUG 13436 --- [restartedMain] org.hibernate.type.BasicTypeRegistry     : Adding type registration double -> org.hibernate.type.BasicTypeReference@39128729
2026-02-08T09:10:01.248+01:00 DEBUG 13436 --- [restartedMain] org.hibernate.type.BasicTypeRegistry     : Adding type registration java.lang.Double -> org.hibernate.type.BasicTypeReference@39128729
2026-02-08T09:10:01.248+01:00 DEBUG 13436 --- [restartedMain] org.hibernate.type.BasicTypeRegistry     : Adding type registration big_integer -> org.hibernate.type.BasicTypeReference@574ef511
2026-02-08T09:10:01.248+01:00 DEBUG 13436 --- [restartedMain] org.hibernate.type.BasicTypeRegistry     : Adding type registration java.math.BigInteger -> org.hibernate.type.BasicTypeReference@574ef511
2026-02-08T09:10:01.248+01:00 DEBUG 13436 --- [restartedMain] org.hibernate.type.BasicTypeRegistry     : Adding type registration big_decimal -> org.hibernate.type.BasicTypeReference@4c8c348b
2026-02-08T09:10:01.248+01:00 DEBUG 13436 --- [restartedMain] org.hibernate.type.BasicTypeRegistry     : Adding type registration java.math.BigDecimal -> org.hibernate.type.BasicTypeReference@4c8c348b
2026-02-08T09:10:01.248+01:00 DEBUG 13436 --- [restartedMain] org.hibernate.type.BasicTypeRegistry     : Adding type registration character -> org.hibernate.type.BasicTypeReference@79b8f408
2026-02-08T09:10:01.248+01:00 DEBUG 13436 --- [restartedMain] org.hibernate.type.BasicTypeRegistry     : Adding type registration char -> org.hibernate.type.BasicTypeReference@79b8f408
2026-02-08T09:10:01.248+01:00 DEBUG 13436 --- [restartedMain] org.hibernate.type.BasicTypeRegistry     : Adding type registration java.lang.Character -> org.hibernate.type.BasicTypeReference@79b8f408
2026-02-08T09:10:01.248+01:00 DEBUG 13436 --- [restartedMain] org.hibernate.type.BasicTypeRegistry     : Adding type registration character_nchar -> org.hibernate.type.BasicTypeReference@543e0fd9
2026-02-08T09:10:01.248+01:00 DEBUG 13436 --- [restartedMain] org.hibernate.type.BasicTypeRegistry     : Adding type registration string -> org.hibernate.type.BasicTypeReference@74789e32
2026-02-08T09:10:01.248+01:00 DEBUG 13436 --- [restartedMain] org.hibernate.type.BasicTypeRegistry     : Adding type registration java.lang.String -> org.hibernate.type.BasicTypeReference@74789e32
2026-02-08T09:10:01.248+01:00 DEBUG 13436 --- [restartedMain] org.hibernate.type.BasicTypeRegistry     : Adding type registration nstring -> org.hibernate.type.BasicTypeReference@59fdc45a
2026-02-08T09:10:01.249+01:00 DEBUG 13436 --- [restartedMain] org.hibernate.type.BasicTypeRegistry     : Adding type registration characters -> org.hibernate.type.BasicTypeReference@67db63d9
2026-02-08T09:10:01.249+01:00 DEBUG 13436 --- [restartedMain] org.hibernate.type.BasicTypeRegistry     : Adding type registration char[] -> org.hibernate.type.BasicTypeReference@67db63d9
2026-02-08T09:10:01.249+01:00 DEBUG 13436 --- [restartedMain] org.hibernate.type.BasicTypeRegistry     : Adding type registration [C -> org.hibernate.type.BasicTypeReference@67db63d9
2026-02-08T09:10:01.249+01:00 DEBUG 13436 --- [restartedMain] org.hibernate.type.BasicTypeRegistry     : Adding type registration wrapper-characters -> org.hibernate.type.BasicTypeReference@433fe83c
2026-02-08T09:10:01.249+01:00 DEBUG 13436 --- [restartedMain] org.hibernate.type.BasicTypeRegistry     : Adding type registration [Ljava.lang.Character; -> org.hibernate.type.BasicTypeReference@433fe83c
2026-02-08T09:10:01.249+01:00 DEBUG 13436 --- [restartedMain] org.hibernate.type.BasicTypeRegistry     : Adding type registration Character[] -> org.hibernate.type.BasicTypeReference@433fe83c
2026-02-08T09:10:01.249+01:00 DEBUG 13436 --- [restartedMain] org.hibernate.type.BasicTypeRegistry     : Adding type registration text -> org.hibernate.type.BasicTypeReference@73867767
2026-02-08T09:10:01.249+01:00 DEBUG 13436 --- [restartedMain] org.hibernate.type.BasicTypeRegistry     : Adding type registration ntext -> org.hibernate.type.BasicTypeReference@44eea259
2026-02-08T09:10:01.249+01:00 DEBUG 13436 --- [restartedMain] org.hibernate.type.BasicTypeRegistry     : Adding type registration clob -> org.hibernate.type.BasicTypeReference@7897c4b6
2026-02-08T09:10:01.249+01:00 DEBUG 13436 --- [restartedMain] org.hibernate.type.BasicTypeRegistry     : Adding type registration java.sql.Clob -> org.hibernate.type.BasicTypeReference@7897c4b6
2026-02-08T09:10:01.249+01:00 DEBUG 13436 --- [restartedMain] org.hibernate.type.BasicTypeRegistry     : Adding type registration nclob -> org.hibernate.type.BasicTypeReference@44d5ad90
2026-02-08T09:10:01.249+01:00 DEBUG 13436 --- [restartedMain] org.hibernate.type.BasicTypeRegistry     : Adding type registration java.sql.NClob -> org.hibernate.type.BasicTypeReference@44d5ad90
2026-02-08T09:10:01.249+01:00 DEBUG 13436 --- [restartedMain] org.hibernate.type.BasicTypeRegistry     : Adding type registration materialized_clob -> org.hibernate.type.BasicTypeReference@428c722
2026-02-08T09:10:01.249+01:00 DEBUG 13436 --- [restartedMain] org.hibernate.type.BasicTypeRegistry     : Adding type registration materialized_clob_char_array -> org.hibernate.type.BasicTypeReference@35e55194
2026-02-08T09:10:01.249+01:00 DEBUG 13436 --- [restartedMain] org.hibernate.type.BasicTypeRegistry     : Adding type registration materialized_clob_character_array -> org.hibernate.type.BasicTypeReference@731191ea
2026-02-08T09:10:01.249+01:00 DEBUG 13436 --- [restartedMain] org.hibernate.type.BasicTypeRegistry     : Adding type registration materialized_nclob -> org.hibernate.type.BasicTypeReference@1ac10b35
2026-02-08T09:10:01.249+01:00 DEBUG 13436 --- [restartedMain] org.hibernate.type.BasicTypeRegistry     : Adding type registration materialized_nclob_character_array -> org.hibernate.type.BasicTypeReference@5892ce98
2026-02-08T09:10:01.249+01:00 DEBUG 13436 --- [restartedMain] org.hibernate.type.BasicTypeRegistry     : Adding type registration materialized_nclob_char_array -> org.hibernate.type.BasicTypeReference@47e45def
2026-02-08T09:10:01.249+01:00 DEBUG 13436 --- [restartedMain] org.hibernate.type.BasicTypeRegistry     : Adding type registration Duration -> org.hibernate.type.BasicTypeReference@38850a38
2026-02-08T09:10:01.249+01:00 DEBUG 13436 --- [restartedMain] org.hibernate.type.BasicTypeRegistry     : Adding type registration java.time.Duration -> org.hibernate.type.BasicTypeReference@38850a38
2026-02-08T09:10:01.249+01:00 DEBUG 13436 --- [restartedMain] org.hibernate.type.BasicTypeRegistry     : Adding type registration LocalDateTime -> org.hibernate.type.BasicTypeReference@2a0f26be
2026-02-08T09:10:01.249+01:00 DEBUG 13436 --- [restartedMain] org.hibernate.type.BasicTypeRegistry     : Adding type registration java.time.LocalDateTime -> org.hibernate.type.BasicTypeReference@2a0f26be
2026-02-08T09:10:01.249+01:00 DEBUG 13436 --- [restartedMain] org.hibernate.type.BasicTypeRegistry     : Adding type registration LocalDate -> org.hibernate.type.BasicTypeReference@6427db69
2026-02-08T09:10:01.249+01:00 DEBUG 13436 --- [restartedMain] org.hibernate.type.BasicTypeRegistry     : Adding type registration java.time.LocalDate -> org.hibernate.type.BasicTypeReference@6427db69
2026-02-08T09:10:01.249+01:00 DEBUG 13436 --- [restartedMain] org.hibernate.type.BasicTypeRegistry     : Adding type registration LocalTime -> org.hibernate.type.BasicTypeReference@149f927
2026-02-08T09:10:01.249+01:00 DEBUG 13436 --- [restartedMain] org.hibernate.type.BasicTypeRegistry     : Adding type registration java.time.LocalTime -> org.hibernate.type.BasicTypeReference@149f927
2026-02-08T09:10:01.249+01:00 DEBUG 13436 --- [restartedMain] org.hibernate.type.BasicTypeRegistry     : Adding type registration OffsetDateTime -> org.hibernate.type.BasicTypeReference@110de7fc
2026-02-08T09:10:01.249+01:00 DEBUG 13436 --- [restartedMain] org.hibernate.type.BasicTypeRegistry     : Adding type registration java.time.OffsetDateTime -> org.hibernate.type.BasicTypeReference@110de7fc
2026-02-08T09:10:01.249+01:00 DEBUG 13436 --- [restartedMain] org.hibernate.type.BasicTypeRegistry     : Adding type registration OffsetDateTimeWithTimezone -> org.hibernate.type.BasicTypeReference@42e419b5
2026-02-08T09:10:01.249+01:00 DEBUG 13436 --- [restartedMain] org.hibernate.type.BasicTypeRegistry     : Adding type registration OffsetDateTimeWithoutTimezone -> org.hibernate.type.BasicTypeReference@18427e13
2026-02-08T09:10:01.249+01:00 DEBUG 13436 --- [restartedMain] org.hibernate.type.BasicTypeRegistry     : Adding type registration OffsetTime -> org.hibernate.type.BasicTypeReference@568c3cfd
2026-02-08T09:10:01.249+01:00 DEBUG 13436 --- [restartedMain] org.hibernate.type.BasicTypeRegistry     : Adding type registration java.time.OffsetTime -> org.hibernate.type.BasicTypeReference@568c3cfd
2026-02-08T09:10:01.249+01:00 DEBUG 13436 --- [restartedMain] org.hibernate.type.BasicTypeRegistry     : Adding type registration ZonedDateTime -> org.hibernate.type.BasicTypeReference@284003d7
2026-02-08T09:10:01.249+01:00 DEBUG 13436 --- [restartedMain] org.hibernate.type.BasicTypeRegistry     : Adding type registration java.time.ZonedDateTime -> org.hibernate.type.BasicTypeReference@284003d7
2026-02-08T09:10:01.249+01:00 DEBUG 13436 --- [restartedMain] org.hibernate.type.BasicTypeRegistry     : Adding type registration ZonedDateTimeWithTimezone -> org.hibernate.type.BasicTypeReference@4a0b8edb
2026-02-08T09:10:01.249+01:00 DEBUG 13436 --- [restartedMain] org.hibernate.type.BasicTypeRegistry     : Adding type registration ZonedDateTimeWithoutTimezone -> org.hibernate.type.BasicTypeReference@41b2c36f
2026-02-08T09:10:01.249+01:00 DEBUG 13436 --- [restartedMain] org.hibernate.type.BasicTypeRegistry     : Adding type registration date -> org.hibernate.type.BasicTypeReference@76ee6470
2026-02-08T09:10:01.251+01:00 DEBUG 13436 --- [restartedMain] org.hibernate.type.BasicTypeRegistry     : Adding type registration java.sql.Date -> org.hibernate.type.BasicTypeReference@76ee6470
2026-02-08T09:10:01.251+01:00 DEBUG 13436 --- [restartedMain] org.hibernate.type.BasicTypeRegistry     : Adding type registration time -> org.hibernate.type.BasicTypeReference@5e189fc1
2026-02-08T09:10:01.251+01:00 DEBUG 13436 --- [restartedMain] org.hibernate.type.BasicTypeRegistry     : Adding type registration java.sql.Time -> org.hibernate.type.BasicTypeReference@5e189fc1
2026-02-08T09:10:01.251+01:00 DEBUG 13436 --- [restartedMain] org.hibernate.type.BasicTypeRegistry     : Adding type registration timestamp -> org.hibernate.type.BasicTypeReference@48f3bf8f
2026-02-08T09:10:01.251+01:00 DEBUG 13436 --- [restartedMain] org.hibernate.type.BasicTypeRegistry     : Adding type registration java.sql.Timestamp -> org.hibernate.type.BasicTypeReference@48f3bf8f
2026-02-08T09:10:01.251+01:00 DEBUG 13436 --- [restartedMain] org.hibernate.type.BasicTypeRegistry     : Adding type registration java.util.Date -> org.hibernate.type.BasicTypeReference@48f3bf8f
2026-02-08T09:10:01.251+01:00 DEBUG 13436 --- [restartedMain] org.hibernate.type.BasicTypeRegistry     : Adding type registration calendar -> org.hibernate.type.BasicTypeReference@1f0db445
2026-02-08T09:10:01.251+01:00 DEBUG 13436 --- [restartedMain] org.hibernate.type.BasicTypeRegistry     : Adding type registration java.util.Calendar -> org.hibernate.type.BasicTypeReference@1f0db445
2026-02-08T09:10:01.251+01:00 DEBUG 13436 --- [restartedMain] org.hibernate.type.BasicTypeRegistry     : Adding type registration java.util.GregorianCalendar -> org.hibernate.type.BasicTypeReference@1f0db445
2026-02-08T09:10:01.251+01:00 DEBUG 13436 --- [restartedMain] org.hibernate.type.BasicTypeRegistry     : Adding type registration calendar_date -> org.hibernate.type.BasicTypeReference@1a458e30
2026-02-08T09:10:01.251+01:00 DEBUG 13436 --- [restartedMain] org.hibernate.type.BasicTypeRegistry     : Adding type registration calendar_time -> org.hibernate.type.BasicTypeReference@39fc2e
2026-02-08T09:10:01.251+01:00 DEBUG 13436 --- [restartedMain] org.hibernate.type.BasicTypeRegistry     : Adding type registration instant -> org.hibernate.type.BasicTypeReference@55632461
2026-02-08T09:10:01.251+01:00 DEBUG 13436 --- [restartedMain] org.hibernate.type.BasicTypeRegistry     : Adding type registration java.time.Instant -> org.hibernate.type.BasicTypeReference@55632461
2026-02-08T09:10:01.251+01:00 DEBUG 13436 --- [restartedMain] org.hibernate.type.BasicTypeRegistry     : Adding type registration uuid -> org.hibernate.type.BasicTypeReference@273e0d14
2026-02-08T09:10:01.251+01:00 DEBUG 13436 --- [restartedMain] org.hibernate.type.BasicTypeRegistry     : Adding type registration java.util.UUID -> org.hibernate.type.BasicTypeReference@273e0d14
2026-02-08T09:10:01.251+01:00 DEBUG 13436 --- [restartedMain] org.hibernate.type.BasicTypeRegistry     : Adding type registration pg-uuid -> org.hibernate.type.BasicTypeReference@273e0d14
2026-02-08T09:10:01.251+01:00 DEBUG 13436 --- [restartedMain] org.hibernate.type.BasicTypeRegistry     : Adding type registration uuid-binary -> org.hibernate.type.BasicTypeReference@113c33cd
2026-02-08T09:10:01.251+01:00 DEBUG 13436 --- [restartedMain] org.hibernate.type.BasicTypeRegistry     : Adding type registration uuid-char -> org.hibernate.type.BasicTypeReference@5eab6548
2026-02-08T09:10:01.251+01:00 DEBUG 13436 --- [restartedMain] org.hibernate.type.BasicTypeRegistry     : Adding type registration class -> org.hibernate.type.BasicTypeReference@122702d0
2026-02-08T09:10:01.251+01:00 DEBUG 13436 --- [restartedMain] org.hibernate.type.BasicTypeRegistry     : Adding type registration java.lang.Class -> org.hibernate.type.BasicTypeReference@122702d0
2026-02-08T09:10:01.251+01:00 DEBUG 13436 --- [restartedMain] org.hibernate.type.BasicTypeRegistry     : Adding type registration currency -> org.hibernate.type.BasicTypeReference@45a6eb2d
2026-02-08T09:10:01.251+01:00 DEBUG 13436 --- [restartedMain] org.hibernate.type.BasicTypeRegistry     : Adding type registration Currency -> org.hibernate.type.BasicTypeReference@45a6eb2d
2026-02-08T09:10:01.252+01:00 DEBUG 13436 --- [restartedMain] org.hibernate.type.BasicTypeRegistry     : Adding type registration java.util.Currency -> org.hibernate.type.BasicTypeReference@45a6eb2d
2026-02-08T09:10:01.252+01:00 DEBUG 13436 --- [restartedMain] org.hibernate.type.BasicTypeRegistry     : Adding type registration locale -> org.hibernate.type.BasicTypeReference@35f41a0f
2026-02-08T09:10:01.252+01:00 DEBUG 13436 --- [restartedMain] org.hibernate.type.BasicTypeRegistry     : Adding type registration java.util.Locale -> org.hibernate.type.BasicTypeReference@35f41a0f
2026-02-08T09:10:01.252+01:00 DEBUG 13436 --- [restartedMain] org.hibernate.type.BasicTypeRegistry     : Adding type registration serializable -> org.hibernate.type.BasicTypeReference@3070a8dc
2026-02-08T09:10:01.252+01:00 DEBUG 13436 --- [restartedMain] org.hibernate.type.BasicTypeRegistry     : Adding type registration java.io.Serializable -> org.hibernate.type.BasicTypeReference@3070a8dc
2026-02-08T09:10:01.252+01:00 DEBUG 13436 --- [restartedMain] org.hibernate.type.BasicTypeRegistry     : Adding type registration timezone -> org.hibernate.type.BasicTypeReference@1aeb0d80
2026-02-08T09:10:01.252+01:00 DEBUG 13436 --- [restartedMain] org.hibernate.type.BasicTypeRegistry     : Adding type registration java.util.TimeZone -> org.hibernate.type.BasicTypeReference@1aeb0d80
2026-02-08T09:10:01.252+01:00 DEBUG 13436 --- [restartedMain] org.hibernate.type.BasicTypeRegistry     : Adding type registration ZoneOffset -> org.hibernate.type.BasicTypeReference@68667273
2026-02-08T09:10:01.252+01:00 DEBUG 13436 --- [restartedMain] org.hibernate.type.BasicTypeRegistry     : Adding type registration java.time.ZoneOffset -> org.hibernate.type.BasicTypeReference@68667273
2026-02-08T09:10:01.252+01:00 DEBUG 13436 --- [restartedMain] org.hibernate.type.BasicTypeRegistry     : Adding type registration url -> org.hibernate.type.BasicTypeReference@7d573912
2026-02-08T09:10:01.252+01:00 DEBUG 13436 --- [restartedMain] org.hibernate.type.BasicTypeRegistry     : Adding type registration java.net.URL -> org.hibernate.type.BasicTypeReference@7d573912
2026-02-08T09:10:01.252+01:00 DEBUG 13436 --- [restartedMain] org.hibernate.type.BasicTypeRegistry     : Adding type registration row_version -> org.hibernate.type.BasicTypeReference@4854482c
2026-02-08T09:10:01.255+01:00 DEBUG 13436 --- [restartedMain] org.hibernate.type.BasicTypeRegistry     : Adding type registration dbtimestamp -> org.hibernate.type.DbTimestampType@2fd176e4
2026-02-08T09:10:01.255+01:00 DEBUG 13436 --- [restartedMain] org.hibernate.type.BasicTypeRegistry     : Adding type registration dbtimestamp -> org.hibernate.type.DbTimestampType@2fd176e4
2026-02-08T09:10:01.257+01:00 DEBUG 13436 --- [restartedMain] org.hibernate.type.BasicTypeRegistry     : Adding type registration object -> org.hibernate.type.JavaObjectType@1652152f
2026-02-08T09:10:01.257+01:00 DEBUG 13436 --- [restartedMain] org.hibernate.type.BasicTypeRegistry     : Adding type registration java.lang.Object -> org.hibernate.type.JavaObjectType@1652152f
2026-02-08T09:10:01.257+01:00 DEBUG 13436 --- [restartedMain] org.hibernate.type.BasicTypeRegistry     : Adding type registration null -> org.hibernate.type.NullType@5d6e463a
2026-02-08T09:10:01.259+01:00 DEBUG 13436 --- [restartedMain] org.hibernate.type.BasicTypeRegistry     : Adding type registration imm_date -> org.hibernate.type.BasicTypeReference@2e21f96c
2026-02-08T09:10:01.259+01:00 DEBUG 13436 --- [restartedMain] org.hibernate.type.BasicTypeRegistry     : Adding type registration imm_time -> org.hibernate.type.BasicTypeReference@76ef9dd4
2026-02-08T09:10:01.259+01:00 DEBUG 13436 --- [restartedMain] org.hibernate.type.BasicTypeRegistry     : Adding type registration imm_timestamp -> org.hibernate.type.BasicTypeReference@55d8b89e
2026-02-08T09:10:01.259+01:00 DEBUG 13436 --- [restartedMain] org.hibernate.type.BasicTypeRegistry     : Adding type registration imm_calendar -> org.hibernate.type.BasicTypeReference@7aa86b89
2026-02-08T09:10:01.259+01:00 DEBUG 13436 --- [restartedMain] org.hibernate.type.BasicTypeRegistry     : Adding type registration imm_calendar_date -> org.hibernate.type.BasicTypeReference@5b630729
2026-02-08T09:10:01.259+01:00 DEBUG 13436 --- [restartedMain] org.hibernate.type.BasicTypeRegistry     : Adding type registration imm_calendar_time -> org.hibernate.type.BasicTypeReference@51e820ac
2026-02-08T09:10:01.259+01:00 DEBUG 13436 --- [restartedMain] org.hibernate.type.BasicTypeRegistry     : Adding type registration imm_binary -> org.hibernate.type.BasicTypeReference@41e47e47
2026-02-08T09:10:01.259+01:00 DEBUG 13436 --- [restartedMain] org.hibernate.type.BasicTypeRegistry     : Adding type registration imm_serializable -> org.hibernate.type.BasicTypeReference@78a9a1d1
2026-02-08T09:10:01.276+01:00  INFO 13436 --- [restartedMain] com.zaxxer.hikari.HikariDataSource       : HikariPool-1 - Starting...
2026-02-08T09:10:02.311+01:00 ERROR 13436 --- [restartedMain] com.zaxxer.hikari.pool.HikariPool        : HikariPool-1 - Exception during pool initialization.

com.mysql.cj.jdbc.exceptions.CommunicationsException: Communications link failure

The last packet sent successfully to the server was 0 milliseconds ago. The driver has not received any packets from the server.
	at com.mysql.cj.jdbc.exceptions.SQLError.createCommunicationsException(SQLError.java:174) ~[mysql-connector-j-8.0.31.jar:8.0.31]
	at com.mysql.cj.jdbc.exceptions.SQLExceptionsMapping.translateException(SQLExceptionsMapping.java:64) ~[mysql-connector-j-8.0.31.jar:8.0.31]
	at com.mysql.cj.jdbc.ConnectionImpl.createNewIO(ConnectionImpl.java:828) ~[mysql-connector-j-8.0.31.jar:8.0.31]
	at com.mysql.cj.jdbc.ConnectionImpl.<init>(ConnectionImpl.java:448) ~[mysql-connector-j-8.0.31.jar:8.0.31]
	at com.mysql.cj.jdbc.ConnectionImpl.getInstance(ConnectionImpl.java:241) ~[mysql-connector-j-8.0.31.jar:8.0.31]
	at com.mysql.cj.jdbc.NonRegisteringDriver.connect(NonRegisteringDriver.java:198) ~[mysql-connector-j-8.0.31.jar:8.0.31]
	at com.zaxxer.hikari.util.DriverDataSource.getConnection(DriverDataSource.java:138) ~[HikariCP-5.0.1.jar:na]
	at com.zaxxer.hikari.pool.PoolBase.newConnection(PoolBase.java:359) ~[HikariCP-5.0.1.jar:na]
	at com.zaxxer.hikari.pool.PoolBase.newPoolEntry(PoolBase.java:201) ~[HikariCP-5.0.1.jar:na]
	at com.zaxxer.hikari.pool.HikariPool.createPoolEntry(HikariPool.java:470) ~[HikariCP-5.0.1.jar:na]
	at com.zaxxer.hikari.pool.HikariPool.checkFailFast(HikariPool.java:561) ~[HikariCP-5.0.1.jar:na]
	at com.zaxxer.hikari.pool.HikariPool.<init>(HikariPool.java:100) ~[HikariCP-5.0.1.jar:na]
	at com.zaxxer.hikari.HikariDataSource.getConnection(HikariDataSource.java:112) ~[HikariCP-5.0.1.jar:na]
	at org.hibernate.engine.jdbc.connections.internal.DatasourceConnectionProviderImpl.getConnection(DatasourceConnectionProviderImpl.java:122) ~[hibernate-core-6.1.5.Final.jar:6.1.5.Final]
	at org.hibernate.engine.jdbc.env.internal.JdbcEnvironmentInitiator$ConnectionProviderJdbcConnectionAccess.obtainConnection(JdbcEnvironmentInitiator.java:284) ~[hibernate-core-6.1.5.Final.jar:6.1.5.Final]
	at org.hibernate.engine.jdbc.env.internal.JdbcEnvironmentInitiator.initiateService(JdbcEnvironmentInitiator.java:177) ~[hibernate-core-6.1.5.Final.jar:6.1.5.Final]
	at org.hibernate.engine.jdbc.env.internal.JdbcEnvironmentInitiator.initiateService(JdbcEnvironmentInitiator.java:36) ~[hibernate-core-6.1.5.Final.jar:6.1.5.Final]
	at org.hibernate.boot.registry.internal.StandardServiceRegistryImpl.initiateService(StandardServiceRegistryImpl.java:119) ~[hibernate-core-6.1.5.Final.jar:6.1.5.Final]
	at org.hibernate.service.internal.AbstractServiceRegistryImpl.createService(AbstractServiceRegistryImpl.java:255) ~[hibernate-core-6.1.5.Final.jar:6.1.5.Final]
	at org.hibernate.service.internal.AbstractServiceRegistryImpl.initializeService(AbstractServiceRegistryImpl.java:230) ~[hibernate-core-6.1.5.Final.jar:6.1.5.Final]
	at org.hibernate.service.internal.AbstractServiceRegistryImpl.getService(AbstractServiceRegistryImpl.java:207) ~[hibernate-core-6.1.5.Final.jar:6.1.5.Final]
	at org.hibernate.boot.model.relational.Database.<init>(Database.java:44) ~[hibernate-core-6.1.5.Final.jar:6.1.5.Final]
	at org.hibernate.boot.internal.InFlightMetadataCollectorImpl.getDatabase(InFlightMetadataCollectorImpl.java:218) ~[hibernate-core-6.1.5.Final.jar:6.1.5.Final]
	at org.hibernate.boot.internal.InFlightMetadataCollectorImpl.<init>(InFlightMetadataCollectorImpl.java:191) ~[hibernate-core-6.1.5.Final.jar:6.1.5.Final]
	at org.hibernate.boot.model.process.spi.MetadataBuildingProcess.complete(MetadataBuildingProcess.java:138) ~[hibernate-core-6.1.5.Final.jar:6.1.5.Final]
	at org.hibernate.jpa.boot.internal.EntityManagerFactoryBuilderImpl.metadata(EntityManagerFactoryBuilderImpl.java:1350) ~[hibernate-core-6.1.5.Final.jar:6.1.5.Final]
	at org.hibernate.jpa.boot.internal.EntityManagerFactoryBuilderImpl.build(EntityManagerFactoryBuilderImpl.java:1421) ~[hibernate-core-6.1.5.Final.jar:6.1.5.Final]
	at org.springframework.orm.jpa.vendor.SpringHibernateJpaPersistenceProvider.createContainerEntityManagerFactory(SpringHibernateJpaPersistenceProvider.java:66) ~[spring-orm-6.0.2.jar:6.0.2]
	at org.springframework.orm.jpa.LocalContainerEntityManagerFactoryBean.createNativeEntityManagerFactory(LocalContainerEntityManagerFactoryBean.java:376) ~[spring-orm-6.0.2.jar:6.0.2]
	at org.springframework.orm.jpa.AbstractEntityManagerFactoryBean.buildNativeEntityManagerFactory(AbstractEntityManagerFactoryBean.java:409) ~[spring-orm-6.0.2.jar:6.0.2]
	at org.springframework.orm.jpa.AbstractEntityManagerFactoryBean.afterPropertiesSet(AbstractEntityManagerFactoryBean.java:396) ~[spring-orm-6.0.2.jar:6.0.2]
	at org.springframework.orm.jpa.LocalContainerEntityManagerFactoryBean.afterPropertiesSet(LocalContainerEntityManagerFactoryBean.java:352) ~[spring-orm-6.0.2.jar:6.0.2]
	at org.springframework.beans.factory.support.AbstractAutowireCapableBeanFactory.invokeInitMethods(AbstractAutowireCapableBeanFactory.java:1797) ~[spring-beans-6.0.2.jar:6.0.2]
	at org.springframework.beans.factory.support.AbstractAutowireCapableBeanFactory.initializeBean(AbstractAutowireCapableBeanFactory.java:1747) ~[spring-beans-6.0.2.jar:6.0.2]
	at org.springframework.beans.factory.support.AbstractAutowireCapableBeanFactory.doCreateBean(AbstractAutowireCapableBeanFactory.java:599) ~[spring-beans-6.0.2.jar:6.0.2]
	at org.springframework.beans.factory.support.AbstractAutowireCapableBeanFactory.createBean(AbstractAutowireCapableBeanFactory.java:521) ~[spring-beans-6.0.2.jar:6.0.2]
	at org.springframework.beans.factory.support.AbstractBeanFactory.lambda$doGetBean$0(AbstractBeanFactory.java:326) ~[spring-beans-6.0.2.jar:6.0.2]
	at org.springframework.beans.factory.support.DefaultSingletonBeanRegistry.getSingleton(DefaultSingletonBeanRegistry.java:234) ~[spring-beans-6.0.2.jar:6.0.2]
	at org.springframework.beans.factory.support.AbstractBeanFactory.doGetBean(AbstractBeanFactory.java:324) ~[spring-beans-6.0.2.jar:6.0.2]
	at org.springframework.beans.factory.support.AbstractBeanFactory.getBean(AbstractBeanFactory.java:200) ~[spring-beans-6.0.2.jar:6.0.2]
	at org.springframework.context.support.AbstractApplicationContext.getBean(AbstractApplicationContext.java:1130) ~[spring-context-6.0.2.jar:6.0.2]
	at org.springframework.context.support.AbstractApplicationContext.finishBeanFactoryInitialization(AbstractApplicationContext.java:905) ~[spring-context-6.0.2.jar:6.0.2]
	at org.springframework.context.support.AbstractApplicationContext.refresh(AbstractApplicationContext.java:584) ~[spring-context-6.0.2.jar:6.0.2]
	at org.springframework.boot.web.servlet.context.ServletWebServerApplicationContext.refresh(ServletWebServerApplicationContext.java:146) ~[spring-boot-3.0.0.jar:3.0.0]
	at org.springframework.boot.SpringApplication.refresh(SpringApplication.java:730) ~[spring-boot-3.0.0.jar:3.0.0]
	at org.springframework.boot.SpringApplication.refreshContext(SpringApplication.java:432) ~[spring-boot-3.0.0.jar:3.0.0]
	at org.springframework.boot.SpringApplication.run(SpringApplication.java:308) ~[spring-boot-3.0.0.jar:3.0.0]
	at org.springframework.boot.SpringApplication.run(SpringApplication.java:1302) ~[spring-boot-3.0.0.jar:3.0.0]
	at org.springframework.boot.SpringApplication.run(SpringApplication.java:1291) ~[spring-boot-3.0.0.jar:3.0.0]
	at com.example.livapp.LivappApplication.main(LivappApplication.java:10) ~[classes/:na]
	at java.base/jdk.internal.reflect.DirectMethodHandleAccessor.invoke(DirectMethodHandleAccessor.java:103) ~[na:na]
	at java.base/java.lang.reflect.Method.invoke(Method.java:580) ~[na:na]
	at org.springframework.boot.devtools.restart.RestartLauncher.run(RestartLauncher.java:49) ~[spring-boot-devtools-3.0.0.jar:3.0.0]
Caused by: com.mysql.cj.exceptions.CJCommunicationsException: Communications link failure

The last packet sent successfully to the server was 0 milliseconds ago. The driver has not received any packets from the server.
	at java.base/jdk.internal.reflect.DirectConstructorHandleAccessor.newInstance(DirectConstructorHandleAccessor.java:62) ~[na:na]
	at java.base/java.lang.reflect.Constructor.newInstanceWithCaller(Constructor.java:502) ~[na:na]
	at java.base/java.lang.reflect.Constructor.newInstance(Constructor.java:486) ~[na:na]
	at com.mysql.cj.exceptions.ExceptionFactory.createException(ExceptionFactory.java:61) ~[mysql-connector-j-8.0.31.jar:8.0.31]
	at com.mysql.cj.exceptions.ExceptionFactory.createException(ExceptionFactory.java:105) ~[mysql-connector-j-8.0.31.jar:8.0.31]
	at com.mysql.cj.exceptions.ExceptionFactory.createException(ExceptionFactory.java:151) ~[mysql-connector-j-8.0.31.jar:8.0.31]
	at com.mysql.cj.exceptions.ExceptionFactory.createCommunicationsException(ExceptionFactory.java:167) ~[mysql-connector-j-8.0.31.jar:8.0.31]
	at com.mysql.cj.protocol.a.NativeSocketConnection.connect(NativeSocketConnection.java:89) ~[mysql-connector-j-8.0.31.jar:8.0.31]
	at com.mysql.cj.NativeSession.connect(NativeSession.java:120) ~[mysql-connector-j-8.0.31.jar:8.0.31]
	at com.mysql.cj.jdbc.ConnectionImpl.connectOneTryOnly(ConnectionImpl.java:948) ~[mysql-connector-j-8.0.31.jar:8.0.31]
	at com.mysql.cj.jdbc.ConnectionImpl.createNewIO(ConnectionImpl.java:818) ~[mysql-connector-j-8.0.31.jar:8.0.31]
	... 50 common frames omitted
Caused by: java.net.ConnectException: Connection refused: getsockopt
	at java.base/sun.nio.ch.Net.pollConnect(Native Method) ~[na:na]
	at java.base/sun.nio.ch.Net.pollConnectNow(Net.java:682) ~[na:na]
	at java.base/sun.nio.ch.NioSocketImpl.timedFinishConnect(NioSocketImpl.java:542) ~[na:na]
	at java.base/sun.nio.ch.NioSocketImpl.connect(NioSocketImpl.java:592) ~[na:na]
	at java.base/java.net.SocksSocketImpl.connect(SocksSocketImpl.java:327) ~[na:na]
	at java.base/java.net.Socket.connect(Socket.java:751) ~[na:na]
	at com.mysql.cj.protocol.StandardSocketFactory.connect(StandardSocketFactory.java:153) ~[mysql-connector-j-8.0.31.jar:8.0.31]
	at com.mysql.cj.protocol.a.NativeSocketConnection.connect(NativeSocketConnection.java:63) ~[mysql-connector-j-8.0.31.jar:8.0.31]
	... 53 common frames omitted

2026-02-08T09:10:02.315+01:00  WARN 13436 --- [restartedMain] o.h.e.j.e.i.JdbcEnvironmentInitiator     : HHH000342: Could not obtain connection to query metadata

com.mysql.cj.jdbc.exceptions.CommunicationsException: Communications link failure

The last packet sent successfully to the server was 0 milliseconds ago. The driver has not received any packets from the server.
	at com.mysql.cj.jdbc.exceptions.SQLError.createCommunicationsException(SQLError.java:174) ~[mysql-connector-j-8.0.31.jar:8.0.31]
	at com.mysql.cj.jdbc.exceptions.SQLExceptionsMapping.translateException(SQLExceptionsMapping.java:64) ~[mysql-connector-j-8.0.31.jar:8.0.31]
	at com.mysql.cj.jdbc.ConnectionImpl.createNewIO(ConnectionImpl.java:828) ~[mysql-connector-j-8.0.31.jar:8.0.31]
	at com.mysql.cj.jdbc.ConnectionImpl.<init>(ConnectionImpl.java:448) ~[mysql-connector-j-8.0.31.jar:8.0.31]
	at com.mysql.cj.jdbc.ConnectionImpl.getInstance(ConnectionImpl.java:241) ~[mysql-connector-j-8.0.31.jar:8.0.31]
	at com.mysql.cj.jdbc.NonRegisteringDriver.connect(NonRegisteringDriver.java:198) ~[mysql-connector-j-8.0.31.jar:8.0.31]
	at com.zaxxer.hikari.util.DriverDataSource.getConnection(DriverDataSource.java:138) ~[HikariCP-5.0.1.jar:na]
	at com.zaxxer.hikari.pool.PoolBase.newConnection(PoolBase.java:359) ~[HikariCP-5.0.1.jar:na]
	at com.zaxxer.hikari.pool.PoolBase.newPoolEntry(PoolBase.java:201) ~[HikariCP-5.0.1.jar:na]
	at com.zaxxer.hikari.pool.HikariPool.createPoolEntry(HikariPool.java:470) ~[HikariCP-5.0.1.jar:na]
	at com.zaxxer.hikari.pool.HikariPool.checkFailFast(HikariPool.java:561) ~[HikariCP-5.0.1.jar:na]
	at com.zaxxer.hikari.pool.HikariPool.<init>(HikariPool.java:100) ~[HikariCP-5.0.1.jar:na]
	at com.zaxxer.hikari.HikariDataSource.getConnection(HikariDataSource.java:112) ~[HikariCP-5.0.1.jar:na]
	at org.hibernate.engine.jdbc.connections.internal.DatasourceConnectionProviderImpl.getConnection(DatasourceConnectionProviderImpl.java:122) ~[hibernate-core-6.1.5.Final.jar:6.1.5.Final]
	at org.hibernate.engine.jdbc.env.internal.JdbcEnvironmentInitiator$ConnectionProviderJdbcConnectionAccess.obtainConnection(JdbcEnvironmentInitiator.java:284) ~[hibernate-core-6.1.5.Final.jar:6.1.5.Final]
	at org.hibernate.engine.jdbc.env.internal.JdbcEnvironmentInitiator.initiateService(JdbcEnvironmentInitiator.java:177) ~[hibernate-core-6.1.5.Final.jar:6.1.5.Final]
	at org.hibernate.engine.jdbc.env.internal.JdbcEnvironmentInitiator.initiateService(JdbcEnvironmentInitiator.java:36) ~[hibernate-core-6.1.5.Final.jar:6.1.5.Final]
	at org.hibernate.boot.registry.internal.StandardServiceRegistryImpl.initiateService(StandardServiceRegistryImpl.java:119) ~[hibernate-core-6.1.5.Final.jar:6.1.5.Final]
	at org.hibernate.service.internal.AbstractServiceRegistryImpl.createService(AbstractServiceRegistryImpl.java:255) ~[hibernate-core-6.1.5.Final.jar:6.1.5.Final]
	at org.hibernate.service.internal.AbstractServiceRegistryImpl.initializeService(AbstractServiceRegistryImpl.java:230) ~[hibernate-core-6.1.5.Final.jar:6.1.5.Final]
	at org.hibernate.service.internal.AbstractServiceRegistryImpl.getService(AbstractServiceRegistryImpl.java:207) ~[hibernate-core-6.1.5.Final.jar:6.1.5.Final]
	at org.hibernate.boot.model.relational.Database.<init>(Database.java:44) ~[hibernate-core-6.1.5.Final.jar:6.1.5.Final]
	at org.hibernate.boot.internal.InFlightMetadataCollectorImpl.getDatabase(InFlightMetadataCollectorImpl.java:218) ~[hibernate-core-6.1.5.Final.jar:6.1.5.Final]
	at org.hibernate.boot.internal.InFlightMetadataCollectorImpl.<init>(InFlightMetadataCollectorImpl.java:191) ~[hibernate-core-6.1.5.Final.jar:6.1.5.Final]
	at org.hibernate.boot.model.process.spi.MetadataBuildingProcess.complete(MetadataBuildingProcess.java:138) ~[hibernate-core-6.1.5.Final.jar:6.1.5.Final]
	at org.hibernate.jpa.boot.internal.EntityManagerFactoryBuilderImpl.metadata(EntityManagerFactoryBuilderImpl.java:1350) ~[hibernate-core-6.1.5.Final.jar:6.1.5.Final]
	at org.hibernate.jpa.boot.internal.EntityManagerFactoryBuilderImpl.build(EntityManagerFactoryBuilderImpl.java:1421) ~[hibernate-core-6.1.5.Final.jar:6.1.5.Final]
	at org.springframework.orm.jpa.vendor.SpringHibernateJpaPersistenceProvider.createContainerEntityManagerFactory(SpringHibernateJpaPersistenceProvider.java:66) ~[spring-orm-6.0.2.jar:6.0.2]
	at org.springframework.orm.jpa.LocalContainerEntityManagerFactoryBean.createNativeEntityManagerFactory(LocalContainerEntityManagerFactoryBean.java:376) ~[spring-orm-6.0.2.jar:6.0.2]
	at org.springframework.orm.jpa.AbstractEntityManagerFactoryBean.buildNativeEntityManagerFactory(AbstractEntityManagerFactoryBean.java:409) ~[spring-orm-6.0.2.jar:6.0.2]
	at org.springframework.orm.jpa.AbstractEntityManagerFactoryBean.afterPropertiesSet(AbstractEntityManagerFactoryBean.java:396) ~[spring-orm-6.0.2.jar:6.0.2]
	at org.springframework.orm.jpa.LocalContainerEntityManagerFactoryBean.afterPropertiesSet(LocalContainerEntityManagerFactoryBean.java:352) ~[spring-orm-6.0.2.jar:6.0.2]
	at org.springframework.beans.factory.support.AbstractAutowireCapableBeanFactory.invokeInitMethods(AbstractAutowireCapableBeanFactory.java:1797) ~[spring-beans-6.0.2.jar:6.0.2]
	at org.springframework.beans.factory.support.AbstractAutowireCapableBeanFactory.initializeBean(AbstractAutowireCapableBeanFactory.java:1747) ~[spring-beans-6.0.2.jar:6.0.2]
	at org.springframework.beans.factory.support.AbstractAutowireCapableBeanFactory.doCreateBean(AbstractAutowireCapableBeanFactory.java:599) ~[spring-beans-6.0.2.jar:6.0.2]
	at org.springframework.beans.factory.support.AbstractAutowireCapableBeanFactory.createBean(AbstractAutowireCapableBeanFactory.java:521) ~[spring-beans-6.0.2.jar:6.0.2]
	at org.springframework.beans.factory.support.AbstractBeanFactory.lambda$doGetBean$0(AbstractBeanFactory.java:326) ~[spring-beans-6.0.2.jar:6.0.2]
	at org.springframework.beans.factory.support.DefaultSingletonBeanRegistry.getSingleton(DefaultSingletonBeanRegistry.java:234) ~[spring-beans-6.0.2.jar:6.0.2]
	at org.springframework.beans.factory.support.AbstractBeanFactory.doGetBean(AbstractBeanFactory.java:324) ~[spring-beans-6.0.2.jar:6.0.2]
	at org.springframework.beans.factory.support.AbstractBeanFactory.getBean(AbstractBeanFactory.java:200) ~[spring-beans-6.0.2.jar:6.0.2]
	at org.springframework.context.support.AbstractApplicationContext.getBean(AbstractApplicationContext.java:1130) ~[spring-context-6.0.2.jar:6.0.2]
	at org.springframework.context.support.AbstractApplicationContext.finishBeanFactoryInitialization(AbstractApplicationContext.java:905) ~[spring-context-6.0.2.jar:6.0.2]
	at org.springframework.context.support.AbstractApplicationContext.refresh(AbstractApplicationContext.java:584) ~[spring-context-6.0.2.jar:6.0.2]
	at org.springframework.boot.web.servlet.context.ServletWebServerApplicationContext.refresh(ServletWebServerApplicationContext.java:146) ~[spring-boot-3.0.0.jar:3.0.0]
	at org.springframework.boot.SpringApplication.refresh(SpringApplication.java:730) ~[spring-boot-3.0.0.jar:3.0.0]
	at org.springframework.boot.SpringApplication.refreshContext(SpringApplication.java:432) ~[spring-boot-3.0.0.jar:3.0.0]
	at org.springframework.boot.SpringApplication.run(SpringApplication.java:308) ~[spring-boot-3.0.0.jar:3.0.0]
	at org.springframework.boot.SpringApplication.run(SpringApplication.java:1302) ~[spring-boot-3.0.0.jar:3.0.0]
	at org.springframework.boot.SpringApplication.run(SpringApplication.java:1291) ~[spring-boot-3.0.0.jar:3.0.0]
	at com.example.livapp.LivappApplication.main(LivappApplication.java:10) ~[classes/:na]
	at java.base/jdk.internal.reflect.DirectMethodHandleAccessor.invoke(DirectMethodHandleAccessor.java:103) ~[na:na]
	at java.base/java.lang.reflect.Method.invoke(Method.java:580) ~[na:na]
	at org.springframework.boot.devtools.restart.RestartLauncher.run(RestartLauncher.java:49) ~[spring-boot-devtools-3.0.0.jar:3.0.0]
Caused by: com.mysql.cj.exceptions.CJCommunicationsException: Communications link failure

The last packet sent successfully to the server was 0 milliseconds ago. The driver has not received any packets from the server.
	at java.base/jdk.internal.reflect.DirectConstructorHandleAccessor.newInstance(DirectConstructorHandleAccessor.java:62) ~[na:na]
	at java.base/java.lang.reflect.Constructor.newInstanceWithCaller(Constructor.java:502) ~[na:na]
	at java.base/java.lang.reflect.Constructor.newInstance(Constructor.java:486) ~[na:na]
	at com.mysql.cj.exceptions.ExceptionFactory.createException(ExceptionFactory.java:61) ~[mysql-connector-j-8.0.31.jar:8.0.31]
	at com.mysql.cj.exceptions.ExceptionFactory.createException(ExceptionFactory.java:105) ~[mysql-connector-j-8.0.31.jar:8.0.31]
	at com.mysql.cj.exceptions.ExceptionFactory.createException(ExceptionFactory.java:151) ~[mysql-connector-j-8.0.31.jar:8.0.31]
	at com.mysql.cj.exceptions.ExceptionFactory.createCommunicationsException(ExceptionFactory.java:167) ~[mysql-connector-j-8.0.31.jar:8.0.31]
	at com.mysql.cj.protocol.a.NativeSocketConnection.connect(NativeSocketConnection.java:89) ~[mysql-connector-j-8.0.31.jar:8.0.31]
	at com.mysql.cj.NativeSession.connect(NativeSession.java:120) ~[mysql-connector-j-8.0.31.jar:8.0.31]
	at com.mysql.cj.jdbc.ConnectionImpl.connectOneTryOnly(ConnectionImpl.java:948) ~[mysql-connector-j-8.0.31.jar:8.0.31]
	at com.mysql.cj.jdbc.ConnectionImpl.createNewIO(ConnectionImpl.java:818) ~[mysql-connector-j-8.0.31.jar:8.0.31]
	... 50 common frames omitted
Caused by: java.net.ConnectException: Connection refused: getsockopt
	at java.base/sun.nio.ch.Net.pollConnect(Native Method) ~[na:na]
	at java.base/sun.nio.ch.Net.pollConnectNow(Net.java:682) ~[na:na]
	at java.base/sun.nio.ch.NioSocketImpl.timedFinishConnect(NioSocketImpl.java:542) ~[na:na]
	at java.base/sun.nio.ch.NioSocketImpl.connect(NioSocketImpl.java:592) ~[na:na]
	at java.base/java.net.SocksSocketImpl.connect(SocksSocketImpl.java:327) ~[na:na]
	at java.base/java.net.Socket.connect(Socket.java:751) ~[na:na]
	at com.mysql.cj.protocol.StandardSocketFactory.connect(StandardSocketFactory.java:153) ~[mysql-connector-j-8.0.31.jar:8.0.31]
	at com.mysql.cj.protocol.a.NativeSocketConnection.connect(NativeSocketConnection.java:63) ~[mysql-connector-j-8.0.31.jar:8.0.31]
	... 53 common frames omitted

2026-02-08T09:10:02.319+01:00 ERROR 13436 --- [restartedMain] j.LocalContainerEntityManagerFactoryBean : Failed to initialize JPA EntityManagerFactory: Unable to create requested service [org.hibernate.engine.jdbc.env.spi.JdbcEnvironment]
2026-02-08T09:10:02.320+01:00  WARN 13436 --- [restartedMain] ConfigServletWebServerApplicationContext : Exception encountered during context initialization - cancelling refresh attempt: org.springframework.beans.factory.BeanCreationException: Error creating bean with name 'entityManagerFactory' defined in class path resource [org/springframework/boot/autoconfigure/orm/jpa/HibernateJpaConfiguration.class]: Unable to create requested service [org.hibernate.engine.jdbc.env.spi.JdbcEnvironment]
2026-02-08T09:10:02.322+01:00  INFO 13436 --- [restartedMain] o.apache.catalina.core.StandardService   : Stopping service [Tomcat]
2026-02-08T09:10:02.330+01:00  INFO 13436 --- [restartedMain] .s.b.a.l.ConditionEvaluationReportLogger : 

Error starting ApplicationContext. To display the condition evaluation report re-run your application with 'debug' enabled.
2026-02-08T09:10:02.339+01:00 ERROR 13436 --- [restartedMain] o.s.boot.SpringApplication               : Application run failed

org.springframework.beans.factory.BeanCreationException: Error creating bean with name 'entityManagerFactory' defined in class path resource [org/springframework/boot/autoconfigure/orm/jpa/HibernateJpaConfiguration.class]: Unable to create requested service [org.hibernate.engine.jdbc.env.spi.JdbcEnvironment]
	at org.springframework.beans.factory.support.AbstractAutowireCapableBeanFactory.initializeBean(AbstractAutowireCapableBeanFactory.java:1751) ~[spring-beans-6.0.2.jar:6.0.2]
	at org.springframework.beans.factory.support.AbstractAutowireCapableBeanFactory.doCreateBean(AbstractAutowireCapableBeanFactory.java:599) ~[spring-beans-6.0.2.jar:6.0.2]
	at org.springframework.beans.factory.support.AbstractAutowireCapableBeanFactory.createBean(AbstractAutowireCapableBeanFactory.java:521) ~[spring-beans-6.0.2.jar:6.0.2]
	at org.springframework.beans.factory.support.AbstractBeanFactory.lambda$doGetBean$0(AbstractBeanFactory.java:326) ~[spring-beans-6.0.2.jar:6.0.2]
	at org.springframework.beans.factory.support.DefaultSingletonBeanRegistry.getSingleton(DefaultSingletonBeanRegistry.java:234) ~[spring-beans-6.0.2.jar:6.0.2]
	at org.springframework.beans.factory.support.AbstractBeanFactory.doGetBean(AbstractBeanFactory.java:324) ~[spring-beans-6.0.2.jar:6.0.2]
	at org.springframework.beans.factory.support.AbstractBeanFactory.getBean(AbstractBeanFactory.java:200) ~[spring-beans-6.0.2.jar:6.0.2]
	at org.springframework.context.support.AbstractApplicationContext.getBean(AbstractApplicationContext.java:1130) ~[spring-context-6.0.2.jar:6.0.2]
	at org.springframework.context.support.AbstractApplicationContext.finishBeanFactoryInitialization(AbstractApplicationContext.java:905) ~[spring-context-6.0.2.jar:6.0.2]
	at org.springframework.context.support.AbstractApplicationContext.refresh(AbstractApplicationContext.java:584) ~[spring-context-6.0.2.jar:6.0.2]
	at org.springframework.boot.web.servlet.context.ServletWebServerApplicationContext.refresh(ServletWebServerApplicationContext.java:146) ~[spring-boot-3.0.0.jar:3.0.0]
	at org.springframework.boot.SpringApplication.refresh(SpringApplication.java:730) ~[spring-boot-3.0.0.jar:3.0.0]
	at org.springframework.boot.SpringApplication.refreshContext(SpringApplication.java:432) ~[spring-boot-3.0.0.jar:3.0.0]
	at org.springframework.boot.SpringApplication.run(SpringApplication.java:308) ~[spring-boot-3.0.0.jar:3.0.0]
	at org.springframework.boot.SpringApplication.run(SpringApplication.java:1302) ~[spring-boot-3.0.0.jar:3.0.0]
	at org.springframework.boot.SpringApplication.run(SpringApplication.java:1291) ~[spring-boot-3.0.0.jar:3.0.0]
	at com.example.livapp.LivappApplication.main(LivappApplication.java:10) ~[classes/:na]
	at java.base/jdk.internal.reflect.DirectMethodHandleAccessor.invoke(DirectMethodHandleAccessor.java:103) ~[na:na]
	at java.base/java.lang.reflect.Method.invoke(Method.java:580) ~[na:na]
	at org.springframework.boot.devtools.restart.RestartLauncher.run(RestartLauncher.java:49) ~[spring-boot-devtools-3.0.0.jar:3.0.0]
Caused by: org.hibernate.service.spi.ServiceException: Unable to create requested service [org.hibernate.engine.jdbc.env.spi.JdbcEnvironment]
	at org.hibernate.service.internal.AbstractServiceRegistryImpl.createService(AbstractServiceRegistryImpl.java:267) ~[hibernate-core-6.1.5.Final.jar:6.1.5.Final]
	at org.hibernate.service.internal.AbstractServiceRegistryImpl.initializeService(AbstractServiceRegistryImpl.java:230) ~[hibernate-core-6.1.5.Final.jar:6.1.5.Final]
	at org.hibernate.service.internal.AbstractServiceRegistryImpl.getService(AbstractServiceRegistryImpl.java:207) ~[hibernate-core-6.1.5.Final.jar:6.1.5.Final]
	at org.hibernate.boot.model.relational.Database.<init>(Database.java:44) ~[hibernate-core-6.1.5.Final.jar:6.1.5.Final]
	at org.hibernate.boot.internal.InFlightMetadataCollectorImpl.getDatabase(InFlightMetadataCollectorImpl.java:218) ~[hibernate-core-6.1.5.Final.jar:6.1.5.Final]
	at org.hibernate.boot.internal.InFlightMetadataCollectorImpl.<init>(InFlightMetadataCollectorImpl.java:191) ~[hibernate-core-6.1.5.Final.jar:6.1.5.Final]
	at org.hibernate.boot.model.process.spi.MetadataBuildingProcess.complete(MetadataBuildingProcess.java:138) ~[hibernate-core-6.1.5.Final.jar:6.1.5.Final]
	at org.hibernate.jpa.boot.internal.EntityManagerFactoryBuilderImpl.metadata(EntityManagerFactoryBuilderImpl.java:1350) ~[hibernate-core-6.1.5.Final.jar:6.1.5.Final]
	at org.hibernate.jpa.boot.internal.EntityManagerFactoryBuilderImpl.build(EntityManagerFactoryBuilderImpl.java:1421) ~[hibernate-core-6.1.5.Final.jar:6.1.5.Final]
	at org.springframework.orm.jpa.vendor.SpringHibernateJpaPersistenceProvider.createContainerEntityManagerFactory(SpringHibernateJpaPersistenceProvider.java:66) ~[spring-orm-6.0.2.jar:6.0.2]
	at org.springframework.orm.jpa.LocalContainerEntityManagerFactoryBean.createNativeEntityManagerFactory(LocalContainerEntityManagerFactoryBean.java:376) ~[spring-orm-6.0.2.jar:6.0.2]
	at org.springframework.orm.jpa.AbstractEntityManagerFactoryBean.buildNativeEntityManagerFactory(AbstractEntityManagerFactoryBean.java:409) ~[spring-orm-6.0.2.jar:6.0.2]
	at org.springframework.orm.jpa.AbstractEntityManagerFactoryBean.afterPropertiesSet(AbstractEntityManagerFactoryBean.java:396) ~[spring-orm-6.0.2.jar:6.0.2]
	at org.springframework.orm.jpa.LocalContainerEntityManagerFactoryBean.afterPropertiesSet(LocalContainerEntityManagerFactoryBean.java:352) ~[spring-orm-6.0.2.jar:6.0.2]
	at org.springframework.beans.factory.support.AbstractAutowireCapableBeanFactory.invokeInitMethods(AbstractAutowireCapableBeanFactory.java:1797) ~[spring-beans-6.0.2.jar:6.0.2]
	at org.springframework.beans.factory.support.AbstractAutowireCapableBeanFactory.initializeBean(AbstractAutowireCapableBeanFactory.java:1747) ~[spring-beans-6.0.2.jar:6.0.2]
	... 19 common frames omitted
Caused by: org.hibernate.HibernateException: Unable to determine Dialect without JDBC metadata (please set 'javax.persistence.jdbc.url', 'hibernate.connection.url', or 'hibernate.dialect')
	at org.hibernate.engine.jdbc.dialect.internal.DialectFactoryImpl.determineDialect(DialectFactoryImpl.java:147) ~[hibernate-core-6.1.5.Final.jar:6.1.5.Final]
	at org.hibernate.engine.jdbc.dialect.internal.DialectFactoryImpl.buildDialect(DialectFactoryImpl.java:60) ~[hibernate-core-6.1.5.Final.jar:6.1.5.Final]
	at org.hibernate.engine.jdbc.env.internal.JdbcEnvironmentInitiator.initiateService(JdbcEnvironmentInitiator.java:244) ~[hibernate-core-6.1.5.Final.jar:6.1.5.Final]
	at org.hibernate.engine.jdbc.env.internal.JdbcEnvironmentInitiator.initiateService(JdbcEnvironmentInitiator.java:36) ~[hibernate-core-6.1.5.Final.jar:6.1.5.Final]
	at org.hibernate.boot.registry.internal.StandardServiceRegistryImpl.initiateService(StandardServiceRegistryImpl.java:119) ~[hibernate-core-6.1.5.Final.jar:6.1.5.Final]
	at org.hibernate.service.internal.AbstractServiceRegistryImpl.createService(AbstractServiceRegistryImpl.java:255) ~[hibernate-core-6.1.5.Final.jar:6.1.5.Final]
	... 34 common frames omitted

2026-02-08T09:15:17.460+01:00  INFO 9880 --- [main] c.e.livapp.PackServiceIntegrationTest    : Starting PackServiceIntegrationTest using Java 21.0.8 with PID 9880 (started by ESI in C:\Users\ESI\IdeaProjects\jenkins)
2026-02-08T09:15:17.462+01:00  INFO 9880 --- [main] c.e.livapp.PackServiceIntegrationTest    : No active profile set, falling back to 1 default profile: "default"
2026-02-08T09:15:18.292+01:00  INFO 9880 --- [main] .s.d.r.c.RepositoryConfigurationDelegate : Bootstrapping Spring Data JPA repositories in DEFAULT mode.
2026-02-08T09:15:18.459+01:00  INFO 9880 --- [main] .s.d.r.c.RepositoryConfigurationDelegate : Finished Spring Data repository scanning in 159 ms. Found 27 JPA repository interfaces.
2026-02-08T09:15:19.418+01:00  INFO 9880 --- [main] o.hibernate.jpa.internal.util.LogHelper  : HHH000204: Processing PersistenceUnitInfo [name: default]
2026-02-08T09:15:19.461+01:00  INFO 9880 --- [main] org.hibernate.Version                    : HHH000412: Hibernate ORM core version 6.1.5.Final
2026-02-08T09:15:19.489+01:00  WARN 9880 --- [main] org.hibernate.orm.deprecation            : HHH90000021: Encountered deprecated setting [javax.persistence.sharedCache.mode], use [jakarta.persistence.sharedCache.mode] instead
2026-02-08T09:15:19.554+01:00 DEBUG 9880 --- [main] o.h.t.d.jdbc.spi.JdbcTypeRegistry        : addDescriptor(FloatTypeDescriptor) replaced previous registration(DoubleTypeDescriptor)
2026-02-08T09:15:19.566+01:00 DEBUG 9880 --- [main] org.hibernate.type.BasicTypeRegistry     : Adding type registration boolean -> org.hibernate.type.BasicTypeReference@503a7990
2026-02-08T09:15:19.566+01:00 DEBUG 9880 --- [main] org.hibernate.type.BasicTypeRegistry     : Adding type registration boolean -> org.hibernate.type.BasicTypeReference@503a7990
2026-02-08T09:15:19.566+01:00 DEBUG 9880 --- [main] org.hibernate.type.BasicTypeRegistry     : Adding type registration java.lang.Boolean -> org.hibernate.type.BasicTypeReference@503a7990
2026-02-08T09:15:19.566+01:00 DEBUG 9880 --- [main] org.hibernate.type.BasicTypeRegistry     : Adding type registration numeric_boolean -> org.hibernate.type.BasicTypeReference@69a90b81
2026-02-08T09:15:19.567+01:00 DEBUG 9880 --- [main] org.hibernate.type.BasicTypeRegistry     : Adding type registration org.hibernate.type.NumericBooleanConverter -> org.hibernate.type.BasicTypeReference@69a90b81
2026-02-08T09:15:19.567+01:00 DEBUG 9880 --- [main] org.hibernate.type.BasicTypeRegistry     : Adding type registration true_false -> org.hibernate.type.BasicTypeReference@6dcbbb49
2026-02-08T09:15:19.567+01:00 DEBUG 9880 --- [main] org.hibernate.type.BasicTypeRegistry     : Adding type registration org.hibernate.type.TrueFalseConverter -> org.hibernate.type.BasicTypeReference@6dcbbb49
2026-02-08T09:15:19.567+01:00 DEBUG 9880 --- [main] org.hibernate.type.BasicTypeRegistry     : Adding type registration yes_no -> org.hibernate.type.BasicTypeReference@35329a05
2026-02-08T09:15:19.567+01:00 DEBUG 9880 --- [main] org.hibernate.type.BasicTypeRegistry     : Adding type registration org.hibernate.type.YesNoConverter -> org.hibernate.type.BasicTypeReference@35329a05
2026-02-08T09:15:19.567+01:00 DEBUG 9880 --- [main] org.hibernate.type.BasicTypeRegistry     : Adding type registration byte -> org.hibernate.type.BasicTypeReference@36c783ca
2026-02-08T09:15:19.567+01:00 DEBUG 9880 --- [main] org.hibernate.type.BasicTypeRegistry     : Adding type registration byte -> org.hibernate.type.BasicTypeReference@36c783ca
2026-02-08T09:15:19.567+01:00 DEBUG 9880 --- [main] org.hibernate.type.BasicTypeRegistry     : Adding type registration java.lang.Byte -> org.hibernate.type.BasicTypeReference@36c783ca
2026-02-08T09:15:19.567+01:00 DEBUG 9880 --- [main] org.hibernate.type.BasicTypeRegistry     : Adding type registration binary -> org.hibernate.type.BasicTypeReference@17136390
2026-02-08T09:15:19.567+01:00 DEBUG 9880 --- [main] org.hibernate.type.BasicTypeRegistry     : Adding type registration byte[] -> org.hibernate.type.BasicTypeReference@17136390
2026-02-08T09:15:19.567+01:00 DEBUG 9880 --- [main] org.hibernate.type.BasicTypeRegistry     : Adding type registration [B -> org.hibernate.type.BasicTypeReference@17136390
2026-02-08T09:15:19.567+01:00 DEBUG 9880 --- [main] org.hibernate.type.BasicTypeRegistry     : Adding type registration binary_wrapper -> org.hibernate.type.BasicTypeReference@273293c8
2026-02-08T09:15:19.567+01:00 DEBUG 9880 --- [main] org.hibernate.type.BasicTypeRegistry     : Adding type registration wrapper-binary -> org.hibernate.type.BasicTypeReference@273293c8
2026-02-08T09:15:19.567+01:00 DEBUG 9880 --- [main] org.hibernate.type.BasicTypeRegistry     : Adding type registration Byte[] -> org.hibernate.type.BasicTypeReference@273293c8
2026-02-08T09:15:19.567+01:00 DEBUG 9880 --- [main] org.hibernate.type.BasicTypeRegistry     : Adding type registration [Ljava.lang.Byte; -> org.hibernate.type.BasicTypeReference@273293c8
2026-02-08T09:15:19.567+01:00 DEBUG 9880 --- [main] org.hibernate.type.BasicTypeRegistry     : Adding type registration image -> org.hibernate.type.BasicTypeReference@6f1d799
2026-02-08T09:15:19.567+01:00 DEBUG 9880 --- [main] org.hibernate.type.BasicTypeRegistry     : Adding type registration blob -> org.hibernate.type.BasicTypeReference@ca2cd5e
2026-02-08T09:15:19.567+01:00 DEBUG 9880 --- [main] org.hibernate.type.BasicTypeRegistry     : Adding type registration java.sql.Blob -> org.hibernate.type.BasicTypeReference@ca2cd5e
2026-02-08T09:15:19.567+01:00 DEBUG 9880 --- [main] org.hibernate.type.BasicTypeRegistry     : Adding type registration materialized_blob -> org.hibernate.type.BasicTypeReference@a120b9
2026-02-08T09:15:19.567+01:00 DEBUG 9880 --- [main] org.hibernate.type.BasicTypeRegistry     : Adding type registration materialized_blob_wrapper -> org.hibernate.type.BasicTypeReference@333e5fb6
2026-02-08T09:15:19.567+01:00 DEBUG 9880 --- [main] org.hibernate.type.BasicTypeRegistry     : Adding type registration short -> org.hibernate.type.BasicTypeReference@3b7b0b57
2026-02-08T09:15:19.567+01:00 DEBUG 9880 --- [main] org.hibernate.type.BasicTypeRegistry     : Adding type registration short -> org.hibernate.type.BasicTypeReference@3b7b0b57
2026-02-08T09:15:19.567+01:00 DEBUG 9880 --- [main] org.hibernate.type.BasicTypeRegistry     : Adding type registration java.lang.Short -> org.hibernate.type.BasicTypeReference@3b7b0b57
2026-02-08T09:15:19.567+01:00 DEBUG 9880 --- [main] org.hibernate.type.BasicTypeRegistry     : Adding type registration integer -> org.hibernate.type.BasicTypeReference@21a9f95b
2026-02-08T09:15:19.567+01:00 DEBUG 9880 --- [main] org.hibernate.type.BasicTypeRegistry     : Adding type registration int -> org.hibernate.type.BasicTypeReference@21a9f95b
2026-02-08T09:15:19.568+01:00 DEBUG 9880 --- [main] org.hibernate.type.BasicTypeRegistry     : Adding type registration java.lang.Integer -> org.hibernate.type.BasicTypeReference@21a9f95b
2026-02-08T09:15:19.568+01:00 DEBUG 9880 --- [main] org.hibernate.type.BasicTypeRegistry     : Adding type registration long -> org.hibernate.type.BasicTypeReference@2804b13f
2026-02-08T09:15:19.568+01:00 DEBUG 9880 --- [main] org.hibernate.type.BasicTypeRegistry     : Adding type registration long -> org.hibernate.type.BasicTypeReference@2804b13f
2026-02-08T09:15:19.568+01:00 DEBUG 9880 --- [main] org.hibernate.type.BasicTypeRegistry     : Adding type registration java.lang.Long -> org.hibernate.type.BasicTypeReference@2804b13f
2026-02-08T09:15:19.568+01:00 DEBUG 9880 --- [main] org.hibernate.type.BasicTypeRegistry     : Adding type registration float -> org.hibernate.type.BasicTypeReference@69069866
2026-02-08T09:15:19.568+01:00 DEBUG 9880 --- [main] org.hibernate.type.BasicTypeRegistry     : Adding type registration float -> org.hibernate.type.BasicTypeReference@69069866
2026-02-08T09:15:19.568+01:00 DEBUG 9880 --- [main] org.hibernate.type.BasicTypeRegistry     : Adding type registration java.lang.Float -> org.hibernate.type.BasicTypeReference@69069866
2026-02-08T09:15:19.568+01:00 DEBUG 9880 --- [main] org.hibernate.type.BasicTypeRegistry     : Adding type registration double -> org.hibernate.type.BasicTypeReference@ac417a2
2026-02-08T09:15:19.568+01:00 DEBUG 9880 --- [main] org.hibernate.type.BasicTypeRegistry     : Adding type registration double -> org.hibernate.type.BasicTypeReference@ac417a2
2026-02-08T09:15:19.568+01:00 DEBUG 9880 --- [main] org.hibernate.type.BasicTypeRegistry     : Adding type registration java.lang.Double -> org.hibernate.type.BasicTypeReference@ac417a2
2026-02-08T09:15:19.568+01:00 DEBUG 9880 --- [main] org.hibernate.type.BasicTypeRegistry     : Adding type registration big_integer -> org.hibernate.type.BasicTypeReference@64c95480
2026-02-08T09:15:19.568+01:00 DEBUG 9880 --- [main] org.hibernate.type.BasicTypeRegistry     : Adding type registration java.math.BigInteger -> org.hibernate.type.BasicTypeReference@64c95480
2026-02-08T09:15:19.568+01:00 DEBUG 9880 --- [main] org.hibernate.type.BasicTypeRegistry     : Adding type registration big_decimal -> org.hibernate.type.BasicTypeReference@69499c6f
2026-02-08T09:15:19.568+01:00 DEBUG 9880 --- [main] org.hibernate.type.BasicTypeRegistry     : Adding type registration java.math.BigDecimal -> org.hibernate.type.BasicTypeReference@69499c6f
2026-02-08T09:15:19.568+01:00 DEBUG 9880 --- [main] org.hibernate.type.BasicTypeRegistry     : Adding type registration character -> org.hibernate.type.BasicTypeReference@3451fc88
2026-02-08T09:15:19.568+01:00 DEBUG 9880 --- [main] org.hibernate.type.BasicTypeRegistry     : Adding type registration char -> org.hibernate.type.BasicTypeReference@3451fc88
2026-02-08T09:15:19.568+01:00 DEBUG 9880 --- [main] org.hibernate.type.BasicTypeRegistry     : Adding type registration java.lang.Character -> org.hibernate.type.BasicTypeReference@3451fc88
2026-02-08T09:15:19.568+01:00 DEBUG 9880 --- [main] org.hibernate.type.BasicTypeRegistry     : Adding type registration character_nchar -> org.hibernate.type.BasicTypeReference@1e0294a7
2026-02-08T09:15:19.568+01:00 DEBUG 9880 --- [main] org.hibernate.type.BasicTypeRegistry     : Adding type registration string -> org.hibernate.type.BasicTypeReference@3041beb3
2026-02-08T09:15:19.568+01:00 DEBUG 9880 --- [main] org.hibernate.type.BasicTypeRegistry     : Adding type registration java.lang.String -> org.hibernate.type.BasicTypeReference@3041beb3
2026-02-08T09:15:19.568+01:00 DEBUG 9880 --- [main] org.hibernate.type.BasicTypeRegistry     : Adding type registration nstring -> org.hibernate.type.BasicTypeReference@15cee630
2026-02-08T09:15:19.568+01:00 DEBUG 9880 --- [main] org.hibernate.type.BasicTypeRegistry     : Adding type registration characters -> org.hibernate.type.BasicTypeReference@2e40fdbd
2026-02-08T09:15:19.568+01:00 DEBUG 9880 --- [main] org.hibernate.type.BasicTypeRegistry     : Adding type registration char[] -> org.hibernate.type.BasicTypeReference@2e40fdbd
2026-02-08T09:15:19.568+01:00 DEBUG 9880 --- [main] org.hibernate.type.BasicTypeRegistry     : Adding type registration [C -> org.hibernate.type.BasicTypeReference@2e40fdbd
2026-02-08T09:15:19.568+01:00 DEBUG 9880 --- [main] org.hibernate.type.BasicTypeRegistry     : Adding type registration wrapper-characters -> org.hibernate.type.BasicTypeReference@246de37e
2026-02-08T09:15:19.568+01:00 DEBUG 9880 --- [main] org.hibernate.type.BasicTypeRegistry     : Adding type registration [Ljava.lang.Character; -> org.hibernate.type.BasicTypeReference@246de37e
2026-02-08T09:15:19.568+01:00 DEBUG 9880 --- [main] org.hibernate.type.BasicTypeRegistry     : Adding type registration Character[] -> org.hibernate.type.BasicTypeReference@246de37e
2026-02-08T09:15:19.568+01:00 DEBUG 9880 --- [main] org.hibernate.type.BasicTypeRegistry     : Adding type registration text -> org.hibernate.type.BasicTypeReference@19647566
2026-02-08T09:15:19.569+01:00 DEBUG 9880 --- [main] org.hibernate.type.BasicTypeRegistry     : Adding type registration ntext -> org.hibernate.type.BasicTypeReference@7b79ff1c
2026-02-08T09:15:19.569+01:00 DEBUG 9880 --- [main] org.hibernate.type.BasicTypeRegistry     : Adding type registration clob -> org.hibernate.type.BasicTypeReference@527d48db
2026-02-08T09:15:19.569+01:00 DEBUG 9880 --- [main] org.hibernate.type.BasicTypeRegistry     : Adding type registration java.sql.Clob -> org.hibernate.type.BasicTypeReference@527d48db
2026-02-08T09:15:19.569+01:00 DEBUG 9880 --- [main] org.hibernate.type.BasicTypeRegistry     : Adding type registration nclob -> org.hibernate.type.BasicTypeReference@194037f9
2026-02-08T09:15:19.569+01:00 DEBUG 9880 --- [main] org.hibernate.type.BasicTypeRegistry     : Adding type registration java.sql.NClob -> org.hibernate.type.BasicTypeReference@194037f9
2026-02-08T09:15:19.569+01:00 DEBUG 9880 --- [main] org.hibernate.type.BasicTypeRegistry     : Adding type registration materialized_clob -> org.hibernate.type.BasicTypeReference@2335aef2
2026-02-08T09:15:19.569+01:00 DEBUG 9880 --- [main] org.hibernate.type.BasicTypeRegistry     : Adding type registration materialized_clob_char_array -> org.hibernate.type.BasicTypeReference@17003497
2026-02-08T09:15:19.569+01:00 DEBUG 9880 --- [main] org.hibernate.type.BasicTypeRegistry     : Adding type registration materialized_clob_character_array -> org.hibernate.type.BasicTypeReference@2f038d3c
2026-02-08T09:15:19.569+01:00 DEBUG 9880 --- [main] org.hibernate.type.BasicTypeRegistry     : Adding type registration materialized_nclob -> org.hibernate.type.BasicTypeReference@376498da
2026-02-08T09:15:19.569+01:00 DEBUG 9880 --- [main] org.hibernate.type.BasicTypeRegistry     : Adding type registration materialized_nclob_character_array -> org.hibernate.type.BasicTypeReference@39a8e2fa
2026-02-08T09:15:19.569+01:00 DEBUG 9880 --- [main] org.hibernate.type.BasicTypeRegistry     : Adding type registration materialized_nclob_char_array -> org.hibernate.type.BasicTypeReference@2f9addd4
2026-02-08T09:15:19.569+01:00 DEBUG 9880 --- [main] org.hibernate.type.BasicTypeRegistry     : Adding type registration Duration -> org.hibernate.type.BasicTypeReference@1c43df76
2026-02-08T09:15:19.569+01:00 DEBUG 9880 --- [main] org.hibernate.type.BasicTypeRegistry     : Adding type registration java.time.Duration -> org.hibernate.type.BasicTypeReference@1c43df76
2026-02-08T09:15:19.569+01:00 DEBUG 9880 --- [main] org.hibernate.type.BasicTypeRegistry     : Adding type registration LocalDateTime -> org.hibernate.type.BasicTypeReference@ff2266c
2026-02-08T09:15:19.569+01:00 DEBUG 9880 --- [main] org.hibernate.type.BasicTypeRegistry     : Adding type registration java.time.LocalDateTime -> org.hibernate.type.BasicTypeReference@ff2266c
2026-02-08T09:15:19.569+01:00 DEBUG 9880 --- [main] org.hibernate.type.BasicTypeRegistry     : Adding type registration LocalDate -> org.hibernate.type.BasicTypeReference@71b3ba5a
2026-02-08T09:15:19.569+01:00 DEBUG 9880 --- [main] org.hibernate.type.BasicTypeRegistry     : Adding type registration java.time.LocalDate -> org.hibernate.type.BasicTypeReference@71b3ba5a
2026-02-08T09:15:19.569+01:00 DEBUG 9880 --- [main] org.hibernate.type.BasicTypeRegistry     : Adding type registration LocalTime -> org.hibernate.type.BasicTypeReference@83ebdc5
2026-02-08T09:15:19.569+01:00 DEBUG 9880 --- [main] org.hibernate.type.BasicTypeRegistry     : Adding type registration java.time.LocalTime -> org.hibernate.type.BasicTypeReference@83ebdc5
2026-02-08T09:15:19.569+01:00 DEBUG 9880 --- [main] org.hibernate.type.BasicTypeRegistry     : Adding type registration OffsetDateTime -> org.hibernate.type.BasicTypeReference@a047bdb
2026-02-08T09:15:19.569+01:00 DEBUG 9880 --- [main] org.hibernate.type.BasicTypeRegistry     : Adding type registration java.time.OffsetDateTime -> org.hibernate.type.BasicTypeReference@a047bdb
2026-02-08T09:15:19.569+01:00 DEBUG 9880 --- [main] org.hibernate.type.BasicTypeRegistry     : Adding type registration OffsetDateTimeWithTimezone -> org.hibernate.type.BasicTypeReference@14dbfdb1
2026-02-08T09:15:19.569+01:00 DEBUG 9880 --- [main] org.hibernate.type.BasicTypeRegistry     : Adding type registration OffsetDateTimeWithoutTimezone -> org.hibernate.type.BasicTypeReference@7856f41a
2026-02-08T09:15:19.569+01:00 DEBUG 9880 --- [main] org.hibernate.type.BasicTypeRegistry     : Adding type registration OffsetTime -> org.hibernate.type.BasicTypeReference@5fbae40
2026-02-08T09:15:19.569+01:00 DEBUG 9880 --- [main] org.hibernate.type.BasicTypeRegistry     : Adding type registration java.time.OffsetTime -> org.hibernate.type.BasicTypeReference@5fbae40
2026-02-08T09:15:19.569+01:00 DEBUG 9880 --- [main] org.hibernate.type.BasicTypeRegistry     : Adding type registration ZonedDateTime -> org.hibernate.type.BasicTypeReference@2c08c787
2026-02-08T09:15:19.569+01:00 DEBUG 9880 --- [main] org.hibernate.type.BasicTypeRegistry     : Adding type registration java.time.ZonedDateTime -> org.hibernate.type.BasicTypeReference@2c08c787
2026-02-08T09:15:19.569+01:00 DEBUG 9880 --- [main] org.hibernate.type.BasicTypeRegistry     : Adding type registration ZonedDateTimeWithTimezone -> org.hibernate.type.BasicTypeReference@67f591c2
2026-02-08T09:15:19.569+01:00 DEBUG 9880 --- [main] org.hibernate.type.BasicTypeRegistry     : Adding type registration ZonedDateTimeWithoutTimezone -> org.hibernate.type.BasicTypeReference@284c4f02
2026-02-08T09:15:19.570+01:00 DEBUG 9880 --- [main] org.hibernate.type.BasicTypeRegistry     : Adding type registration date -> org.hibernate.type.BasicTypeReference@709d6de5
2026-02-08T09:15:19.570+01:00 DEBUG 9880 --- [main] org.hibernate.type.BasicTypeRegistry     : Adding type registration java.sql.Date -> org.hibernate.type.BasicTypeReference@709d6de5
2026-02-08T09:15:19.570+01:00 DEBUG 9880 --- [main] org.hibernate.type.BasicTypeRegistry     : Adding type registration time -> org.hibernate.type.BasicTypeReference@1a43a88e
2026-02-08T09:15:19.570+01:00 DEBUG 9880 --- [main] org.hibernate.type.BasicTypeRegistry     : Adding type registration java.sql.Time -> org.hibernate.type.BasicTypeReference@1a43a88e
2026-02-08T09:15:19.570+01:00 DEBUG 9880 --- [main] org.hibernate.type.BasicTypeRegistry     : Adding type registration timestamp -> org.hibernate.type.BasicTypeReference@51f34185
2026-02-08T09:15:19.570+01:00 DEBUG 9880 --- [main] org.hibernate.type.BasicTypeRegistry     : Adding type registration java.sql.Timestamp -> org.hibernate.type.BasicTypeReference@51f34185
2026-02-08T09:15:19.570+01:00 DEBUG 9880 --- [main] org.hibernate.type.BasicTypeRegistry     : Adding type registration java.util.Date -> org.hibernate.type.BasicTypeReference@51f34185
2026-02-08T09:15:19.570+01:00 DEBUG 9880 --- [main] org.hibernate.type.BasicTypeRegistry     : Adding type registration calendar -> org.hibernate.type.BasicTypeReference@1b8d20e6
2026-02-08T09:15:19.570+01:00 DEBUG 9880 --- [main] org.hibernate.type.BasicTypeRegistry     : Adding type registration java.util.Calendar -> org.hibernate.type.BasicTypeReference@1b8d20e6
2026-02-08T09:15:19.570+01:00 DEBUG 9880 --- [main] org.hibernate.type.BasicTypeRegistry     : Adding type registration java.util.GregorianCalendar -> org.hibernate.type.BasicTypeReference@1b8d20e6
2026-02-08T09:15:19.570+01:00 DEBUG 9880 --- [main] org.hibernate.type.BasicTypeRegistry     : Adding type registration calendar_date -> org.hibernate.type.BasicTypeReference@e49437
2026-02-08T09:15:19.570+01:00 DEBUG 9880 --- [main] org.hibernate.type.BasicTypeRegistry     : Adding type registration calendar_time -> org.hibernate.type.BasicTypeReference@7645b7d
2026-02-08T09:15:19.570+01:00 DEBUG 9880 --- [main] org.hibernate.type.BasicTypeRegistry     : Adding type registration instant -> org.hibernate.type.BasicTypeReference@4c50cd7d
2026-02-08T09:15:19.570+01:00 DEBUG 9880 --- [main] org.hibernate.type.BasicTypeRegistry     : Adding type registration java.time.Instant -> org.hibernate.type.BasicTypeReference@4c50cd7d
2026-02-08T09:15:19.570+01:00 DEBUG 9880 --- [main] org.hibernate.type.BasicTypeRegistry     : Adding type registration uuid -> org.hibernate.type.BasicTypeReference@3ea84e01
2026-02-08T09:15:19.570+01:00 DEBUG 9880 --- [main] org.hibernate.type.BasicTypeRegistry     : Adding type registration java.util.UUID -> org.hibernate.type.BasicTypeReference@3ea84e01
2026-02-08T09:15:19.570+01:00 DEBUG 9880 --- [main] org.hibernate.type.BasicTypeRegistry     : Adding type registration pg-uuid -> org.hibernate.type.BasicTypeReference@3ea84e01
2026-02-08T09:15:19.570+01:00 DEBUG 9880 --- [main] org.hibernate.type.BasicTypeRegistry     : Adding type registration uuid-binary -> org.hibernate.type.BasicTypeReference@1a4930cf
2026-02-08T09:15:19.570+01:00 DEBUG 9880 --- [main] org.hibernate.type.BasicTypeRegistry     : Adding type registration uuid-char -> org.hibernate.type.BasicTypeReference@3fd33f48
2026-02-08T09:15:19.570+01:00 DEBUG 9880 --- [main] org.hibernate.type.BasicTypeRegistry     : Adding type registration class -> org.hibernate.type.BasicTypeReference@75a226ea
2026-02-08T09:15:19.570+01:00 DEBUG 9880 --- [main] org.hibernate.type.BasicTypeRegistry     : Adding type registration java.lang.Class -> org.hibernate.type.BasicTypeReference@75a226ea
2026-02-08T09:15:19.570+01:00 DEBUG 9880 --- [main] org.hibernate.type.BasicTypeRegistry     : Adding type registration currency -> org.hibernate.type.BasicTypeReference@986b619
2026-02-08T09:15:19.570+01:00 DEBUG 9880 --- [main] org.hibernate.type.BasicTypeRegistry     : Adding type registration Currency -> org.hibernate.type.BasicTypeReference@986b619
2026-02-08T09:15:19.570+01:00 DEBUG 9880 --- [main] org.hibernate.type.BasicTypeRegistry     : Adding type registration java.util.Currency -> org.hibernate.type.BasicTypeReference@986b619
2026-02-08T09:15:19.570+01:00 DEBUG 9880 --- [main] org.hibernate.type.BasicTypeRegistry     : Adding type registration locale -> org.hibernate.type.BasicTypeReference@5a1a20ae
2026-02-08T09:15:19.570+01:00 DEBUG 9880 --- [main] org.hibernate.type.BasicTypeRegistry     : Adding type registration java.util.Locale -> org.hibernate.type.BasicTypeReference@5a1a20ae
2026-02-08T09:15:19.570+01:00 DEBUG 9880 --- [main] org.hibernate.type.BasicTypeRegistry     : Adding type registration serializable -> org.hibernate.type.BasicTypeReference@7c956dda
2026-02-08T09:15:19.571+01:00 DEBUG 9880 --- [main] org.hibernate.type.BasicTypeRegistry     : Adding type registration java.io.Serializable -> org.hibernate.type.BasicTypeReference@7c956dda
2026-02-08T09:15:19.571+01:00 DEBUG 9880 --- [main] org.hibernate.type.BasicTypeRegistry     : Adding type registration timezone -> org.hibernate.type.BasicTypeReference@186481d4
2026-02-08T09:15:19.571+01:00 DEBUG 9880 --- [main] org.hibernate.type.BasicTypeRegistry     : Adding type registration java.util.TimeZone -> org.hibernate.type.BasicTypeReference@186481d4
2026-02-08T09:15:19.571+01:00 DEBUG 9880 --- [main] org.hibernate.type.BasicTypeRegistry     : Adding type registration ZoneOffset -> org.hibernate.type.BasicTypeReference@24eecabf
2026-02-08T09:15:19.571+01:00 DEBUG 9880 --- [main] org.hibernate.type.BasicTypeRegistry     : Adding type registration java.time.ZoneOffset -> org.hibernate.type.BasicTypeReference@24eecabf
2026-02-08T09:15:19.571+01:00 DEBUG 9880 --- [main] org.hibernate.type.BasicTypeRegistry     : Adding type registration url -> org.hibernate.type.BasicTypeReference@2ffa91dc
2026-02-08T09:15:19.571+01:00 DEBUG 9880 --- [main] org.hibernate.type.BasicTypeRegistry     : Adding type registration java.net.URL -> org.hibernate.type.BasicTypeReference@2ffa91dc
2026-02-08T09:15:19.571+01:00 DEBUG 9880 --- [main] org.hibernate.type.BasicTypeRegistry     : Adding type registration row_version -> org.hibernate.type.BasicTypeReference@78d6c244
2026-02-08T09:15:19.577+01:00 DEBUG 9880 --- [main] org.hibernate.type.BasicTypeRegistry     : Adding type registration dbtimestamp -> org.hibernate.type.DbTimestampType@204b0f07
2026-02-08T09:15:19.577+01:00 DEBUG 9880 --- [main] org.hibernate.type.BasicTypeRegistry     : Adding type registration dbtimestamp -> org.hibernate.type.DbTimestampType@204b0f07
2026-02-08T09:15:19.580+01:00 DEBUG 9880 --- [main] org.hibernate.type.BasicTypeRegistry     : Adding type registration object -> org.hibernate.type.JavaObjectType@32b95de
2026-02-08T09:15:19.580+01:00 DEBUG 9880 --- [main] org.hibernate.type.BasicTypeRegistry     : Adding type registration java.lang.Object -> org.hibernate.type.JavaObjectType@32b95de
2026-02-08T09:15:19.580+01:00 DEBUG 9880 --- [main] org.hibernate.type.BasicTypeRegistry     : Adding type registration null -> org.hibernate.type.NullType@3a8fb023
2026-02-08T09:15:19.581+01:00 DEBUG 9880 --- [main] org.hibernate.type.BasicTypeRegistry     : Adding type registration imm_date -> org.hibernate.type.BasicTypeReference@26d73519
2026-02-08T09:15:19.581+01:00 DEBUG 9880 --- [main] org.hibernate.type.BasicTypeRegistry     : Adding type registration imm_time -> org.hibernate.type.BasicTypeReference@48af5f38
2026-02-08T09:15:19.581+01:00 DEBUG 9880 --- [main] org.hibernate.type.BasicTypeRegistry     : Adding type registration imm_timestamp -> org.hibernate.type.BasicTypeReference@40538370
2026-02-08T09:15:19.581+01:00 DEBUG 9880 --- [main] org.hibernate.type.BasicTypeRegistry     : Adding type registration imm_calendar -> org.hibernate.type.BasicTypeReference@71a2df1
2026-02-08T09:15:19.581+01:00 DEBUG 9880 --- [main] org.hibernate.type.BasicTypeRegistry     : Adding type registration imm_calendar_date -> org.hibernate.type.BasicTypeReference@18faaff6
2026-02-08T09:15:19.581+01:00 DEBUG 9880 --- [main] org.hibernate.type.BasicTypeRegistry     : Adding type registration imm_calendar_time -> org.hibernate.type.BasicTypeReference@2a9e754e
2026-02-08T09:15:19.581+01:00 DEBUG 9880 --- [main] org.hibernate.type.BasicTypeRegistry     : Adding type registration imm_binary -> org.hibernate.type.BasicTypeReference@760a2b6e
2026-02-08T09:15:19.581+01:00 DEBUG 9880 --- [main] org.hibernate.type.BasicTypeRegistry     : Adding type registration imm_serializable -> org.hibernate.type.BasicTypeReference@20a9f5fb
2026-02-08T09:15:19.612+01:00  INFO 9880 --- [main] com.zaxxer.hikari.HikariDataSource       : HikariPool-1 - Starting...
2026-02-08T09:15:19.770+01:00  INFO 9880 --- [main] com.zaxxer.hikari.pool.HikariPool        : HikariPool-1 - Added connection conn0: url=jdbc:h2:mem:test user=SA
2026-02-08T09:15:19.772+01:00  INFO 9880 --- [main] com.zaxxer.hikari.HikariDataSource       : HikariPool-1 - Start completed.
2026-02-08T09:15:19.787+01:00  INFO 9880 --- [main] SQL dialect                              : HHH000400: Using dialect: org.hibernate.dialect.H2Dialect
2026-02-08T09:15:19.804+01:00 DEBUG 9880 --- [main] o.h.t.d.jdbc.spi.JdbcTypeRegistry        : addDescriptor(NCharTypeDescriptor) replaced previous registration(CharTypeDescriptor)
2026-02-08T09:15:19.805+01:00 DEBUG 9880 --- [main] o.h.t.d.jdbc.spi.JdbcTypeRegistry        : addDescriptor(NVarcharTypeDescriptor) replaced previous registration(VarcharTypeDescriptor)
2026-02-08T09:15:19.805+01:00 DEBUG 9880 --- [main] o.h.t.d.jdbc.spi.JdbcTypeRegistry        : addDescriptor(LongNVarcharTypeDescriptor) replaced previous registration(LongVarcharTypeDescriptor)
2026-02-08T09:15:19.806+01:00 DEBUG 9880 --- [main] o.h.t.d.jdbc.spi.JdbcTypeRegistry        : addDescriptor(NClobTypeDescriptor(DEFAULT)) replaced previous registration(ClobTypeDescriptor(DEFAULT))
2026-02-08T09:15:19.806+01:00 DEBUG 9880 --- [main] o.h.t.d.jdbc.spi.JdbcTypeRegistry        : addDescriptor(2005, ClobTypeDescriptor(STREAM_BINDING)) replaced previous registration(ClobTypeDescriptor(DEFAULT))
2026-02-08T09:15:19.807+01:00 DEBUG 9880 --- [main] o.h.t.d.jdbc.spi.JdbcTypeRegistry        : addDescriptor(3003, TimestampUtcDescriptor) replaced previous registration(TimestampUtcDescriptor)
2026-02-08T09:15:19.809+01:00 DEBUG 9880 --- [main] org.hibernate.type.BasicTypeRegistry     : Adding type registration org.hibernate.type.OffsetDateTimeType -> basicType@1(java.time.OffsetDateTime,93)
2026-02-08T09:15:19.810+01:00 DEBUG 9880 --- [main] org.hibernate.type.BasicTypeRegistry     : Adding type registration OffsetDateTime -> basicType@1(java.time.OffsetDateTime,93)
2026-02-08T09:15:19.810+01:00 DEBUG 9880 --- [main] org.hibernate.type.BasicTypeRegistry     : Adding type registration java.time.OffsetDateTime -> basicType@1(java.time.OffsetDateTime,93)
2026-02-08T09:15:19.810+01:00 DEBUG 9880 --- [main] org.hibernate.type.BasicTypeRegistry     : Adding type registration org.hibernate.type.ZonedDateTimeType -> basicType@2(java.time.ZonedDateTime,93)
2026-02-08T09:15:19.810+01:00 DEBUG 9880 --- [main] org.hibernate.type.BasicTypeRegistry     : Adding type registration ZonedDateTime -> basicType@2(java.time.ZonedDateTime,93)
2026-02-08T09:15:19.810+01:00 DEBUG 9880 --- [main] org.hibernate.type.BasicTypeRegistry     : Adding type registration java.time.ZonedDateTime -> basicType@2(java.time.ZonedDateTime,93)
2026-02-08T09:15:19.810+01:00 DEBUG 9880 --- [main] o.h.type.spi.TypeConfiguration$Scope     : Scoping TypeConfiguration [org.hibernate.type.spi.TypeConfiguration@26712838] to MetadataBuildingContext [org.hibernate.boot.internal.MetadataBuildingContextRootImpl@249a45fd]
2026-02-08T09:15:20.204+01:00 DEBUG 9880 --- [main] o.h.type.spi.TypeConfiguration$Scope     : Scoping TypeConfiguration [org.hibernate.type.spi.TypeConfiguration@26712838] to SessionFactoryImplementor [org.hibernate.internal.SessionFactoryImpl@165454f7]
2026-02-08T09:15:20.544+01:00 DEBUG 9880 --- [main] org.hibernate.SQL                        : drop table if exists cash_closure cascade 
2026-02-08T09:15:20.547+01:00 DEBUG 9880 --- [main] org.hibernate.SQL                        : drop table if exists cash_register_transactions cascade 
2026-02-08T09:15:20.547+01:00 DEBUG 9880 --- [main] org.hibernate.SQL                        : drop table if exists commercial_order_lines cascade 
2026-02-08T09:15:20.547+01:00 DEBUG 9880 --- [main] org.hibernate.SQL                        : drop table if exists commercial_order_note_lines cascade 
2026-02-08T09:15:20.547+01:00 DEBUG 9880 --- [main] org.hibernate.SQL                        : drop table if exists commercial_order_state_history cascade 
2026-02-08T09:15:20.547+01:00 DEBUG 9880 --- [main] org.hibernate.SQL                        : drop table if exists commercial_orders cascade 
2026-02-08T09:15:20.547+01:00 DEBUG 9880 --- [main] org.hibernate.SQL                        : drop table if exists commercial_stock cascade 
2026-02-08T09:15:20.547+01:00 DEBUG 9880 --- [main] org.hibernate.SQL                        : drop table if exists commercial_stock_history cascade 
2026-02-08T09:15:20.547+01:00 DEBUG 9880 --- [main] org.hibernate.SQL                        : drop table if exists customers cascade 
2026-02-08T09:15:20.547+01:00 DEBUG 9880 --- [main] org.hibernate.SQL                        : drop table if exists delivery_order_note cascade 
2026-02-08T09:15:20.547+01:00 DEBUG 9880 --- [main] org.hibernate.SQL                        : drop table if exists exit_commercial_order_note cascade 
2026-02-08T09:15:20.547+01:00 DEBUG 9880 --- [main] org.hibernate.SQL                        : drop table if exists exit_order_note cascade 
2026-02-08T09:15:20.548+01:00 DEBUG 9880 --- [main] org.hibernate.SQL                        : drop table if exists order_lines cascade 
2026-02-08T09:15:20.548+01:00 DEBUG 9880 --- [main] org.hibernate.SQL                        : drop table if exists order_note_lines cascade 
2026-02-08T09:15:20.548+01:00 DEBUG 9880 --- [main] org.hibernate.SQL                        : drop table if exists order_state_history cascade 
2026-02-08T09:15:20.548+01:00 DEBUG 9880 --- [main] org.hibernate.SQL                        : drop table if exists orders cascade 
2026-02-08T09:15:20.548+01:00 DEBUG 9880 --- [main] org.hibernate.SQL                        : drop table if exists pack_history cascade 
2026-02-08T09:15:20.548+01:00 DEBUG 9880 --- [main] org.hibernate.SQL                        : drop table if exists pack_products cascade 
2026-02-08T09:15:20.548+01:00 DEBUG 9880 --- [main] org.hibernate.SQL                        : drop table if exists packs cascade 
2026-02-08T09:15:20.548+01:00 DEBUG 9880 --- [main] org.hibernate.SQL                        : drop table if exists product_history cascade 
2026-02-08T09:15:20.548+01:00 DEBUG 9880 --- [main] org.hibernate.SQL                        : drop table if exists products cascade 
2026-02-08T09:15:20.548+01:00 DEBUG 9880 --- [main] org.hibernate.SQL                        : drop table if exists purchase_commercial_order_note cascade 
2026-02-08T09:15:20.548+01:00 DEBUG 9880 --- [main] org.hibernate.SQL                        : drop table if exists purchase_order_note cascade 
2026-02-08T09:15:20.548+01:00 DEBUG 9880 --- [main] org.hibernate.SQL                        : drop table if exists roles cascade 
2026-02-08T09:15:20.548+01:00 DEBUG 9880 --- [main] org.hibernate.SQL                        : drop table if exists stock_entry cascade 
2026-02-08T09:15:20.549+01:00 DEBUG 9880 --- [main] org.hibernate.SQL                        : drop table if exists stock_entry_lines cascade 
2026-02-08T09:15:20.549+01:00 DEBUG 9880 --- [main] org.hibernate.SQL                        : drop table if exists supplier cascade 
2026-02-08T09:15:20.549+01:00 DEBUG 9880 --- [main] org.hibernate.SQL                        : drop table if exists users cascade 
2026-02-08T09:15:20.549+01:00 DEBUG 9880 --- [main] org.hibernate.SQL                        : drop table if exists users_roles cascade 
2026-02-08T09:15:20.549+01:00 DEBUG 9880 --- [main] org.hibernate.SQL                        : drop table if exists withdrawal_transactions cascade 
2026-02-08T09:15:20.550+01:00 DEBUG 9880 --- [main] org.hibernate.SQL                        : create table cash_closure (id bigint generated by default as identity, amount_received float(53) not null, amount_withdrawn float(53) not null, closure_date TIMESTAMP DEFAULT CURRENT_TIMESTAMP not null, description varchar(255), cashier_id bigint not null, primary key (id))
2026-02-08T09:15:20.558+01:00 DEBUG 9880 --- [main] org.hibernate.SQL                        : create table cash_register_transactions (id bigint generated by default as identity, amount float(53) not null, payment_date TIMESTAMP DEFAULT CURRENT_TIMESTAMP not null, cashier_id bigint not null, customer_id bigint, user_id bigint, primary key (id))
2026-02-08T09:15:20.559+01:00 DEBUG 9880 --- [main] org.hibernate.SQL                        : create table commercial_order_lines (id bigint generated by default as identity, price float(53) not null, quantity integer not null, commercial_order_id bigint not null, pack_id bigint, product_id bigint, primary key (id))
2026-02-08T09:15:20.560+01:00 DEBUG 9880 --- [main] org.hibernate.SQL                        : create table commercial_order_note_lines (id bigint generated by default as identity, price float(53) not null, quantity integer not null, commercial_exit_order_note_id bigint, pack_id bigint, product_id bigint, commercial_purchase_order_note_id bigint, primary key (id))
2026-02-08T09:15:20.560+01:00 DEBUG 9880 --- [main] org.hibernate.SQL                        : create table commercial_order_state_history (id bigint generated by default as identity, changed_date TIMESTAMP DEFAULT CURRENT_TIMESTAMP not null, new_state varchar(255), old_state varchar(255), prepared_person_id bigint, commercial_order_id bigint not null, primary key (id))
2026-02-08T09:15:20.561+01:00 DEBUG 9880 --- [main] org.hibernate.SQL                        : create table commercial_orders (id bigint generated by default as identity, archived boolean not null, order_date TIMESTAMP DEFAULT CURRENT_TIMESTAMP not null, state varchar(255), total_price float(53) not null, user_id bigint not null, primary key (id))
2026-02-08T09:15:20.562+01:00 DEBUG 9880 --- [main] org.hibernate.SQL                        : create table commercial_stock (id bigint generated by default as identity, quantity integer not null, pack_id bigint, product_id bigint, commercial_id bigint not null, primary key (id))
2026-02-08T09:15:20.562+01:00 DEBUG 9880 --- [main] org.hibernate.SQL                        : create table commercial_stock_history (id bigint generated by default as identity, changed_date TIMESTAMP DEFAULT CURRENT_TIMESTAMP not null, quantity integer not null, pack_id bigint, product_id bigint, commercial_id bigint not null, primary key (id))
2026-02-08T09:15:20.563+01:00 DEBUG 9880 --- [main] org.hibernate.SQL                        : create table customers (id bigint generated by default as identity, commune varchar(255), customer_type varchar(255), latitude float(53), longitude float(53), name varchar(255), owner_name varchar(255), total_debt float(53), total_revenue float(53), wilaya varchar(255), primary key (id))
2026-02-08T09:15:20.564+01:00 DEBUG 9880 --- [main] org.hibernate.SQL                        : create table delivery_order_note (id bigint generated by default as identity, creation_date TIMESTAMP DEFAULT CURRENT_TIMESTAMP not null, total_price float(53), total_quantity integer not null, total_quantity_pack integer not null, delivery_person_id bigint, order_id bigint, prepared_person_id bigint, primary key (id))
2026-02-08T09:15:20.565+01:00 DEBUG 9880 --- [main] org.hibernate.SQL                        : create table exit_commercial_order_note (id bigint generated by default as identity, creation_date TIMESTAMP DEFAULT CURRENT_TIMESTAMP not null, total_price float(53), total_quantity integer not null, total_quantity_pack integer not null, commercial_order_id bigint not null, delivery_person_id bigint, prepared_person_id bigint, primary key (id))
2026-02-08T09:15:20.565+01:00 DEBUG 9880 --- [main] org.hibernate.SQL                        : create table exit_order_note (id bigint generated by default as identity, creation_date TIMESTAMP DEFAULT CURRENT_TIMESTAMP not null, total_price float(53), total_quantity integer not null, total_quantity_pack integer not null, delivery_person_id bigint, order_id bigint not null, prepared_person_id bigint, primary key (id))
2026-02-08T09:15:20.566+01:00 DEBUG 9880 --- [main] org.hibernate.SQL                        : create table order_lines (id bigint generated by default as identity, price float(53) not null, quantity integer not null, order_id bigint not null, pack_id bigint, product_id bigint, primary key (id))
2026-02-08T09:15:20.567+01:00 DEBUG 9880 --- [main] org.hibernate.SQL                        : create table order_note_lines (id bigint generated by default as identity, price float(53) not null, quantity integer not null, delivery_order_note_id bigint, exit_order_note_id bigint, pack_id bigint, product_id bigint, purchase_order_note_id bigint, primary key (id))
2026-02-08T09:15:20.568+01:00 DEBUG 9880 --- [main] org.hibernate.SQL                        : create table order_state_history (id bigint generated by default as identity, changed_date TIMESTAMP DEFAULT CURRENT_TIMESTAMP not null, new_state varchar(255), old_state varchar(255), prepared_person_id bigint, delivery_person_id bigint, order_id bigint not null, primary key (id))
2026-02-08T09:15:20.568+01:00 DEBUG 9880 --- [main] org.hibernate.SQL                        : create table orders (id bigint generated by default as identity, archived boolean not null, order_date TIMESTAMP DEFAULT CURRENT_TIMESTAMP not null, state varchar(255), total_price float(53) not null, customer_id bigint not null, user_id bigint not null, primary key (id))
2026-02-08T09:15:20.569+01:00 DEBUG 9880 --- [main] org.hibernate.SQL                        : create table pack_history (id bigint generated by default as identity, change_date TIMESTAMP DEFAULT CURRENT_TIMESTAMP not null, changed_by varchar(255), price float(53) not null, quantity integer not null, state boolean not null, pack_id bigint not null, primary key (id))
2026-02-08T09:15:20.570+01:00 DEBUG 9880 --- [main] org.hibernate.SQL                        : create table pack_products (id bigint generated by default as identity, quantity integer not null, pack_id bigint not null, product_id bigint not null, primary key (id))
2026-02-08T09:15:20.572+01:00 DEBUG 9880 --- [main] org.hibernate.SQL                        : create table packs (id bigint generated by default as identity, name varchar(50) not null, price float(53) not null, quantity integer not null, reserved_orders integer not null, state boolean not null, primary key (id))
2026-02-08T09:15:20.572+01:00 DEBUG 9880 --- [main] org.hibernate.SQL                        : create table product_history (id bigint generated by default as identity, action varchar(255), change_date TIMESTAMP DEFAULT CURRENT_TIMESTAMP not null, changed_by varchar(255), price float(53) not null, quantity integer not null, reserved_orders integer not null, reserved_packs integer not null, reserved_quantity integer not null, state boolean not null, product_id bigint not null, primary key (id))
2026-02-08T09:15:20.573+01:00 DEBUG 9880 --- [main] org.hibernate.SQL                        : create table products (id bigint generated by default as identity, bar_code varchar(255) not null, color varchar(50) not null, description varchar(255), mark varchar(50) not null, model varchar(50) not null, price float(53) not null, quantity integer not null, reserved_orders integer not null, reserved_packs integer not null, reserved_quantity integer not null, state boolean not null, type varchar(50) not null, primary key (id))
2026-02-08T09:15:20.574+01:00 DEBUG 9880 --- [main] org.hibernate.SQL                        : create table purchase_commercial_order_note (id bigint generated by default as identity, creation_date TIMESTAMP DEFAULT CURRENT_TIMESTAMP not null, total_price float(53), total_quantity integer not null, total_quantity_pack integer not null, commercial_order_id bigint, delivery_person_id bigint, prepared_person_id bigint, primary key (id))
2026-02-08T09:15:20.576+01:00 DEBUG 9880 --- [main] org.hibernate.SQL                        : create table purchase_order_note (id bigint generated by default as identity, creation_date TIMESTAMP DEFAULT CURRENT_TIMESTAMP not null, total_price float(53), total_quantity integer not null, total_quantity_pack integer not null, delivery_person_id bigint, order_id bigint, prepared_person_id bigint, primary key (id))
2026-02-08T09:15:20.576+01:00 DEBUG 9880 --- [main] org.hibernate.SQL                        : create table roles (id bigint generated by default as identity, name varchar(255), primary key (id))
2026-02-08T09:15:20.577+01:00 DEBUG 9880 --- [main] org.hibernate.SQL                        : create table stock_entry (id bigint generated by default as identity, entry_date date not null, entry_number varchar(50) not null, total_price float(53) not null, total_quantity integer not null, supplier_id bigint not null, primary key (id))
2026-02-08T09:15:20.578+01:00 DEBUG 9880 --- [main] org.hibernate.SQL                        : create table stock_entry_lines (id bigint generated by default as identity, price float(53) not null, quantity integer not null, product_id bigint not null, stock_entry_id bigint not null, primary key (id))
2026-02-08T09:15:20.578+01:00 DEBUG 9880 --- [main] org.hibernate.SQL                        : create table supplier (id bigint generated by default as identity, address varchar(255) not null, email varchar(255) not null, home_phone varchar(255) not null, mobile_phone varchar(255) not null, name varchar(255) not null, registration_date TIMESTAMP DEFAULT CURRENT_TIMESTAMP not null, state boolean not null, primary key (id))
2026-02-08T09:15:20.579+01:00 DEBUG 9880 --- [main] org.hibernate.SQL                        : create table users (id bigint generated by default as identity, cash_amount float(53), email varchar(255), enabled boolean not null, first_name varchar(255), last_name varchar(255), password varchar(255), user_name varchar(255), primary key (id))
2026-02-08T09:15:20.579+01:00 DEBUG 9880 --- [main] org.hibernate.SQL                        : create table users_roles (user_id bigint not null, role_id bigint not null, primary key (user_id, role_id))
2026-02-08T09:15:20.580+01:00 DEBUG 9880 --- [main] org.hibernate.SQL                        : create table withdrawal_transactions (id bigint generated by default as identity, amount float(53) not null, description varchar(255), withdrawal_date TIMESTAMP DEFAULT CURRENT_TIMESTAMP not null, cashier_id bigint not null, primary key (id))
2026-02-08T09:15:20.581+01:00 DEBUG 9880 --- [main] org.hibernate.SQL                        : alter table if exists packs add constraint UK_h4haowftrk59lb6jajfayq1ho unique (name)
2026-02-08T09:15:20.581+01:00 DEBUG 9880 --- [main] org.hibernate.SQL                        : alter table if exists products add constraint UK_ks7bl2r407pphq72vxpufxqn unique (bar_code)
2026-02-08T09:15:20.582+01:00 DEBUG 9880 --- [main] org.hibernate.SQL                        : alter table if exists stock_entry add constraint UK_262yph571i55hv9uevn44kwsy unique (entry_number)
2026-02-08T09:15:20.582+01:00 DEBUG 9880 --- [main] org.hibernate.SQL                        : alter table if exists users add constraint UK_k8d0f2n7n88w1a16yhua64onx unique (user_name)
2026-02-08T09:15:20.582+01:00 DEBUG 9880 --- [main] org.hibernate.SQL                        : alter table if exists cash_closure add constraint FKrd2x1lweun8gkekgew17pw0nw foreign key (cashier_id) references users
2026-02-08T09:15:20.590+01:00 DEBUG 9880 --- [main] org.hibernate.SQL                        : alter table if exists cash_register_transactions add constraint FKjtqmjf7s4rehssm4ujn4vkn80 foreign key (cashier_id) references users
2026-02-08T09:15:20.591+01:00 DEBUG 9880 --- [main] org.hibernate.SQL                        : alter table if exists cash_register_transactions add constraint FK2ib2wgd8woedfejgfgv65x11o foreign key (customer_id) references customers
2026-02-08T09:15:20.591+01:00 DEBUG 9880 --- [main] org.hibernate.SQL                        : alter table if exists cash_register_transactions add constraint FKnlv06ijanddf14lffo7a716wm foreign key (user_id) references users
2026-02-08T09:15:20.592+01:00 DEBUG 9880 --- [main] org.hibernate.SQL                        : alter table if exists commercial_order_lines add constraint FKlo4wl48940y98jt8tfyyrgvvy foreign key (commercial_order_id) references commercial_orders
2026-02-08T09:15:20.593+01:00 DEBUG 9880 --- [main] org.hibernate.SQL                        : alter table if exists commercial_order_lines add constraint FKd055j9phd6nyhma6qwpa1f1og foreign key (pack_id) references packs
2026-02-08T09:15:20.593+01:00 DEBUG 9880 --- [main] org.hibernate.SQL                        : alter table if exists commercial_order_lines add constraint FK89bs07930f5587lds515wo12d foreign key (product_id) references products
2026-02-08T09:15:20.594+01:00 DEBUG 9880 --- [main] org.hibernate.SQL                        : alter table if exists commercial_order_note_lines add constraint FKjhhkyeot431tv2jyui4od4cke foreign key (commercial_exit_order_note_id) references exit_commercial_order_note
2026-02-08T09:15:20.595+01:00 DEBUG 9880 --- [main] org.hibernate.SQL                        : alter table if exists commercial_order_note_lines add constraint FK9m3yn0cr6eymakv654fjytrlm foreign key (pack_id) references packs
2026-02-08T09:15:20.596+01:00 DEBUG 9880 --- [main] org.hibernate.SQL                        : alter table if exists commercial_order_note_lines add constraint FKely5x0k347y9m0eu7bwe94tvs foreign key (product_id) references products
2026-02-08T09:15:20.597+01:00 DEBUG 9880 --- [main] org.hibernate.SQL                        : alter table if exists commercial_order_note_lines add constraint FKdtmskpq2lcneru3mfcp3ihray foreign key (commercial_purchase_order_note_id) references purchase_commercial_order_note
2026-02-08T09:15:20.598+01:00 DEBUG 9880 --- [main] org.hibernate.SQL                        : alter table if exists commercial_order_state_history add constraint FKiyakjkla95gor0a856y0x0moc foreign key (prepared_person_id) references users
2026-02-08T09:15:20.599+01:00 DEBUG 9880 --- [main] org.hibernate.SQL                        : alter table if exists commercial_order_state_history add constraint FKmitfo6ougmsx0g9nqgpunsyyx foreign key (commercial_order_id) references commercial_orders
2026-02-08T09:15:20.601+01:00 DEBUG 9880 --- [main] org.hibernate.SQL                        : alter table if exists commercial_orders add constraint FKmtewlix9mgxijdwfb11gq5t4c foreign key (user_id) references users
2026-02-08T09:15:20.603+01:00 DEBUG 9880 --- [main] org.hibernate.SQL                        : alter table if exists commercial_stock add constraint FK1kbddxisqw3ab5fx4rca7632n foreign key (pack_id) references packs
2026-02-08T09:15:20.604+01:00 DEBUG 9880 --- [main] org.hibernate.SQL                        : alter table if exists commercial_stock add constraint FKcyvs1kqn9c27fpesse6qloxbr foreign key (product_id) references products
2026-02-08T09:15:20.605+01:00 DEBUG 9880 --- [main] org.hibernate.SQL                        : alter table if exists commercial_stock add constraint FK5akggoccm2129nbrbm3so737s foreign key (commercial_id) references users
2026-02-08T09:15:20.605+01:00 DEBUG 9880 --- [main] org.hibernate.SQL                        : alter table if exists commercial_stock_history add constraint FK9do0j97cij4lqo76tfnkue5mq foreign key (pack_id) references packs
2026-02-08T09:15:20.606+01:00 DEBUG 9880 --- [main] org.hibernate.SQL                        : alter table if exists commercial_stock_history add constraint FKs6mm3p8qj0hxxg9b6e6h2n4iv foreign key (product_id) references products
2026-02-08T09:15:20.607+01:00 DEBUG 9880 --- [main] org.hibernate.SQL                        : alter table if exists commercial_stock_history add constraint FKl3jyganbgn34iwr6sq0t21xcu foreign key (commercial_id) references users
2026-02-08T09:15:20.607+01:00 DEBUG 9880 --- [main] org.hibernate.SQL                        : alter table if exists delivery_order_note add constraint FKse29wynt05p3wlt94fywujls5 foreign key (delivery_person_id) references users
2026-02-08T09:15:20.608+01:00 DEBUG 9880 --- [main] org.hibernate.SQL                        : alter table if exists delivery_order_note add constraint FK7r5gth9xd9w5kwkqy1r4myhs foreign key (order_id) references orders
2026-02-08T09:15:20.608+01:00 DEBUG 9880 --- [main] org.hibernate.SQL                        : alter table if exists delivery_order_note add constraint FKpl9bs1lo5bdb2nnr6nw3lcl4i foreign key (prepared_person_id) references users
2026-02-08T09:15:20.609+01:00 DEBUG 9880 --- [main] org.hibernate.SQL                        : alter table if exists exit_commercial_order_note add constraint FK4pcfhwfrg08i3ong30rag00ue foreign key (commercial_order_id) references commercial_orders
2026-02-08T09:15:20.611+01:00 DEBUG 9880 --- [main] org.hibernate.SQL                        : alter table if exists exit_commercial_order_note add constraint FK16ro0jrdrx7cvgk524u30yu9w foreign key (delivery_person_id) references users
2026-02-08T09:15:20.611+01:00 DEBUG 9880 --- [main] org.hibernate.SQL                        : alter table if exists exit_commercial_order_note add constraint FKle7nmcsddvnfdhn7qs9u34h10 foreign key (prepared_person_id) references users
2026-02-08T09:15:20.612+01:00 DEBUG 9880 --- [main] org.hibernate.SQL                        : alter table if exists exit_order_note add constraint FKqc8xdg7c0smqx0ycdp2w30dsx foreign key (delivery_person_id) references users
2026-02-08T09:15:20.613+01:00 DEBUG 9880 --- [main] org.hibernate.SQL                        : alter table if exists exit_order_note add constraint FKorcdku2li7b7cnhg3mk4nsly6 foreign key (order_id) references orders
2026-02-08T09:15:20.614+01:00 DEBUG 9880 --- [main] org.hibernate.SQL                        : alter table if exists exit_order_note add constraint FKhp50568yditx1ow6igjubgy6v foreign key (prepared_person_id) references users
2026-02-08T09:15:20.614+01:00 DEBUG 9880 --- [main] org.hibernate.SQL                        : alter table if exists order_lines add constraint FK1smc0s578t2oih21yn9hw6usr foreign key (order_id) references orders
2026-02-08T09:15:20.615+01:00 DEBUG 9880 --- [main] org.hibernate.SQL                        : alter table if exists order_lines add constraint FKl8ceuepccyx4bj25273d8k0v6 foreign key (pack_id) references packs
2026-02-08T09:15:20.615+01:00 DEBUG 9880 --- [main] org.hibernate.SQL                        : alter table if exists order_lines add constraint FK5v1oeejtgtf2n3toppm3tkuhh foreign key (product_id) references products
2026-02-08T09:15:20.616+01:00 DEBUG 9880 --- [main] org.hibernate.SQL                        : alter table if exists order_note_lines add constraint FKgvcf46qmm3xp8pdqe317pfvs3 foreign key (delivery_order_note_id) references delivery_order_note
2026-02-08T09:15:20.617+01:00 DEBUG 9880 --- [main] org.hibernate.SQL                        : alter table if exists order_note_lines add constraint FK4b4ypnm8k9d5nvq7pd1pshy9q foreign key (exit_order_note_id) references exit_order_note
2026-02-08T09:15:20.619+01:00 DEBUG 9880 --- [main] org.hibernate.SQL                        : alter table if exists order_note_lines add constraint FKmls3b2hljnexj5j0vnwrkl86q foreign key (pack_id) references packs
2026-02-08T09:15:20.620+01:00 DEBUG 9880 --- [main] org.hibernate.SQL                        : alter table if exists order_note_lines add constraint FKsa2t36dkfg54uux9t622yhsui foreign key (product_id) references products
2026-02-08T09:15:20.620+01:00 DEBUG 9880 --- [main] org.hibernate.SQL                        : alter table if exists order_note_lines add constraint FKal336wsjfcuudbkcpdnm4cy7b foreign key (purchase_order_note_id) references purchase_order_note
2026-02-08T09:15:20.621+01:00 DEBUG 9880 --- [main] org.hibernate.SQL                        : alter table if exists order_state_history add constraint FKcg88oi3mth4oplkpchwyhmir2 foreign key (prepared_person_id) references users
2026-02-08T09:15:20.622+01:00 DEBUG 9880 --- [main] org.hibernate.SQL                        : alter table if exists order_state_history add constraint FKgbctjwurfomrrv7140oevs4dq foreign key (delivery_person_id) references users
2026-02-08T09:15:20.622+01:00 DEBUG 9880 --- [main] org.hibernate.SQL                        : alter table if exists order_state_history add constraint FKeduyptxl4cn9kdk96nnq3umqu foreign key (order_id) references orders
2026-02-08T09:15:20.623+01:00 DEBUG 9880 --- [main] org.hibernate.SQL                        : alter table if exists orders add constraint FKpxtb8awmi0dk6smoh2vp1litg foreign key (customer_id) references customers
2026-02-08T09:15:20.623+01:00 DEBUG 9880 --- [main] org.hibernate.SQL                        : alter table if exists orders add constraint FK32ql8ubntj5uh44ph9659tiih foreign key (user_id) references users
2026-02-08T09:15:20.624+01:00 DEBUG 9880 --- [main] org.hibernate.SQL                        : alter table if exists pack_history add constraint FKh48yhjw0rfwnjgc52765sn8dt foreign key (pack_id) references packs
2026-02-08T09:15:20.624+01:00 DEBUG 9880 --- [main] org.hibernate.SQL                        : alter table if exists pack_products add constraint FK1c9udxtvdlrmpwjyt5tabcg6 foreign key (pack_id) references packs
2026-02-08T09:15:20.625+01:00 DEBUG 9880 --- [main] org.hibernate.SQL                        : alter table if exists pack_products add constraint FK5g5fbgbp6bjsc9shu80dc8wv2 foreign key (product_id) references products
2026-02-08T09:15:20.626+01:00 DEBUG 9880 --- [main] org.hibernate.SQL                        : alter table if exists product_history add constraint FKtopf9w1y5sgbtfnpyd11ry2hp foreign key (product_id) references products
2026-02-08T09:15:20.626+01:00 DEBUG 9880 --- [main] org.hibernate.SQL                        : alter table if exists purchase_commercial_order_note add constraint FK8yoogupmpvn5qewowfmcx8utq foreign key (commercial_order_id) references commercial_orders
2026-02-08T09:15:20.627+01:00 DEBUG 9880 --- [main] org.hibernate.SQL                        : alter table if exists purchase_commercial_order_note add constraint FKbwf7cn5qa6yiox6dhg2v67wgw foreign key (delivery_person_id) references users
2026-02-08T09:15:20.627+01:00 DEBUG 9880 --- [main] org.hibernate.SQL                        : alter table if exists purchase_commercial_order_note add constraint FKg9hcyw2duo1yu7ptbionhsg8o foreign key (prepared_person_id) references users
2026-02-08T09:15:20.628+01:00 DEBUG 9880 --- [main] org.hibernate.SQL                        : alter table if exists purchase_order_note add constraint FKtb9ita6olymvw5jds7lqs0lew foreign key (delivery_person_id) references users
2026-02-08T09:15:20.628+01:00 DEBUG 9880 --- [main] org.hibernate.SQL                        : alter table if exists purchase_order_note add constraint FKppgvqtqkme4eujqa046bc5uqv foreign key (order_id) references orders
2026-02-08T09:15:20.629+01:00 DEBUG 9880 --- [main] org.hibernate.SQL                        : alter table if exists purchase_order_note add constraint FKsftbn1ktb60bqkc32bhlbldpf foreign key (prepared_person_id) references users
2026-02-08T09:15:20.629+01:00 DEBUG 9880 --- [main] org.hibernate.SQL                        : alter table if exists stock_entry add constraint FK41qcqrnvt9typ0xmxs96r4hsx foreign key (supplier_id) references supplier
2026-02-08T09:15:20.630+01:00 DEBUG 9880 --- [main] org.hibernate.SQL                        : alter table if exists stock_entry_lines add constraint FKgrfhf2q8nr16i5tafh9x7ajh3 foreign key (product_id) references products
2026-02-08T09:15:20.630+01:00 DEBUG 9880 --- [main] org.hibernate.SQL                        : alter table if exists stock_entry_lines add constraint FKc0runu4jcffnjp1pgj2jq13qp foreign key (stock_entry_id) references stock_entry
2026-02-08T09:15:20.631+01:00 DEBUG 9880 --- [main] org.hibernate.SQL                        : alter table if exists users_roles add constraint FKj6m8fwv7oqv74fcehir1a9ffy foreign key (role_id) references roles
2026-02-08T09:15:20.631+01:00 DEBUG 9880 --- [main] org.hibernate.SQL                        : alter table if exists users_roles add constraint FK2o0jvgh89lemvvo17cbqvdxaa foreign key (user_id) references users
2026-02-08T09:15:20.632+01:00 DEBUG 9880 --- [main] org.hibernate.SQL                        : alter table if exists withdrawal_transactions add constraint FKgskadk1u3rgr40g0xc8s13r50 foreign key (cashier_id) references users
2026-02-08T09:15:20.634+01:00  INFO 9880 --- [main] o.h.e.t.j.p.i.JtaPlatformInitiator       : HHH000490: Using JtaPlatform implementation: [org.hibernate.engine.transaction.jta.platform.internal.NoJtaPlatform]
2026-02-08T09:15:20.638+01:00 TRACE 9880 --- [main] o.h.type.spi.TypeConfiguration$Scope     : Handling #sessionFactoryCreated from [org.hibernate.internal.SessionFactoryImpl@165454f7] for TypeConfiguration
2026-02-08T09:15:20.639+01:00  INFO 9880 --- [main] j.LocalContainerEntityManagerFactoryBean : Initialized JPA EntityManagerFactory for persistence unit 'default'
2026-02-08T09:15:21.741+01:00  WARN 9880 --- [main] JpaBaseConfiguration$JpaWebConfiguration : spring.jpa.open-in-view is enabled by default. Therefore, database queries may be performed during view rendering. Explicitly configure spring.jpa.open-in-view to disable this warning
2026-02-08T09:15:21.849+01:00  INFO 9880 --- [main] o.s.b.a.w.s.WelcomePageHandlerMapping    : Adding welcome page template: index
2026-02-08T09:15:22.139+01:00  INFO 9880 --- [main] o.s.b.a.e.web.EndpointLinksResolver      : Exposing 1 endpoint(s) beneath base path '/actuator'
2026-02-08T09:15:22.271+01:00  INFO 9880 --- [main] o.s.s.web.DefaultSecurityFilterChain     : Will secure any request with [org.springframework.security.web.session.DisableEncodeUrlFilter@75abbb61, org.springframework.security.web.context.request.async.WebAsyncManagerIntegrationFilter@740610a2, org.springframework.security.web.context.SecurityContextHolderFilter@1ab6a093, org.springframework.security.web.header.HeaderWriterFilter@7740028a, org.springframework.security.web.csrf.CsrfFilter@222557fc, org.springframework.security.web.authentication.logout.LogoutFilter@3c92f2f9, org.springframework.security.web.authentication.UsernamePasswordAuthenticationFilter@14b53f58, org.springframework.security.web.savedrequest.RequestCacheAwareFilter@7d2dfe9c, org.springframework.security.web.servletapi.SecurityContextHolderAwareRequestFilter@60b721c9, org.springframework.security.web.authentication.AnonymousAuthenticationFilter@6bfa228c, org.springframework.security.web.access.ExceptionTranslationFilter@ab40f46, org.springframework.security.web.access.intercept.AuthorizationFilter@8872669]
2026-02-08T09:15:22.699+01:00  INFO 9880 --- [main] c.e.livapp.PackServiceIntegrationTest    : Started PackServiceIntegrationTest in 5.47 seconds (process running for 6.249)
2026-02-08T09:15:22.829+01:00 DEBUG 9880 --- [main] org.hibernate.SQL                        : insert into products (id, bar_code, color, description, mark, model, price, quantity, reserved_orders, reserved_packs, reserved_quantity, state, type) values (default, ?, ?, ?, ?, ?, ?, ?, ?, ?, ?, ?, ?)
2026-02-08T09:15:22.847+01:00 DEBUG 9880 --- [main] org.hibernate.SQL                        : insert into product_history (id, action, changed_by, price, product_id, quantity, reserved_orders, reserved_packs, reserved_quantity, state) values (default, ?, ?, ?, ?, ?, ?, ?, ?, ?)
2026-02-08T09:15:22.855+01:00 DEBUG 9880 --- [main] org.hibernate.SQL                        : insert into products (id, bar_code, color, description, mark, model, price, quantity, reserved_orders, reserved_packs, reserved_quantity, state, type) values (default, ?, ?, ?, ?, ?, ?, ?, ?, ?, ?, ?, ?)
2026-02-08T09:15:22.856+01:00 DEBUG 9880 --- [main] org.hibernate.SQL                        : insert into product_history (id, action, changed_by, price, product_id, quantity, reserved_orders, reserved_packs, reserved_quantity, state) values (default, ?, ?, ?, ?, ?, ?, ?, ?, ?)
2026-02-08T09:15:22.937+01:00 DEBUG 9880 --- [main] org.hibernate.SQL                        : select p1_0.id,p1_0.bar_code,p1_0.color,p1_0.description,p1_0.mark,p1_0.model,p1_0.price,p1_0.quantity,p1_0.reserved_orders,p1_0.reserved_packs,p1_0.reserved_quantity,p1_0.state,p1_0.type from products p1_0 where p1_0.state=?
2026-02-08T09:15:22.947+01:00 DEBUG 9880 --- [main] org.hibernate.SQL                        : insert into packs (id, name, price, quantity, reserved_orders, state) values (default, ?, ?, ?, ?, ?)
2026-02-08T09:15:22.957+01:00 DEBUG 9880 --- [main] org.hibernate.SQL                        : select p1_0.id,p1_0.bar_code,p1_0.color,p1_0.description,p1_0.mark,p1_0.model,p1_0.price,p1_0.quantity,p1_0.reserved_orders,p1_0.reserved_packs,p1_0.reserved_quantity,p1_0.state,p1_0.type from products p1_0 where p1_0.id=?
2026-02-08T09:15:22.959+01:00 DEBUG 9880 --- [main] org.hibernate.SQL                        : insert into pack_products (id, pack_id, product_id, quantity) values (default, ?, ?, ?)
2026-02-08T09:15:22.963+01:00 DEBUG 9880 --- [main] org.hibernate.SQL                        : insert into product_history (id, action, changed_by, price, product_id, quantity, reserved_orders, reserved_packs, reserved_quantity, state) values (default, ?, ?, ?, ?, ?, ?, ?, ?, ?)
2026-02-08T09:15:22.965+01:00 DEBUG 9880 --- [main] org.hibernate.SQL                        : select p1_0.id,p1_0.bar_code,p1_0.color,p1_0.description,p1_0.mark,p1_0.model,p1_0.price,p1_0.quantity,p1_0.reserved_orders,p1_0.reserved_packs,p1_0.reserved_quantity,p1_0.state,p1_0.type from products p1_0 where p1_0.id=?
2026-02-08T09:15:22.966+01:00 DEBUG 9880 --- [main] org.hibernate.SQL                        : insert into pack_products (id, pack_id, product_id, quantity) values (default, ?, ?, ?)
2026-02-08T09:15:22.967+01:00 DEBUG 9880 --- [main] org.hibernate.SQL                        : insert into product_history (id, action, changed_by, price, product_id, quantity, reserved_orders, reserved_packs, reserved_quantity, state) values (default, ?, ?, ?, ?, ?, ?, ?, ?, ?)
2026-02-08T09:15:22.968+01:00 DEBUG 9880 --- [main] org.hibernate.SQL                        : insert into pack_history (id, changed_by, pack_id, price, quantity, state) values (default, ?, ?, ?, ?, ?)
2026-02-08T09:15:22.973+01:00 DEBUG 9880 --- [main] org.hibernate.SQL                        : update products set bar_code=?, color=?, description=?, mark=?, model=?, price=?, quantity=?, reserved_orders=?, reserved_packs=?, reserved_quantity=?, state=?, type=? where id=?
2026-02-08T09:15:22.977+01:00 DEBUG 9880 --- [main] org.hibernate.SQL                        : update products set bar_code=?, color=?, description=?, mark=?, model=?, price=?, quantity=?, reserved_orders=?, reserved_packs=?, reserved_quantity=?, state=?, type=? where id=?
2026-02-08T09:15:22.979+01:00 DEBUG 9880 --- [main] org.hibernate.SQL                        : select p1_0.id,p1_0.name,p1_0.price,p1_0.quantity,p1_0.reserved_orders,p1_0.state from packs p1_0 where p1_0.id=?
2026-02-08T09:15:22.984+01:00 DEBUG 9880 --- [main] org.hibernate.SQL                        : select p1_0.id,p1_0.pack_id,p1_0.product_id,p1_0.quantity from pack_products p1_0 where p1_0.pack_id=?
2026-02-08T09:15:22.985+01:00 DEBUG 9880 --- [main] org.hibernate.SQL                        : select p1_0.id,p1_0.name,p1_0.price,p1_0.quantity,p1_0.reserved_orders,p1_0.state from packs p1_0 where p1_0.id=?
2026-02-08T09:15:22.986+01:00 DEBUG 9880 --- [main] org.hibernate.SQL                        : select p1_0.id,p1_0.bar_code,p1_0.color,p1_0.description,p1_0.mark,p1_0.model,p1_0.price,p1_0.quantity,p1_0.reserved_orders,p1_0.reserved_packs,p1_0.reserved_quantity,p1_0.state,p1_0.type from products p1_0 where p1_0.id=?
2026-02-08T09:15:22.986+01:00 DEBUG 9880 --- [main] org.hibernate.SQL                        : select p1_0.id,p1_0.bar_code,p1_0.color,p1_0.description,p1_0.mark,p1_0.model,p1_0.price,p1_0.quantity,p1_0.reserved_orders,p1_0.reserved_packs,p1_0.reserved_quantity,p1_0.state,p1_0.type from products p1_0 where p1_0.id=?
2026-02-08T09:15:22.989+01:00 DEBUG 9880 --- [main] org.hibernate.SQL                        : select p1_0.id,p1_0.bar_code,p1_0.color,p1_0.description,p1_0.mark,p1_0.model,p1_0.price,p1_0.quantity,p1_0.reserved_orders,p1_0.reserved_packs,p1_0.reserved_quantity,p1_0.state,p1_0.type from products p1_0 where p1_0.id=?
2026-02-08T09:15:22.990+01:00 DEBUG 9880 --- [main] org.hibernate.SQL                        : select p1_0.id,p1_0.bar_code,p1_0.color,p1_0.description,p1_0.mark,p1_0.model,p1_0.price,p1_0.quantity,p1_0.reserved_orders,p1_0.reserved_packs,p1_0.reserved_quantity,p1_0.state,p1_0.type from products p1_0 where p1_0.id=?
2026-02-08T09:15:23.003+01:00  INFO 9880 --- [main] j.LocalContainerEntityManagerFactoryBean : Closing JPA EntityManagerFactory for persistence unit 'default'
2026-02-08T09:15:23.003+01:00  INFO 9880 --- [main] .SchemaDropperImpl$DelayedDropActionImpl : HHH000477: Starting delayed evictData of schema as part of SessionFactory shut-down'
2026-02-08T09:15:23.004+01:00 DEBUG 9880 --- [main] org.hibernate.SQL                        : drop table if exists cash_closure cascade 
2026-02-08T09:15:23.005+01:00 DEBUG 9880 --- [main] org.hibernate.SQL                        : drop table if exists cash_register_transactions cascade 
2026-02-08T09:15:23.006+01:00 DEBUG 9880 --- [main] org.hibernate.SQL                        : drop table if exists commercial_order_lines cascade 
2026-02-08T09:15:23.006+01:00 DEBUG 9880 --- [main] org.hibernate.SQL                        : drop table if exists commercial_order_note_lines cascade 
2026-02-08T09:15:23.007+01:00 DEBUG 9880 --- [main] org.hibernate.SQL                        : drop table if exists commercial_order_state_history cascade 
2026-02-08T09:15:23.007+01:00 DEBUG 9880 --- [main] org.hibernate.SQL                        : drop table if exists commercial_orders cascade 
2026-02-08T09:15:23.008+01:00 DEBUG 9880 --- [main] org.hibernate.SQL                        : drop table if exists commercial_stock cascade 
2026-02-08T09:15:23.009+01:00 DEBUG 9880 --- [main] org.hibernate.SQL                        : drop table if exists commercial_stock_history cascade 
2026-02-08T09:15:23.009+01:00 DEBUG 9880 --- [main] org.hibernate.SQL                        : drop table if exists customers cascade 
2026-02-08T09:15:23.010+01:00 DEBUG 9880 --- [main] org.hibernate.SQL                        : drop table if exists delivery_order_note cascade 
2026-02-08T09:15:23.010+01:00 DEBUG 9880 --- [main] org.hibernate.SQL                        : drop table if exists exit_commercial_order_note cascade 
2026-02-08T09:15:23.010+01:00 DEBUG 9880 --- [main] org.hibernate.SQL                        : drop table if exists exit_order_note cascade 
2026-02-08T09:15:23.011+01:00 DEBUG 9880 --- [main] org.hibernate.SQL                        : drop table if exists order_lines cascade 
2026-02-08T09:15:23.011+01:00 DEBUG 9880 --- [main] org.hibernate.SQL                        : drop table if exists order_note_lines cascade 
2026-02-08T09:15:23.011+01:00 DEBUG 9880 --- [main] org.hibernate.SQL                        : drop table if exists order_state_history cascade 
2026-02-08T09:15:23.011+01:00 DEBUG 9880 --- [main] org.hibernate.SQL                        : drop table if exists orders cascade 
2026-02-08T09:15:23.013+01:00 DEBUG 9880 --- [main] org.hibernate.SQL                        : drop table if exists pack_history cascade 
2026-02-08T09:15:23.013+01:00 DEBUG 9880 --- [main] org.hibernate.SQL                        : drop table if exists pack_products cascade 
2026-02-08T09:15:23.013+01:00 DEBUG 9880 --- [main] org.hibernate.SQL                        : drop table if exists packs cascade 
2026-02-08T09:15:23.013+01:00 DEBUG 9880 --- [main] org.hibernate.SQL                        : drop table if exists product_history cascade 
2026-02-08T09:15:23.014+01:00 DEBUG 9880 --- [main] org.hibernate.SQL                        : drop table if exists products cascade 
2026-02-08T09:15:23.014+01:00 DEBUG 9880 --- [main] org.hibernate.SQL                        : drop table if exists purchase_commercial_order_note cascade 
2026-02-08T09:15:23.014+01:00 DEBUG 9880 --- [main] org.hibernate.SQL                        : drop table if exists purchase_order_note cascade 
2026-02-08T09:15:23.014+01:00 DEBUG 9880 --- [main] org.hibernate.SQL                        : drop table if exists roles cascade 
2026-02-08T09:15:23.014+01:00 DEBUG 9880 --- [main] org.hibernate.SQL                        : drop table if exists stock_entry cascade 
2026-02-08T09:15:23.015+01:00 DEBUG 9880 --- [main] org.hibernate.SQL                        : drop table if exists stock_entry_lines cascade 
2026-02-08T09:15:23.015+01:00 DEBUG 9880 --- [main] org.hibernate.SQL                        : drop table if exists supplier cascade 
2026-02-08T09:15:23.015+01:00 DEBUG 9880 --- [main] org.hibernate.SQL                        : drop table if exists users cascade 
2026-02-08T09:15:23.015+01:00 DEBUG 9880 --- [main] org.hibernate.SQL                        : drop table if exists users_roles cascade 
2026-02-08T09:15:23.015+01:00 DEBUG 9880 --- [main] org.hibernate.SQL                        : drop table if exists withdrawal_transactions cascade 
2026-02-08T09:15:23.016+01:00 TRACE 9880 --- [main] o.h.type.spi.TypeConfiguration$Scope     : Handling #sessionFactoryClosed from [org.hibernate.internal.SessionFactoryImpl@165454f7] for TypeConfiguration
2026-02-08T09:15:23.016+01:00 DEBUG 9880 --- [main] o.h.type.spi.TypeConfiguration$Scope     : Un-scoping TypeConfiguration [org.hibernate.type.spi.TypeConfiguration$Scope@f542e08] from SessionFactory [org.hibernate.internal.SessionFactoryImpl@165454f7]
2026-02-08T09:15:23.017+01:00  INFO 9880 --- [main] com.zaxxer.hikari.HikariDataSource       : HikariPool-1 - Shutdown initiated...
2026-02-08T09:15:23.018+01:00  INFO 9880 --- [main] com.zaxxer.hikari.HikariDataSource       : HikariPool-1 - Shutdown completed.
2026-02-08T09:15:23.021+01:00  INFO 9880 --- [main] t.c.s.AnnotationConfigContextLoaderUtils : Could not detect default configuration classes for test class [com.example.livapp.ProductServiceIntegrationTest]: ProductServiceIntegrationTest does not declare any static, non-private, non-final, nested classes annotated with @Configuration.
2026-02-08T09:15:23.022+01:00  INFO 9880 --- [main] .b.t.c.SpringBootTestContextBootstrapper : Found @SpringBootConfiguration com.example.livapp.LivappApplication for test class com.example.livapp.ProductServiceIntegrationTest
2026-02-08T09:15:23.057+01:00  INFO 9880 --- [main] c.e.l.ProductServiceIntegrationTest      : Starting ProductServiceIntegrationTest using Java 21.0.8 with PID 9880 (started by ESI in C:\Users\ESI\IdeaProjects\jenkins)
2026-02-08T09:15:23.057+01:00  INFO 9880 --- [main] c.e.l.ProductServiceIntegrationTest      : No active profile set, falling back to 1 default profile: "default"
2026-02-08T09:15:23.287+01:00  INFO 9880 --- [main] .s.d.r.c.RepositoryConfigurationDelegate : Bootstrapping Spring Data JPA repositories in DEFAULT mode.
2026-02-08T09:15:23.352+01:00  INFO 9880 --- [main] .s.d.r.c.RepositoryConfigurationDelegate : Finished Spring Data repository scanning in 65 ms. Found 27 JPA repository interfaces.
2026-02-08T09:15:23.421+01:00  INFO 9880 --- [main] o.hibernate.jpa.internal.util.LogHelper  : HHH000204: Processing PersistenceUnitInfo [name: default]
2026-02-08T09:15:23.423+01:00  WARN 9880 --- [main] org.hibernate.orm.deprecation            : HHH90000021: Encountered deprecated setting [javax.persistence.sharedCache.mode], use [jakarta.persistence.sharedCache.mode] instead
2026-02-08T09:15:23.424+01:00 DEBUG 9880 --- [main] o.h.t.d.jdbc.spi.JdbcTypeRegistry        : addDescriptor(FloatTypeDescriptor) replaced previous registration(DoubleTypeDescriptor)
2026-02-08T09:15:23.424+01:00 DEBUG 9880 --- [main] org.hibernate.type.BasicTypeRegistry     : Adding type registration boolean -> org.hibernate.type.BasicTypeReference@503a7990
2026-02-08T09:15:23.424+01:00 DEBUG 9880 --- [main] org.hibernate.type.BasicTypeRegistry     : Adding type registration boolean -> org.hibernate.type.BasicTypeReference@503a7990
2026-02-08T09:15:23.424+01:00 DEBUG 9880 --- [main] org.hibernate.type.BasicTypeRegistry     : Adding type registration java.lang.Boolean -> org.hibernate.type.BasicTypeReference@503a7990
2026-02-08T09:15:23.424+01:00 DEBUG 9880 --- [main] org.hibernate.type.BasicTypeRegistry     : Adding type registration numeric_boolean -> org.hibernate.type.BasicTypeReference@69a90b81
2026-02-08T09:15:23.424+01:00 DEBUG 9880 --- [main] org.hibernate.type.BasicTypeRegistry     : Adding type registration org.hibernate.type.NumericBooleanConverter -> org.hibernate.type.BasicTypeReference@69a90b81
2026-02-08T09:15:23.424+01:00 DEBUG 9880 --- [main] org.hibernate.type.BasicTypeRegistry     : Adding type registration true_false -> org.hibernate.type.BasicTypeReference@6dcbbb49
2026-02-08T09:15:23.424+01:00 DEBUG 9880 --- [main] org.hibernate.type.BasicTypeRegistry     : Adding type registration org.hibernate.type.TrueFalseConverter -> org.hibernate.type.BasicTypeReference@6dcbbb49
2026-02-08T09:15:23.424+01:00 DEBUG 9880 --- [main] org.hibernate.type.BasicTypeRegistry     : Adding type registration yes_no -> org.hibernate.type.BasicTypeReference@35329a05
2026-02-08T09:15:23.424+01:00 DEBUG 9880 --- [main] org.hibernate.type.BasicTypeRegistry     : Adding type registration org.hibernate.type.YesNoConverter -> org.hibernate.type.BasicTypeReference@35329a05
2026-02-08T09:15:23.424+01:00 DEBUG 9880 --- [main] org.hibernate.type.BasicTypeRegistry     : Adding type registration byte -> org.hibernate.type.BasicTypeReference@36c783ca
2026-02-08T09:15:23.424+01:00 DEBUG 9880 --- [main] org.hibernate.type.BasicTypeRegistry     : Adding type registration byte -> org.hibernate.type.BasicTypeReference@36c783ca
2026-02-08T09:15:23.424+01:00 DEBUG 9880 --- [main] org.hibernate.type.BasicTypeRegistry     : Adding type registration java.lang.Byte -> org.hibernate.type.BasicTypeReference@36c783ca
2026-02-08T09:15:23.425+01:00 DEBUG 9880 --- [main] org.hibernate.type.BasicTypeRegistry     : Adding type registration binary -> org.hibernate.type.BasicTypeReference@17136390
2026-02-08T09:15:23.425+01:00 DEBUG 9880 --- [main] org.hibernate.type.BasicTypeRegistry     : Adding type registration byte[] -> org.hibernate.type.BasicTypeReference@17136390
2026-02-08T09:15:23.425+01:00 DEBUG 9880 --- [main] org.hibernate.type.BasicTypeRegistry     : Adding type registration [B -> org.hibernate.type.BasicTypeReference@17136390
2026-02-08T09:15:23.425+01:00 DEBUG 9880 --- [main] org.hibernate.type.BasicTypeRegistry     : Adding type registration binary_wrapper -> org.hibernate.type.BasicTypeReference@273293c8
2026-02-08T09:15:23.425+01:00 DEBUG 9880 --- [main] org.hibernate.type.BasicTypeRegistry     : Adding type registration wrapper-binary -> org.hibernate.type.BasicTypeReference@273293c8
2026-02-08T09:15:23.425+01:00 DEBUG 9880 --- [main] org.hibernate.type.BasicTypeRegistry     : Adding type registration Byte[] -> org.hibernate.type.BasicTypeReference@273293c8
2026-02-08T09:15:23.425+01:00 DEBUG 9880 --- [main] org.hibernate.type.BasicTypeRegistry     : Adding type registration [Ljava.lang.Byte; -> org.hibernate.type.BasicTypeReference@273293c8
2026-02-08T09:15:23.425+01:00 DEBUG 9880 --- [main] org.hibernate.type.BasicTypeRegistry     : Adding type registration image -> org.hibernate.type.BasicTypeReference@6f1d799
2026-02-08T09:15:23.425+01:00 DEBUG 9880 --- [main] org.hibernate.type.BasicTypeRegistry     : Adding type registration blob -> org.hibernate.type.BasicTypeReference@ca2cd5e
2026-02-08T09:15:23.425+01:00 DEBUG 9880 --- [main] org.hibernate.type.BasicTypeRegistry     : Adding type registration java.sql.Blob -> org.hibernate.type.BasicTypeReference@ca2cd5e
2026-02-08T09:15:23.425+01:00 DEBUG 9880 --- [main] org.hibernate.type.BasicTypeRegistry     : Adding type registration materialized_blob -> org.hibernate.type.BasicTypeReference@a120b9
2026-02-08T09:15:23.425+01:00 DEBUG 9880 --- [main] org.hibernate.type.BasicTypeRegistry     : Adding type registration materialized_blob_wrapper -> org.hibernate.type.BasicTypeReference@333e5fb6
2026-02-08T09:15:23.425+01:00 DEBUG 9880 --- [main] org.hibernate.type.BasicTypeRegistry     : Adding type registration short -> org.hibernate.type.BasicTypeReference@3b7b0b57
2026-02-08T09:15:23.425+01:00 DEBUG 9880 --- [main] org.hibernate.type.BasicTypeRegistry     : Adding type registration short -> org.hibernate.type.BasicTypeReference@3b7b0b57
2026-02-08T09:15:23.425+01:00 DEBUG 9880 --- [main] org.hibernate.type.BasicTypeRegistry     : Adding type registration java.lang.Short -> org.hibernate.type.BasicTypeReference@3b7b0b57
2026-02-08T09:15:23.425+01:00 DEBUG 9880 --- [main] org.hibernate.type.BasicTypeRegistry     : Adding type registration integer -> org.hibernate.type.BasicTypeReference@21a9f95b
2026-02-08T09:15:23.425+01:00 DEBUG 9880 --- [main] org.hibernate.type.BasicTypeRegistry     : Adding type registration int -> org.hibernate.type.BasicTypeReference@21a9f95b
2026-02-08T09:15:23.425+01:00 DEBUG 9880 --- [main] org.hibernate.type.BasicTypeRegistry     : Adding type registration java.lang.Integer -> org.hibernate.type.BasicTypeReference@21a9f95b
2026-02-08T09:15:23.425+01:00 DEBUG 9880 --- [main] org.hibernate.type.BasicTypeRegistry     : Adding type registration long -> org.hibernate.type.BasicTypeReference@2804b13f
2026-02-08T09:15:23.426+01:00 DEBUG 9880 --- [main] org.hibernate.type.BasicTypeRegistry     : Adding type registration long -> org.hibernate.type.BasicTypeReference@2804b13f
2026-02-08T09:15:23.426+01:00 DEBUG 9880 --- [main] org.hibernate.type.BasicTypeRegistry     : Adding type registration java.lang.Long -> org.hibernate.type.BasicTypeReference@2804b13f
2026-02-08T09:15:23.426+01:00 DEBUG 9880 --- [main] org.hibernate.type.BasicTypeRegistry     : Adding type registration float -> org.hibernate.type.BasicTypeReference@69069866
2026-02-08T09:15:23.426+01:00 DEBUG 9880 --- [main] org.hibernate.type.BasicTypeRegistry     : Adding type registration float -> org.hibernate.type.BasicTypeReference@69069866
2026-02-08T09:15:23.426+01:00 DEBUG 9880 --- [main] org.hibernate.type.BasicTypeRegistry     : Adding type registration java.lang.Float -> org.hibernate.type.BasicTypeReference@69069866
2026-02-08T09:15:23.426+01:00 DEBUG 9880 --- [main] org.hibernate.type.BasicTypeRegistry     : Adding type registration double -> org.hibernate.type.BasicTypeReference@ac417a2
2026-02-08T09:15:23.426+01:00 DEBUG 9880 --- [main] org.hibernate.type.BasicTypeRegistry     : Adding type registration double -> org.hibernate.type.BasicTypeReference@ac417a2
2026-02-08T09:15:23.426+01:00 DEBUG 9880 --- [main] org.hibernate.type.BasicTypeRegistry     : Adding type registration java.lang.Double -> org.hibernate.type.BasicTypeReference@ac417a2
2026-02-08T09:15:23.426+01:00 DEBUG 9880 --- [main] org.hibernate.type.BasicTypeRegistry     : Adding type registration big_integer -> org.hibernate.type.BasicTypeReference@64c95480
2026-02-08T09:15:23.426+01:00 DEBUG 9880 --- [main] org.hibernate.type.BasicTypeRegistry     : Adding type registration java.math.BigInteger -> org.hibernate.type.BasicTypeReference@64c95480
2026-02-08T09:15:23.426+01:00 DEBUG 9880 --- [main] org.hibernate.type.BasicTypeRegistry     : Adding type registration big_decimal -> org.hibernate.type.BasicTypeReference@69499c6f
2026-02-08T09:15:23.426+01:00 DEBUG 9880 --- [main] org.hibernate.type.BasicTypeRegistry     : Adding type registration java.math.BigDecimal -> org.hibernate.type.BasicTypeReference@69499c6f
2026-02-08T09:15:23.426+01:00 DEBUG 9880 --- [main] org.hibernate.type.BasicTypeRegistry     : Adding type registration character -> org.hibernate.type.BasicTypeReference@3451fc88
2026-02-08T09:15:23.426+01:00 DEBUG 9880 --- [main] org.hibernate.type.BasicTypeRegistry     : Adding type registration char -> org.hibernate.type.BasicTypeReference@3451fc88
2026-02-08T09:15:23.426+01:00 DEBUG 9880 --- [main] org.hibernate.type.BasicTypeRegistry     : Adding type registration java.lang.Character -> org.hibernate.type.BasicTypeReference@3451fc88
2026-02-08T09:15:23.426+01:00 DEBUG 9880 --- [main] org.hibernate.type.BasicTypeRegistry     : Adding type registration character_nchar -> org.hibernate.type.BasicTypeReference@1e0294a7
2026-02-08T09:15:23.426+01:00 DEBUG 9880 --- [main] org.hibernate.type.BasicTypeRegistry     : Adding type registration string -> org.hibernate.type.BasicTypeReference@3041beb3
2026-02-08T09:15:23.426+01:00 DEBUG 9880 --- [main] org.hibernate.type.BasicTypeRegistry     : Adding type registration java.lang.String -> org.hibernate.type.BasicTypeReference@3041beb3
2026-02-08T09:15:23.426+01:00 DEBUG 9880 --- [main] org.hibernate.type.BasicTypeRegistry     : Adding type registration nstring -> org.hibernate.type.BasicTypeReference@15cee630
2026-02-08T09:15:23.426+01:00 DEBUG 9880 --- [main] org.hibernate.type.BasicTypeRegistry     : Adding type registration characters -> org.hibernate.type.BasicTypeReference@2e40fdbd
2026-02-08T09:15:23.426+01:00 DEBUG 9880 --- [main] org.hibernate.type.BasicTypeRegistry     : Adding type registration char[] -> org.hibernate.type.BasicTypeReference@2e40fdbd
2026-02-08T09:15:23.426+01:00 DEBUG 9880 --- [main] org.hibernate.type.BasicTypeRegistry     : Adding type registration [C -> org.hibernate.type.BasicTypeReference@2e40fdbd
2026-02-08T09:15:23.426+01:00 DEBUG 9880 --- [main] org.hibernate.type.BasicTypeRegistry     : Adding type registration wrapper-characters -> org.hibernate.type.BasicTypeReference@246de37e
2026-02-08T09:15:23.426+01:00 DEBUG 9880 --- [main] org.hibernate.type.BasicTypeRegistry     : Adding type registration [Ljava.lang.Character; -> org.hibernate.type.BasicTypeReference@246de37e
2026-02-08T09:15:23.426+01:00 DEBUG 9880 --- [main] org.hibernate.type.BasicTypeRegistry     : Adding type registration Character[] -> org.hibernate.type.BasicTypeReference@246de37e
2026-02-08T09:15:23.426+01:00 DEBUG 9880 --- [main] org.hibernate.type.BasicTypeRegistry     : Adding type registration text -> org.hibernate.type.BasicTypeReference@19647566
2026-02-08T09:15:23.427+01:00 DEBUG 9880 --- [main] org.hibernate.type.BasicTypeRegistry     : Adding type registration ntext -> org.hibernate.type.BasicTypeReference@7b79ff1c
2026-02-08T09:15:23.427+01:00 DEBUG 9880 --- [main] org.hibernate.type.BasicTypeRegistry     : Adding type registration clob -> org.hibernate.type.BasicTypeReference@527d48db
2026-02-08T09:15:23.427+01:00 DEBUG 9880 --- [main] org.hibernate.type.BasicTypeRegistry     : Adding type registration java.sql.Clob -> org.hibernate.type.BasicTypeReference@527d48db
2026-02-08T09:15:23.427+01:00 DEBUG 9880 --- [main] org.hibernate.type.BasicTypeRegistry     : Adding type registration nclob -> org.hibernate.type.BasicTypeReference@194037f9
2026-02-08T09:15:23.427+01:00 DEBUG 9880 --- [main] org.hibernate.type.BasicTypeRegistry     : Adding type registration java.sql.NClob -> org.hibernate.type.BasicTypeReference@194037f9
2026-02-08T09:15:23.427+01:00 DEBUG 9880 --- [main] org.hibernate.type.BasicTypeRegistry     : Adding type registration materialized_clob -> org.hibernate.type.BasicTypeReference@2335aef2
2026-02-08T09:15:23.427+01:00 DEBUG 9880 --- [main] org.hibernate.type.BasicTypeRegistry     : Adding type registration materialized_clob_char_array -> org.hibernate.type.BasicTypeReference@17003497
2026-02-08T09:15:23.427+01:00 DEBUG 9880 --- [main] org.hibernate.type.BasicTypeRegistry     : Adding type registration materialized_clob_character_array -> org.hibernate.type.BasicTypeReference@2f038d3c
2026-02-08T09:15:23.427+01:00 DEBUG 9880 --- [main] org.hibernate.type.BasicTypeRegistry     : Adding type registration materialized_nclob -> org.hibernate.type.BasicTypeReference@376498da
2026-02-08T09:15:23.427+01:00 DEBUG 9880 --- [main] org.hibernate.type.BasicTypeRegistry     : Adding type registration materialized_nclob_character_array -> org.hibernate.type.BasicTypeReference@39a8e2fa
2026-02-08T09:15:23.427+01:00 DEBUG 9880 --- [main] org.hibernate.type.BasicTypeRegistry     : Adding type registration materialized_nclob_char_array -> org.hibernate.type.BasicTypeReference@2f9addd4
2026-02-08T09:15:23.427+01:00 DEBUG 9880 --- [main] org.hibernate.type.BasicTypeRegistry     : Adding type registration Duration -> org.hibernate.type.BasicTypeReference@1c43df76
2026-02-08T09:15:23.427+01:00 DEBUG 9880 --- [main] org.hibernate.type.BasicTypeRegistry     : Adding type registration java.time.Duration -> org.hibernate.type.BasicTypeReference@1c43df76
2026-02-08T09:15:23.427+01:00 DEBUG 9880 --- [main] org.hibernate.type.BasicTypeRegistry     : Adding type registration LocalDateTime -> org.hibernate.type.BasicTypeReference@ff2266c
2026-02-08T09:15:23.427+01:00 DEBUG 9880 --- [main] org.hibernate.type.BasicTypeRegistry     : Adding type registration java.time.LocalDateTime -> org.hibernate.type.BasicTypeReference@ff2266c
2026-02-08T09:15:23.427+01:00 DEBUG 9880 --- [main] org.hibernate.type.BasicTypeRegistry     : Adding type registration LocalDate -> org.hibernate.type.BasicTypeReference@71b3ba5a
2026-02-08T09:15:23.427+01:00 DEBUG 9880 --- [main] org.hibernate.type.BasicTypeRegistry     : Adding type registration java.time.LocalDate -> org.hibernate.type.BasicTypeReference@71b3ba5a
2026-02-08T09:15:23.427+01:00 DEBUG 9880 --- [main] org.hibernate.type.BasicTypeRegistry     : Adding type registration LocalTime -> org.hibernate.type.BasicTypeReference@83ebdc5
2026-02-08T09:15:23.427+01:00 DEBUG 9880 --- [main] org.hibernate.type.BasicTypeRegistry     : Adding type registration java.time.LocalTime -> org.hibernate.type.BasicTypeReference@83ebdc5
2026-02-08T09:15:23.427+01:00 DEBUG 9880 --- [main] org.hibernate.type.BasicTypeRegistry     : Adding type registration OffsetDateTime -> org.hibernate.type.BasicTypeReference@a047bdb
2026-02-08T09:15:23.427+01:00 DEBUG 9880 --- [main] org.hibernate.type.BasicTypeRegistry     : Adding type registration java.time.OffsetDateTime -> org.hibernate.type.BasicTypeReference@a047bdb
2026-02-08T09:15:23.427+01:00 DEBUG 9880 --- [main] org.hibernate.type.BasicTypeRegistry     : Adding type registration OffsetDateTimeWithTimezone -> org.hibernate.type.BasicTypeReference@14dbfdb1
2026-02-08T09:15:23.427+01:00 DEBUG 9880 --- [main] org.hibernate.type.BasicTypeRegistry     : Adding type registration OffsetDateTimeWithoutTimezone -> org.hibernate.type.BasicTypeReference@7856f41a
2026-02-08T09:15:23.427+01:00 DEBUG 9880 --- [main] org.hibernate.type.BasicTypeRegistry     : Adding type registration OffsetTime -> org.hibernate.type.BasicTypeReference@5fbae40
2026-02-08T09:15:23.427+01:00 DEBUG 9880 --- [main] org.hibernate.type.BasicTypeRegistry     : Adding type registration java.time.OffsetTime -> org.hibernate.type.BasicTypeReference@5fbae40
2026-02-08T09:15:23.427+01:00 DEBUG 9880 --- [main] org.hibernate.type.BasicTypeRegistry     : Adding type registration ZonedDateTime -> org.hibernate.type.BasicTypeReference@2c08c787
2026-02-08T09:15:23.427+01:00 DEBUG 9880 --- [main] org.hibernate.type.BasicTypeRegistry     : Adding type registration java.time.ZonedDateTime -> org.hibernate.type.BasicTypeReference@2c08c787
2026-02-08T09:15:23.427+01:00 DEBUG 9880 --- [main] org.hibernate.type.BasicTypeRegistry     : Adding type registration ZonedDateTimeWithTimezone -> org.hibernate.type.BasicTypeReference@67f591c2
2026-02-08T09:15:23.427+01:00 DEBUG 9880 --- [main] org.hibernate.type.BasicTypeRegistry     : Adding type registration ZonedDateTimeWithoutTimezone -> org.hibernate.type.BasicTypeReference@284c4f02
2026-02-08T09:15:23.427+01:00 DEBUG 9880 --- [main] org.hibernate.type.BasicTypeRegistry     : Adding type registration date -> org.hibernate.type.BasicTypeReference@709d6de5
2026-02-08T09:15:23.427+01:00 DEBUG 9880 --- [main] org.hibernate.type.BasicTypeRegistry     : Adding type registration java.sql.Date -> org.hibernate.type.BasicTypeReference@709d6de5
2026-02-08T09:15:23.427+01:00 DEBUG 9880 --- [main] org.hibernate.type.BasicTypeRegistry     : Adding type registration time -> org.hibernate.type.BasicTypeReference@1a43a88e
2026-02-08T09:15:23.427+01:00 DEBUG 9880 --- [main] org.hibernate.type.BasicTypeRegistry     : Adding type registration java.sql.Time -> org.hibernate.type.BasicTypeReference@1a43a88e
2026-02-08T09:15:23.427+01:00 DEBUG 9880 --- [main] org.hibernate.type.BasicTypeRegistry     : Adding type registration timestamp -> org.hibernate.type.BasicTypeReference@51f34185
2026-02-08T09:15:23.427+01:00 DEBUG 9880 --- [main] org.hibernate.type.BasicTypeRegistry     : Adding type registration java.sql.Timestamp -> org.hibernate.type.BasicTypeReference@51f34185
2026-02-08T09:15:23.427+01:00 DEBUG 9880 --- [main] org.hibernate.type.BasicTypeRegistry     : Adding type registration java.util.Date -> org.hibernate.type.BasicTypeReference@51f34185
2026-02-08T09:15:23.427+01:00 DEBUG 9880 --- [main] org.hibernate.type.BasicTypeRegistry     : Adding type registration calendar -> org.hibernate.type.BasicTypeReference@1b8d20e6
2026-02-08T09:15:23.427+01:00 DEBUG 9880 --- [main] org.hibernate.type.BasicTypeRegistry     : Adding type registration java.util.Calendar -> org.hibernate.type.BasicTypeReference@1b8d20e6
2026-02-08T09:15:23.427+01:00 DEBUG 9880 --- [main] org.hibernate.type.BasicTypeRegistry     : Adding type registration java.util.GregorianCalendar -> org.hibernate.type.BasicTypeReference@1b8d20e6
2026-02-08T09:15:23.427+01:00 DEBUG 9880 --- [main] org.hibernate.type.BasicTypeRegistry     : Adding type registration calendar_date -> org.hibernate.type.BasicTypeReference@e49437
2026-02-08T09:15:23.427+01:00 DEBUG 9880 --- [main] org.hibernate.type.BasicTypeRegistry     : Adding type registration calendar_time -> org.hibernate.type.BasicTypeReference@7645b7d
2026-02-08T09:15:23.427+01:00 DEBUG 9880 --- [main] org.hibernate.type.BasicTypeRegistry     : Adding type registration instant -> org.hibernate.type.BasicTypeReference@4c50cd7d
2026-02-08T09:15:23.427+01:00 DEBUG 9880 --- [main] org.hibernate.type.BasicTypeRegistry     : Adding type registration java.time.Instant -> org.hibernate.type.BasicTypeReference@4c50cd7d
2026-02-08T09:15:23.427+01:00 DEBUG 9880 --- [main] org.hibernate.type.BasicTypeRegistry     : Adding type registration uuid -> org.hibernate.type.BasicTypeReference@3ea84e01
2026-02-08T09:15:23.427+01:00 DEBUG 9880 --- [main] org.hibernate.type.BasicTypeRegistry     : Adding type registration java.util.UUID -> org.hibernate.type.BasicTypeReference@3ea84e01
2026-02-08T09:15:23.427+01:00 DEBUG 9880 --- [main] org.hibernate.type.BasicTypeRegistry     : Adding type registration pg-uuid -> org.hibernate.type.BasicTypeReference@3ea84e01
2026-02-08T09:15:23.427+01:00 DEBUG 9880 --- [main] org.hibernate.type.BasicTypeRegistry     : Adding type registration uuid-binary -> org.hibernate.type.BasicTypeReference@1a4930cf
2026-02-08T09:15:23.427+01:00 DEBUG 9880 --- [main] org.hibernate.type.BasicTypeRegistry     : Adding type registration uuid-char -> org.hibernate.type.BasicTypeReference@3fd33f48
2026-02-08T09:15:23.427+01:00 DEBUG 9880 --- [main] org.hibernate.type.BasicTypeRegistry     : Adding type registration class -> org.hibernate.type.BasicTypeReference@75a226ea
2026-02-08T09:15:23.427+01:00 DEBUG 9880 --- [main] org.hibernate.type.BasicTypeRegistry     : Adding type registration java.lang.Class -> org.hibernate.type.BasicTypeReference@75a226ea
2026-02-08T09:15:23.427+01:00 DEBUG 9880 --- [main] org.hibernate.type.BasicTypeRegistry     : Adding type registration currency -> org.hibernate.type.BasicTypeReference@986b619
2026-02-08T09:15:23.427+01:00 DEBUG 9880 --- [main] org.hibernate.type.BasicTypeRegistry     : Adding type registration Currency -> org.hibernate.type.BasicTypeReference@986b619
2026-02-08T09:15:23.427+01:00 DEBUG 9880 --- [main] org.hibernate.type.BasicTypeRegistry     : Adding type registration java.util.Currency -> org.hibernate.type.BasicTypeReference@986b619
2026-02-08T09:15:23.427+01:00 DEBUG 9880 --- [main] org.hibernate.type.BasicTypeRegistry     : Adding type registration locale -> org.hibernate.type.BasicTypeReference@5a1a20ae
2026-02-08T09:15:23.427+01:00 DEBUG 9880 --- [main] org.hibernate.type.BasicTypeRegistry     : Adding type registration java.util.Locale -> org.hibernate.type.BasicTypeReference@5a1a20ae
2026-02-08T09:15:23.427+01:00 DEBUG 9880 --- [main] org.hibernate.type.BasicTypeRegistry     : Adding type registration serializable -> org.hibernate.type.BasicTypeReference@7c956dda
2026-02-08T09:15:23.427+01:00 DEBUG 9880 --- [main] org.hibernate.type.BasicTypeRegistry     : Adding type registration java.io.Serializable -> org.hibernate.type.BasicTypeReference@7c956dda
2026-02-08T09:15:23.427+01:00 DEBUG 9880 --- [main] org.hibernate.type.BasicTypeRegistry     : Adding type registration timezone -> org.hibernate.type.BasicTypeReference@186481d4
2026-02-08T09:15:23.427+01:00 DEBUG 9880 --- [main] org.hibernate.type.BasicTypeRegistry     : Adding type registration java.util.TimeZone -> org.hibernate.type.BasicTypeReference@186481d4
2026-02-08T09:15:23.427+01:00 DEBUG 9880 --- [main] org.hibernate.type.BasicTypeRegistry     : Adding type registration ZoneOffset -> org.hibernate.type.BasicTypeReference@24eecabf
2026-02-08T09:15:23.427+01:00 DEBUG 9880 --- [main] org.hibernate.type.BasicTypeRegistry     : Adding type registration java.time.ZoneOffset -> org.hibernate.type.BasicTypeReference@24eecabf
2026-02-08T09:15:23.427+01:00 DEBUG 9880 --- [main] org.hibernate.type.BasicTypeRegistry     : Adding type registration url -> org.hibernate.type.BasicTypeReference@2ffa91dc
2026-02-08T09:15:23.427+01:00 DEBUG 9880 --- [main] org.hibernate.type.BasicTypeRegistry     : Adding type registration java.net.URL -> org.hibernate.type.BasicTypeReference@2ffa91dc
2026-02-08T09:15:23.427+01:00 DEBUG 9880 --- [main] org.hibernate.type.BasicTypeRegistry     : Adding type registration row_version -> org.hibernate.type.BasicTypeReference@78d6c244
2026-02-08T09:15:23.427+01:00 DEBUG 9880 --- [main] org.hibernate.type.BasicTypeRegistry     : Adding type registration dbtimestamp -> org.hibernate.type.DbTimestampType@204b0f07
2026-02-08T09:15:23.427+01:00 DEBUG 9880 --- [main] org.hibernate.type.BasicTypeRegistry     : Adding type registration dbtimestamp -> org.hibernate.type.DbTimestampType@204b0f07
2026-02-08T09:15:23.427+01:00 DEBUG 9880 --- [main] org.hibernate.type.BasicTypeRegistry     : Adding type registration object -> org.hibernate.type.JavaObjectType@32b95de
2026-02-08T09:15:23.427+01:00 DEBUG 9880 --- [main] org.hibernate.type.BasicTypeRegistry     : Adding type registration java.lang.Object -> org.hibernate.type.JavaObjectType@32b95de
2026-02-08T09:15:23.427+01:00 DEBUG 9880 --- [main] org.hibernate.type.BasicTypeRegistry     : Adding type registration null -> org.hibernate.type.NullType@3a8fb023
2026-02-08T09:15:23.427+01:00 DEBUG 9880 --- [main] org.hibernate.type.BasicTypeRegistry     : Adding type registration imm_date -> org.hibernate.type.BasicTypeReference@6d5fc2ca
2026-02-08T09:15:23.427+01:00 DEBUG 9880 --- [main] org.hibernate.type.BasicTypeRegistry     : Adding type registration imm_time -> org.hibernate.type.BasicTypeReference@44808c29
2026-02-08T09:15:23.427+01:00 DEBUG 9880 --- [main] org.hibernate.type.BasicTypeRegistry     : Adding type registration imm_timestamp -> org.hibernate.type.BasicTypeReference@6c00f72a
2026-02-08T09:15:23.427+01:00 DEBUG 9880 --- [main] org.hibernate.type.BasicTypeRegistry     : Adding type registration imm_calendar -> org.hibernate.type.BasicTypeReference@7188bd49
2026-02-08T09:15:23.427+01:00 DEBUG 9880 --- [main] org.hibernate.type.BasicTypeRegistry     : Adding type registration imm_calendar_date -> org.hibernate.type.BasicTypeReference@62d26820
2026-02-08T09:15:23.427+01:00 DEBUG 9880 --- [main] org.hibernate.type.BasicTypeRegistry     : Adding type registration imm_calendar_time -> org.hibernate.type.BasicTypeReference@22f34197
2026-02-08T09:15:23.427+01:00 DEBUG 9880 --- [main] org.hibernate.type.BasicTypeRegistry     : Adding type registration imm_binary -> org.hibernate.type.BasicTypeReference@49a14b44
2026-02-08T09:15:23.427+01:00 DEBUG 9880 --- [main] org.hibernate.type.BasicTypeRegistry     : Adding type registration imm_serializable -> org.hibernate.type.BasicTypeReference@7df7d5cc
2026-02-08T09:15:23.429+01:00  INFO 9880 --- [main] com.zaxxer.hikari.HikariDataSource       : HikariPool-2 - Starting...
2026-02-08T09:15:23.432+01:00  INFO 9880 --- [main] com.zaxxer.hikari.pool.HikariPool        : HikariPool-2 - Added connection conn10: url=jdbc:h2:mem:test user=SA
2026-02-08T09:15:23.432+01:00  INFO 9880 --- [main] com.zaxxer.hikari.HikariDataSource       : HikariPool-2 - Start completed.
2026-02-08T09:15:23.432+01:00  INFO 9880 --- [main] SQL dialect                              : HHH000400: Using dialect: org.hibernate.dialect.H2Dialect
2026-02-08T09:15:23.432+01:00 DEBUG 9880 --- [main] o.h.t.d.jdbc.spi.JdbcTypeRegistry        : addDescriptor(NCharTypeDescriptor) replaced previous registration(CharTypeDescriptor)
2026-02-08T09:15:23.432+01:00 DEBUG 9880 --- [main] o.h.t.d.jdbc.spi.JdbcTypeRegistry        : addDescriptor(NVarcharTypeDescriptor) replaced previous registration(VarcharTypeDescriptor)
2026-02-08T09:15:23.432+01:00 DEBUG 9880 --- [main] o.h.t.d.jdbc.spi.JdbcTypeRegistry        : addDescriptor(LongNVarcharTypeDescriptor) replaced previous registration(LongVarcharTypeDescriptor)
2026-02-08T09:15:23.432+01:00 DEBUG 9880 --- [main] o.h.t.d.jdbc.spi.JdbcTypeRegistry        : addDescriptor(NClobTypeDescriptor(DEFAULT)) replaced previous registration(ClobTypeDescriptor(DEFAULT))
2026-02-08T09:15:23.432+01:00 DEBUG 9880 --- [main] o.h.t.d.jdbc.spi.JdbcTypeRegistry        : addDescriptor(2005, ClobTypeDescriptor(STREAM_BINDING)) replaced previous registration(ClobTypeDescriptor(DEFAULT))
2026-02-08T09:15:23.432+01:00 DEBUG 9880 --- [main] o.h.t.d.jdbc.spi.JdbcTypeRegistry        : addDescriptor(3003, TimestampUtcDescriptor) replaced previous registration(TimestampUtcDescriptor)
2026-02-08T09:15:23.433+01:00 DEBUG 9880 --- [main] org.hibernate.type.BasicTypeRegistry     : Adding type registration org.hibernate.type.OffsetDateTimeType -> basicType@18(java.time.OffsetDateTime,93)
2026-02-08T09:15:23.433+01:00 DEBUG 9880 --- [main] org.hibernate.type.BasicTypeRegistry     : Adding type registration OffsetDateTime -> basicType@18(java.time.OffsetDateTime,93)
2026-02-08T09:15:23.433+01:00 DEBUG 9880 --- [main] org.hibernate.type.BasicTypeRegistry     : Adding type registration java.time.OffsetDateTime -> basicType@18(java.time.OffsetDateTime,93)
2026-02-08T09:15:23.433+01:00 DEBUG 9880 --- [main] org.hibernate.type.BasicTypeRegistry     : Adding type registration org.hibernate.type.ZonedDateTimeType -> basicType@19(java.time.ZonedDateTime,93)
2026-02-08T09:15:23.433+01:00 DEBUG 9880 --- [main] org.hibernate.type.BasicTypeRegistry     : Adding type registration ZonedDateTime -> basicType@19(java.time.ZonedDateTime,93)
2026-02-08T09:15:23.433+01:00 DEBUG 9880 --- [main] org.hibernate.type.BasicTypeRegistry     : Adding type registration java.time.ZonedDateTime -> basicType@19(java.time.ZonedDateTime,93)
2026-02-08T09:15:23.433+01:00 DEBUG 9880 --- [main] o.h.type.spi.TypeConfiguration$Scope     : Scoping TypeConfiguration [org.hibernate.type.spi.TypeConfiguration@44496e0c] to MetadataBuildingContext [org.hibernate.boot.internal.MetadataBuildingContextRootImpl@5e9257b3]
2026-02-08T09:15:23.536+01:00 DEBUG 9880 --- [main] o.h.type.spi.TypeConfiguration$Scope     : Scoping TypeConfiguration [org.hibernate.type.spi.TypeConfiguration@44496e0c] to SessionFactoryImplementor [org.hibernate.internal.SessionFactoryImpl@7721408]
2026-02-08T09:15:23.659+01:00 DEBUG 9880 --- [main] org.hibernate.SQL                        : drop table if exists cash_closure cascade 
2026-02-08T09:15:23.659+01:00 DEBUG 9880 --- [main] org.hibernate.SQL                        : drop table if exists cash_register_transactions cascade 
2026-02-08T09:15:23.659+01:00 DEBUG 9880 --- [main] org.hibernate.SQL                        : drop table if exists commercial_order_lines cascade 
2026-02-08T09:15:23.659+01:00 DEBUG 9880 --- [main] org.hibernate.SQL                        : drop table if exists commercial_order_note_lines cascade 
2026-02-08T09:15:23.659+01:00 DEBUG 9880 --- [main] org.hibernate.SQL                        : drop table if exists commercial_order_state_history cascade 
2026-02-08T09:15:23.659+01:00 DEBUG 9880 --- [main] org.hibernate.SQL                        : drop table if exists commercial_orders cascade 
2026-02-08T09:15:23.659+01:00 DEBUG 9880 --- [main] org.hibernate.SQL                        : drop table if exists commercial_stock cascade 
2026-02-08T09:15:23.659+01:00 DEBUG 9880 --- [main] org.hibernate.SQL                        : drop table if exists commercial_stock_history cascade 
2026-02-08T09:15:23.659+01:00 DEBUG 9880 --- [main] org.hibernate.SQL                        : drop table if exists customers cascade 
2026-02-08T09:15:23.659+01:00 DEBUG 9880 --- [main] org.hibernate.SQL                        : drop table if exists delivery_order_note cascade 
2026-02-08T09:15:23.661+01:00 DEBUG 9880 --- [main] org.hibernate.SQL                        : drop table if exists exit_commercial_order_note cascade 
2026-02-08T09:15:23.661+01:00 DEBUG 9880 --- [main] org.hibernate.SQL                        : drop table if exists exit_order_note cascade 
2026-02-08T09:15:23.661+01:00 DEBUG 9880 --- [main] org.hibernate.SQL                        : drop table if exists order_lines cascade 
2026-02-08T09:15:23.661+01:00 DEBUG 9880 --- [main] org.hibernate.SQL                        : drop table if exists order_note_lines cascade 
2026-02-08T09:15:23.661+01:00 DEBUG 9880 --- [main] org.hibernate.SQL                        : drop table if exists order_state_history cascade 
2026-02-08T09:15:23.661+01:00 DEBUG 9880 --- [main] org.hibernate.SQL                        : drop table if exists orders cascade 
2026-02-08T09:15:23.661+01:00 DEBUG 9880 --- [main] org.hibernate.SQL                        : drop table if exists pack_history cascade 
2026-02-08T09:15:23.661+01:00 DEBUG 9880 --- [main] org.hibernate.SQL                        : drop table if exists pack_products cascade 
2026-02-08T09:15:23.661+01:00 DEBUG 9880 --- [main] org.hibernate.SQL                        : drop table if exists packs cascade 
2026-02-08T09:15:23.661+01:00 DEBUG 9880 --- [main] org.hibernate.SQL                        : drop table if exists product_history cascade 
2026-02-08T09:15:23.661+01:00 DEBUG 9880 --- [main] org.hibernate.SQL                        : drop table if exists products cascade 
2026-02-08T09:15:23.661+01:00 DEBUG 9880 --- [main] org.hibernate.SQL                        : drop table if exists purchase_commercial_order_note cascade 
2026-02-08T09:15:23.661+01:00 DEBUG 9880 --- [main] org.hibernate.SQL                        : drop table if exists purchase_order_note cascade 
2026-02-08T09:15:23.661+01:00 DEBUG 9880 --- [main] org.hibernate.SQL                        : drop table if exists roles cascade 
2026-02-08T09:15:23.661+01:00 DEBUG 9880 --- [main] org.hibernate.SQL                        : drop table if exists stock_entry cascade 
2026-02-08T09:15:23.661+01:00 DEBUG 9880 --- [main] org.hibernate.SQL                        : drop table if exists stock_entry_lines cascade 
2026-02-08T09:15:23.661+01:00 DEBUG 9880 --- [main] org.hibernate.SQL                        : drop table if exists supplier cascade 
2026-02-08T09:15:23.661+01:00 DEBUG 9880 --- [main] org.hibernate.SQL                        : drop table if exists users cascade 
2026-02-08T09:15:23.661+01:00 DEBUG 9880 --- [main] org.hibernate.SQL                        : drop table if exists users_roles cascade 
2026-02-08T09:15:23.661+01:00 DEBUG 9880 --- [main] org.hibernate.SQL                        : drop table if exists withdrawal_transactions cascade 
2026-02-08T09:15:23.661+01:00 DEBUG 9880 --- [main] org.hibernate.SQL                        : create table cash_closure (id bigint generated by default as identity, amount_received float(53) not null, amount_withdrawn float(53) not null, closure_date TIMESTAMP DEFAULT CURRENT_TIMESTAMP not null, description varchar(255), cashier_id bigint not null, primary key (id))
2026-02-08T09:15:23.662+01:00 DEBUG 9880 --- [main] org.hibernate.SQL                        : create table cash_register_transactions (id bigint generated by default as identity, amount float(53) not null, payment_date TIMESTAMP DEFAULT CURRENT_TIMESTAMP not null, cashier_id bigint not null, customer_id bigint, user_id bigint, primary key (id))
2026-02-08T09:15:23.662+01:00 DEBUG 9880 --- [main] org.hibernate.SQL                        : create table commercial_order_lines (id bigint generated by default as identity, price float(53) not null, quantity integer not null, commercial_order_id bigint not null, pack_id bigint, product_id bigint, primary key (id))
2026-02-08T09:15:23.663+01:00 DEBUG 9880 --- [main] org.hibernate.SQL                        : create table commercial_order_note_lines (id bigint generated by default as identity, price float(53) not null, quantity integer not null, commercial_exit_order_note_id bigint, pack_id bigint, product_id bigint, commercial_purchase_order_note_id bigint, primary key (id))
2026-02-08T09:15:23.663+01:00 DEBUG 9880 --- [main] org.hibernate.SQL                        : create table commercial_order_state_history (id bigint generated by default as identity, changed_date TIMESTAMP DEFAULT CURRENT_TIMESTAMP not null, new_state varchar(255), old_state varchar(255), prepared_person_id bigint, commercial_order_id bigint not null, primary key (id))
2026-02-08T09:15:23.664+01:00 DEBUG 9880 --- [main] org.hibernate.SQL                        : create table commercial_orders (id bigint generated by default as identity, archived boolean not null, order_date TIMESTAMP DEFAULT CURRENT_TIMESTAMP not null, state varchar(255), total_price float(53) not null, user_id bigint not null, primary key (id))
2026-02-08T09:15:23.664+01:00 DEBUG 9880 --- [main] org.hibernate.SQL                        : create table commercial_stock (id bigint generated by default as identity, quantity integer not null, pack_id bigint, product_id bigint, commercial_id bigint not null, primary key (id))
2026-02-08T09:15:23.664+01:00 DEBUG 9880 --- [main] org.hibernate.SQL                        : create table commercial_stock_history (id bigint generated by default as identity, changed_date TIMESTAMP DEFAULT CURRENT_TIMESTAMP not null, quantity integer not null, pack_id bigint, product_id bigint, commercial_id bigint not null, primary key (id))
2026-02-08T09:15:23.665+01:00 DEBUG 9880 --- [main] org.hibernate.SQL                        : create table customers (id bigint generated by default as identity, commune varchar(255), customer_type varchar(255), latitude float(53), longitude float(53), name varchar(255), owner_name varchar(255), total_debt float(53), total_revenue float(53), wilaya varchar(255), primary key (id))
2026-02-08T09:15:23.665+01:00 DEBUG 9880 --- [main] org.hibernate.SQL                        : create table delivery_order_note (id bigint generated by default as identity, creation_date TIMESTAMP DEFAULT CURRENT_TIMESTAMP not null, total_price float(53), total_quantity integer not null, total_quantity_pack integer not null, delivery_person_id bigint, order_id bigint, prepared_person_id bigint, primary key (id))
2026-02-08T09:15:23.665+01:00 DEBUG 9880 --- [main] org.hibernate.SQL                        : create table exit_commercial_order_note (id bigint generated by default as identity, creation_date TIMESTAMP DEFAULT CURRENT_TIMESTAMP not null, total_price float(53), total_quantity integer not null, total_quantity_pack integer not null, commercial_order_id bigint not null, delivery_person_id bigint, prepared_person_id bigint, primary key (id))
2026-02-08T09:15:23.666+01:00 DEBUG 9880 --- [main] org.hibernate.SQL                        : create table exit_order_note (id bigint generated by default as identity, creation_date TIMESTAMP DEFAULT CURRENT_TIMESTAMP not null, total_price float(53), total_quantity integer not null, total_quantity_pack integer not null, delivery_person_id bigint, order_id bigint not null, prepared_person_id bigint, primary key (id))
2026-02-08T09:15:23.666+01:00 DEBUG 9880 --- [main] org.hibernate.SQL                        : create table order_lines (id bigint generated by default as identity, price float(53) not null, quantity integer not null, order_id bigint not null, pack_id bigint, product_id bigint, primary key (id))
2026-02-08T09:15:23.666+01:00 DEBUG 9880 --- [main] org.hibernate.SQL                        : create table order_note_lines (id bigint generated by default as identity, price float(53) not null, quantity integer not null, delivery_order_note_id bigint, exit_order_note_id bigint, pack_id bigint, product_id bigint, purchase_order_note_id bigint, primary key (id))
2026-02-08T09:15:23.667+01:00 DEBUG 9880 --- [main] org.hibernate.SQL                        : create table order_state_history (id bigint generated by default as identity, changed_date TIMESTAMP DEFAULT CURRENT_TIMESTAMP not null, new_state varchar(255), old_state varchar(255), prepared_person_id bigint, delivery_person_id bigint, order_id bigint not null, primary key (id))
2026-02-08T09:15:23.667+01:00 DEBUG 9880 --- [main] org.hibernate.SQL                        : create table orders (id bigint generated by default as identity, archived boolean not null, order_date TIMESTAMP DEFAULT CURRENT_TIMESTAMP not null, state varchar(255), total_price float(53) not null, customer_id bigint not null, user_id bigint not null, primary key (id))
2026-02-08T09:15:23.667+01:00 DEBUG 9880 --- [main] org.hibernate.SQL                        : create table pack_history (id bigint generated by default as identity, change_date TIMESTAMP DEFAULT CURRENT_TIMESTAMP not null, changed_by varchar(255), price float(53) not null, quantity integer not null, state boolean not null, pack_id bigint not null, primary key (id))
2026-02-08T09:15:23.668+01:00 DEBUG 9880 --- [main] org.hibernate.SQL                        : create table pack_products (id bigint generated by default as identity, quantity integer not null, pack_id bigint not null, product_id bigint not null, primary key (id))
2026-02-08T09:15:23.668+01:00 DEBUG 9880 --- [main] org.hibernate.SQL                        : create table packs (id bigint generated by default as identity, name varchar(50) not null, price float(53) not null, quantity integer not null, reserved_orders integer not null, state boolean not null, primary key (id))
2026-02-08T09:15:23.668+01:00 DEBUG 9880 --- [main] org.hibernate.SQL                        : create table product_history (id bigint generated by default as identity, action varchar(255), change_date TIMESTAMP DEFAULT CURRENT_TIMESTAMP not null, changed_by varchar(255), price float(53) not null, quantity integer not null, reserved_orders integer not null, reserved_packs integer not null, reserved_quantity integer not null, state boolean not null, product_id bigint not null, primary key (id))
2026-02-08T09:15:23.669+01:00 DEBUG 9880 --- [main] org.hibernate.SQL                        : create table products (id bigint generated by default as identity, bar_code varchar(255) not null, color varchar(50) not null, description varchar(255), mark varchar(50) not null, model varchar(50) not null, price float(53) not null, quantity integer not null, reserved_orders integer not null, reserved_packs integer not null, reserved_quantity integer not null, state boolean not null, type varchar(50) not null, primary key (id))
2026-02-08T09:15:23.669+01:00 DEBUG 9880 --- [main] org.hibernate.SQL                        : create table purchase_commercial_order_note (id bigint generated by default as identity, creation_date TIMESTAMP DEFAULT CURRENT_TIMESTAMP not null, total_price float(53), total_quantity integer not null, total_quantity_pack integer not null, commercial_order_id bigint, delivery_person_id bigint, prepared_person_id bigint, primary key (id))
2026-02-08T09:15:23.669+01:00 DEBUG 9880 --- [main] org.hibernate.SQL                        : create table purchase_order_note (id bigint generated by default as identity, creation_date TIMESTAMP DEFAULT CURRENT_TIMESTAMP not null, total_price float(53), total_quantity integer not null, total_quantity_pack integer not null, delivery_person_id bigint, order_id bigint, prepared_person_id bigint, primary key (id))
2026-02-08T09:15:23.670+01:00 DEBUG 9880 --- [main] org.hibernate.SQL                        : create table roles (id bigint generated by default as identity, name varchar(255), primary key (id))
2026-02-08T09:15:23.670+01:00 DEBUG 9880 --- [main] org.hibernate.SQL                        : create table stock_entry (id bigint generated by default as identity, entry_date date not null, entry_number varchar(50) not null, total_price float(53) not null, total_quantity integer not null, supplier_id bigint not null, primary key (id))
2026-02-08T09:15:23.671+01:00 DEBUG 9880 --- [main] org.hibernate.SQL                        : create table stock_entry_lines (id bigint generated by default as identity, price float(53) not null, quantity integer not null, product_id bigint not null, stock_entry_id bigint not null, primary key (id))
2026-02-08T09:15:23.671+01:00 DEBUG 9880 --- [main] org.hibernate.SQL                        : create table supplier (id bigint generated by default as identity, address varchar(255) not null, email varchar(255) not null, home_phone varchar(255) not null, mobile_phone varchar(255) not null, name varchar(255) not null, registration_date TIMESTAMP DEFAULT CURRENT_TIMESTAMP not null, state boolean not null, primary key (id))
2026-02-08T09:15:23.671+01:00 DEBUG 9880 --- [main] org.hibernate.SQL                        : create table users (id bigint generated by default as identity, cash_amount float(53), email varchar(255), enabled boolean not null, first_name varchar(255), last_name varchar(255), password varchar(255), user_name varchar(255), primary key (id))
2026-02-08T09:15:23.671+01:00 DEBUG 9880 --- [main] org.hibernate.SQL                        : create table users_roles (user_id bigint not null, role_id bigint not null, primary key (user_id, role_id))
2026-02-08T09:15:23.673+01:00 DEBUG 9880 --- [main] org.hibernate.SQL                        : create table withdrawal_transactions (id bigint generated by default as identity, amount float(53) not null, description varchar(255), withdrawal_date TIMESTAMP DEFAULT CURRENT_TIMESTAMP not null, cashier_id bigint not null, primary key (id))
2026-02-08T09:15:23.673+01:00 DEBUG 9880 --- [main] org.hibernate.SQL                        : alter table if exists packs add constraint UK_h4haowftrk59lb6jajfayq1ho unique (name)
2026-02-08T09:15:23.673+01:00 DEBUG 9880 --- [main] org.hibernate.SQL                        : alter table if exists products add constraint UK_ks7bl2r407pphq72vxpufxqn unique (bar_code)
2026-02-08T09:15:23.674+01:00 DEBUG 9880 --- [main] org.hibernate.SQL                        : alter table if exists stock_entry add constraint UK_262yph571i55hv9uevn44kwsy unique (entry_number)
2026-02-08T09:15:23.674+01:00 DEBUG 9880 --- [main] org.hibernate.SQL                        : alter table if exists users add constraint UK_k8d0f2n7n88w1a16yhua64onx unique (user_name)
2026-02-08T09:15:23.675+01:00 DEBUG 9880 --- [main] org.hibernate.SQL                        : alter table if exists cash_closure add constraint FKrd2x1lweun8gkekgew17pw0nw foreign key (cashier_id) references users
2026-02-08T09:15:23.676+01:00 DEBUG 9880 --- [main] org.hibernate.SQL                        : alter table if exists cash_register_transactions add constraint FKjtqmjf7s4rehssm4ujn4vkn80 foreign key (cashier_id) references users
2026-02-08T09:15:23.676+01:00 DEBUG 9880 --- [main] org.hibernate.SQL                        : alter table if exists cash_register_transactions add constraint FK2ib2wgd8woedfejgfgv65x11o foreign key (customer_id) references customers
2026-02-08T09:15:23.677+01:00 DEBUG 9880 --- [main] org.hibernate.SQL                        : alter table if exists cash_register_transactions add constraint FKnlv06ijanddf14lffo7a716wm foreign key (user_id) references users
2026-02-08T09:15:23.677+01:00 DEBUG 9880 --- [main] org.hibernate.SQL                        : alter table if exists commercial_order_lines add constraint FKlo4wl48940y98jt8tfyyrgvvy foreign key (commercial_order_id) references commercial_orders
2026-02-08T09:15:23.678+01:00 DEBUG 9880 --- [main] org.hibernate.SQL                        : alter table if exists commercial_order_lines add constraint FKd055j9phd6nyhma6qwpa1f1og foreign key (pack_id) references packs
2026-02-08T09:15:23.678+01:00 DEBUG 9880 --- [main] org.hibernate.SQL                        : alter table if exists commercial_order_lines add constraint FK89bs07930f5587lds515wo12d foreign key (product_id) references products
2026-02-08T09:15:23.679+01:00 DEBUG 9880 --- [main] org.hibernate.SQL                        : alter table if exists commercial_order_note_lines add constraint FKjhhkyeot431tv2jyui4od4cke foreign key (commercial_exit_order_note_id) references exit_commercial_order_note
2026-02-08T09:15:23.680+01:00 DEBUG 9880 --- [main] org.hibernate.SQL                        : alter table if exists commercial_order_note_lines add constraint FK9m3yn0cr6eymakv654fjytrlm foreign key (pack_id) references packs
2026-02-08T09:15:23.680+01:00 DEBUG 9880 --- [main] org.hibernate.SQL                        : alter table if exists commercial_order_note_lines add constraint FKely5x0k347y9m0eu7bwe94tvs foreign key (product_id) references products
2026-02-08T09:15:23.681+01:00 DEBUG 9880 --- [main] org.hibernate.SQL                        : alter table if exists commercial_order_note_lines add constraint FKdtmskpq2lcneru3mfcp3ihray foreign key (commercial_purchase_order_note_id) references purchase_commercial_order_note
2026-02-08T09:15:23.681+01:00 DEBUG 9880 --- [main] org.hibernate.SQL                        : alter table if exists commercial_order_state_history add constraint FKiyakjkla95gor0a856y0x0moc foreign key (prepared_person_id) references users
2026-02-08T09:15:23.683+01:00 DEBUG 9880 --- [main] org.hibernate.SQL                        : alter table if exists commercial_order_state_history add constraint FKmitfo6ougmsx0g9nqgpunsyyx foreign key (commercial_order_id) references commercial_orders
2026-02-08T09:15:23.683+01:00 DEBUG 9880 --- [main] org.hibernate.SQL                        : alter table if exists commercial_orders add constraint FKmtewlix9mgxijdwfb11gq5t4c foreign key (user_id) references users
2026-02-08T09:15:23.684+01:00 DEBUG 9880 --- [main] org.hibernate.SQL                        : alter table if exists commercial_stock add constraint FK1kbddxisqw3ab5fx4rca7632n foreign key (pack_id) references packs
2026-02-08T09:15:23.685+01:00 DEBUG 9880 --- [main] org.hibernate.SQL                        : alter table if exists commercial_stock add constraint FKcyvs1kqn9c27fpesse6qloxbr foreign key (product_id) references products
2026-02-08T09:15:23.686+01:00 DEBUG 9880 --- [main] org.hibernate.SQL                        : alter table if exists commercial_stock add constraint FK5akggoccm2129nbrbm3so737s foreign key (commercial_id) references users
2026-02-08T09:15:23.686+01:00 DEBUG 9880 --- [main] org.hibernate.SQL                        : alter table if exists commercial_stock_history add constraint FK9do0j97cij4lqo76tfnkue5mq foreign key (pack_id) references packs
2026-02-08T09:15:23.687+01:00 DEBUG 9880 --- [main] org.hibernate.SQL                        : alter table if exists commercial_stock_history add constraint FKs6mm3p8qj0hxxg9b6e6h2n4iv foreign key (product_id) references products
2026-02-08T09:15:23.687+01:00 DEBUG 9880 --- [main] org.hibernate.SQL                        : alter table if exists commercial_stock_history add constraint FKl3jyganbgn34iwr6sq0t21xcu foreign key (commercial_id) references users
2026-02-08T09:15:23.688+01:00 DEBUG 9880 --- [main] org.hibernate.SQL                        : alter table if exists delivery_order_note add constraint FKse29wynt05p3wlt94fywujls5 foreign key (delivery_person_id) references users
2026-02-08T09:15:23.688+01:00 DEBUG 9880 --- [main] org.hibernate.SQL                        : alter table if exists delivery_order_note add constraint FK7r5gth9xd9w5kwkqy1r4myhs foreign key (order_id) references orders
2026-02-08T09:15:23.689+01:00 DEBUG 9880 --- [main] org.hibernate.SQL                        : alter table if exists delivery_order_note add constraint FKpl9bs1lo5bdb2nnr6nw3lcl4i foreign key (prepared_person_id) references users
2026-02-08T09:15:23.689+01:00 DEBUG 9880 --- [main] org.hibernate.SQL                        : alter table if exists exit_commercial_order_note add constraint FK4pcfhwfrg08i3ong30rag00ue foreign key (commercial_order_id) references commercial_orders
2026-02-08T09:15:23.689+01:00 DEBUG 9880 --- [main] org.hibernate.SQL                        : alter table if exists exit_commercial_order_note add constraint FK16ro0jrdrx7cvgk524u30yu9w foreign key (delivery_person_id) references users
2026-02-08T09:15:23.690+01:00 DEBUG 9880 --- [main] org.hibernate.SQL                        : alter table if exists exit_commercial_order_note add constraint FKle7nmcsddvnfdhn7qs9u34h10 foreign key (prepared_person_id) references users
2026-02-08T09:15:23.690+01:00 DEBUG 9880 --- [main] org.hibernate.SQL                        : alter table if exists exit_order_note add constraint FKqc8xdg7c0smqx0ycdp2w30dsx foreign key (delivery_person_id) references users
2026-02-08T09:15:23.691+01:00 DEBUG 9880 --- [main] org.hibernate.SQL                        : alter table if exists exit_order_note add constraint FKorcdku2li7b7cnhg3mk4nsly6 foreign key (order_id) references orders
2026-02-08T09:15:23.691+01:00 DEBUG 9880 --- [main] org.hibernate.SQL                        : alter table if exists exit_order_note add constraint FKhp50568yditx1ow6igjubgy6v foreign key (prepared_person_id) references users
2026-02-08T09:15:23.691+01:00 DEBUG 9880 --- [main] org.hibernate.SQL                        : alter table if exists order_lines add constraint FK1smc0s578t2oih21yn9hw6usr foreign key (order_id) references orders
2026-02-08T09:15:23.693+01:00 DEBUG 9880 --- [main] org.hibernate.SQL                        : alter table if exists order_lines add constraint FKl8ceuepccyx4bj25273d8k0v6 foreign key (pack_id) references packs
2026-02-08T09:15:23.693+01:00 DEBUG 9880 --- [main] org.hibernate.SQL                        : alter table if exists order_lines add constraint FK5v1oeejtgtf2n3toppm3tkuhh foreign key (product_id) references products
2026-02-08T09:15:23.693+01:00 DEBUG 9880 --- [main] org.hibernate.SQL                        : alter table if exists order_note_lines add constraint FKgvcf46qmm3xp8pdqe317pfvs3 foreign key (delivery_order_note_id) references delivery_order_note
2026-02-08T09:15:23.694+01:00 DEBUG 9880 --- [main] org.hibernate.SQL                        : alter table if exists order_note_lines add constraint FK4b4ypnm8k9d5nvq7pd1pshy9q foreign key (exit_order_note_id) references exit_order_note
2026-02-08T09:15:23.694+01:00 DEBUG 9880 --- [main] org.hibernate.SQL                        : alter table if exists order_note_lines add constraint FKmls3b2hljnexj5j0vnwrkl86q foreign key (pack_id) references packs
2026-02-08T09:15:23.695+01:00 DEBUG 9880 --- [main] org.hibernate.SQL                        : alter table if exists order_note_lines add constraint FKsa2t36dkfg54uux9t622yhsui foreign key (product_id) references products
2026-02-08T09:15:23.695+01:00 DEBUG 9880 --- [main] org.hibernate.SQL                        : alter table if exists order_note_lines add constraint FKal336wsjfcuudbkcpdnm4cy7b foreign key (purchase_order_note_id) references purchase_order_note
2026-02-08T09:15:23.696+01:00 DEBUG 9880 --- [main] org.hibernate.SQL                        : alter table if exists order_state_history add constraint FKcg88oi3mth4oplkpchwyhmir2 foreign key (prepared_person_id) references users
2026-02-08T09:15:23.696+01:00 DEBUG 9880 --- [main] org.hibernate.SQL                        : alter table if exists order_state_history add constraint FKgbctjwurfomrrv7140oevs4dq foreign key (delivery_person_id) references users
2026-02-08T09:15:23.696+01:00 DEBUG 9880 --- [main] org.hibernate.SQL                        : alter table if exists order_state_history add constraint FKeduyptxl4cn9kdk96nnq3umqu foreign key (order_id) references orders
2026-02-08T09:15:23.697+01:00 DEBUG 9880 --- [main] org.hibernate.SQL                        : alter table if exists orders add constraint FKpxtb8awmi0dk6smoh2vp1litg foreign key (customer_id) references customers
2026-02-08T09:15:23.697+01:00 DEBUG 9880 --- [main] org.hibernate.SQL                        : alter table if exists orders add constraint FK32ql8ubntj5uh44ph9659tiih foreign key (user_id) references users
2026-02-08T09:15:23.698+01:00 DEBUG 9880 --- [main] org.hibernate.SQL                        : alter table if exists pack_history add constraint FKh48yhjw0rfwnjgc52765sn8dt foreign key (pack_id) references packs
2026-02-08T09:15:23.698+01:00 DEBUG 9880 --- [main] org.hibernate.SQL                        : alter table if exists pack_products add constraint FK1c9udxtvdlrmpwjyt5tabcg6 foreign key (pack_id) references packs
2026-02-08T09:15:23.699+01:00 DEBUG 9880 --- [main] org.hibernate.SQL                        : alter table if exists pack_products add constraint FK5g5fbgbp6bjsc9shu80dc8wv2 foreign key (product_id) references products
2026-02-08T09:15:23.699+01:00 DEBUG 9880 --- [main] org.hibernate.SQL                        : alter table if exists product_history add constraint FKtopf9w1y5sgbtfnpyd11ry2hp foreign key (product_id) references products
2026-02-08T09:15:23.700+01:00 DEBUG 9880 --- [main] org.hibernate.SQL                        : alter table if exists purchase_commercial_order_note add constraint FK8yoogupmpvn5qewowfmcx8utq foreign key (commercial_order_id) references commercial_orders
2026-02-08T09:15:23.700+01:00 DEBUG 9880 --- [main] org.hibernate.SQL                        : alter table if exists purchase_commercial_order_note add constraint FKbwf7cn5qa6yiox6dhg2v67wgw foreign key (delivery_person_id) references users
2026-02-08T09:15:23.700+01:00 DEBUG 9880 --- [main] org.hibernate.SQL                        : alter table if exists purchase_commercial_order_note add constraint FKg9hcyw2duo1yu7ptbionhsg8o foreign key (prepared_person_id) references users
2026-02-08T09:15:23.701+01:00 DEBUG 9880 --- [main] org.hibernate.SQL                        : alter table if exists purchase_order_note add constraint FKtb9ita6olymvw5jds7lqs0lew foreign key (delivery_person_id) references users
2026-02-08T09:15:23.701+01:00 DEBUG 9880 --- [main] org.hibernate.SQL                        : alter table if exists purchase_order_note add constraint FKppgvqtqkme4eujqa046bc5uqv foreign key (order_id) references orders
2026-02-08T09:15:23.701+01:00 DEBUG 9880 --- [main] org.hibernate.SQL                        : alter table if exists purchase_order_note add constraint FKsftbn1ktb60bqkc32bhlbldpf foreign key (prepared_person_id) references users
2026-02-08T09:15:23.702+01:00 DEBUG 9880 --- [main] org.hibernate.SQL                        : alter table if exists stock_entry add constraint FK41qcqrnvt9typ0xmxs96r4hsx foreign key (supplier_id) references supplier
2026-02-08T09:15:23.702+01:00 DEBUG 9880 --- [main] org.hibernate.SQL                        : alter table if exists stock_entry_lines add constraint FKgrfhf2q8nr16i5tafh9x7ajh3 foreign key (product_id) references products
2026-02-08T09:15:23.703+01:00 DEBUG 9880 --- [main] org.hibernate.SQL                        : alter table if exists stock_entry_lines add constraint FKc0runu4jcffnjp1pgj2jq13qp foreign key (stock_entry_id) references stock_entry
2026-02-08T09:15:23.703+01:00 DEBUG 9880 --- [main] org.hibernate.SQL                        : alter table if exists users_roles add constraint FKj6m8fwv7oqv74fcehir1a9ffy foreign key (role_id) references roles
2026-02-08T09:15:23.703+01:00 DEBUG 9880 --- [main] org.hibernate.SQL                        : alter table if exists users_roles add constraint FK2o0jvgh89lemvvo17cbqvdxaa foreign key (user_id) references users
2026-02-08T09:15:23.704+01:00 DEBUG 9880 --- [main] org.hibernate.SQL                        : alter table if exists withdrawal_transactions add constraint FKgskadk1u3rgr40g0xc8s13r50 foreign key (cashier_id) references users
2026-02-08T09:15:23.705+01:00  INFO 9880 --- [main] o.h.e.t.j.p.i.JtaPlatformInitiator       : HHH000490: Using JtaPlatform implementation: [org.hibernate.engine.transaction.jta.platform.internal.NoJtaPlatform]
2026-02-08T09:15:23.705+01:00 TRACE 9880 --- [main] o.h.type.spi.TypeConfiguration$Scope     : Handling #sessionFactoryCreated from [org.hibernate.internal.SessionFactoryImpl@7721408] for TypeConfiguration
2026-02-08T09:15:23.705+01:00  INFO 9880 --- [main] j.LocalContainerEntityManagerFactoryBean : Initialized JPA EntityManagerFactory for persistence unit 'default'
2026-02-08T09:15:23.941+01:00  WARN 9880 --- [main] JpaBaseConfiguration$JpaWebConfiguration : spring.jpa.open-in-view is enabled by default. Therefore, database queries may be performed during view rendering. Explicitly configure spring.jpa.open-in-view to disable this warning
2026-02-08T09:15:23.951+01:00  INFO 9880 --- [main] o.s.b.a.w.s.WelcomePageHandlerMapping    : Adding welcome page template: index
2026-02-08T09:15:24.003+01:00  INFO 9880 --- [main] o.s.b.a.e.web.EndpointLinksResolver      : Exposing 1 endpoint(s) beneath base path '/actuator'
2026-02-08T09:15:24.026+01:00  INFO 9880 --- [main] o.s.s.web.DefaultSecurityFilterChain     : Will secure any request with [org.springframework.security.web.session.DisableEncodeUrlFilter@58e22835, org.springframework.security.web.context.request.async.WebAsyncManagerIntegrationFilter@7647d789, org.springframework.security.web.context.SecurityContextHolderFilter@69ca48bf, org.springframework.security.web.header.HeaderWriterFilter@2a4cf2d1, org.springframework.security.web.csrf.CsrfFilter@5c3fb4e6, org.springframework.security.web.authentication.logout.LogoutFilter@745f4c49, org.springframework.security.web.authentication.UsernamePasswordAuthenticationFilter@56510bb2, org.springframework.security.web.savedrequest.RequestCacheAwareFilter@48f359e4, org.springframework.security.web.servletapi.SecurityContextHolderAwareRequestFilter@27cda5f, org.springframework.security.web.authentication.AnonymousAuthenticationFilter@685d620a, org.springframework.security.web.access.ExceptionTranslationFilter@3a3e0f7a, org.springframework.security.web.access.intercept.AuthorizationFilter@427b8fe4]
2026-02-08T09:15:24.110+01:00  INFO 9880 --- [main] c.e.l.ProductServiceIntegrationTest      : Started ProductServiceIntegrationTest in 1.086 seconds (process running for 7.661)
2026-02-08T09:15:24.117+01:00 DEBUG 9880 --- [main] org.hibernate.SQL                        : insert into products (id, bar_code, color, description, mark, model, price, quantity, reserved_orders, reserved_packs, reserved_quantity, state, type) values (default, ?, ?, ?, ?, ?, ?, ?, ?, ?, ?, ?, ?)
2026-02-08T09:15:24.120+01:00 DEBUG 9880 --- [main] org.hibernate.SQL                        : insert into product_history (id, action, changed_by, price, product_id, quantity, reserved_orders, reserved_packs, reserved_quantity, state) values (default, ?, ?, ?, ?, ?, ?, ?, ?, ?)
2026-02-08T09:15:24.122+01:00 DEBUG 9880 --- [main] org.hibernate.SQL                        : insert into products (id, bar_code, color, description, mark, model, price, quantity, reserved_orders, reserved_packs, reserved_quantity, state, type) values (default, ?, ?, ?, ?, ?, ?, ?, ?, ?, ?, ?, ?)
2026-02-08T09:15:24.124+01:00 DEBUG 9880 --- [main] org.hibernate.SQL                        : insert into product_history (id, action, changed_by, price, product_id, quantity, reserved_orders, reserved_packs, reserved_quantity, state) values (default, ?, ?, ?, ?, ?, ?, ?, ?, ?)
2026-02-08T09:15:24.126+01:00 DEBUG 9880 --- [main] org.hibernate.SQL                        : select p1_0.id,p1_0.bar_code,p1_0.color,p1_0.description,p1_0.mark,p1_0.model,p1_0.price,p1_0.quantity,p1_0.reserved_orders,p1_0.reserved_packs,p1_0.reserved_quantity,p1_0.state,p1_0.type from products p1_0 where p1_0.id=?
2026-02-08T09:15:24.127+01:00 DEBUG 9880 --- [main] org.hibernate.SQL                        : select p1_0.id,p1_0.bar_code,p1_0.color,p1_0.description,p1_0.mark,p1_0.model,p1_0.price,p1_0.quantity,p1_0.reserved_orders,p1_0.reserved_packs,p1_0.reserved_quantity,p1_0.state,p1_0.type from products p1_0 where p1_0.id=?
2026-02-08T09:15:24.135+01:00  INFO 9880 --- [main] j.LocalContainerEntityManagerFactoryBean : Closing JPA EntityManagerFactory for persistence unit 'default'
2026-02-08T09:15:24.135+01:00  INFO 9880 --- [main] .SchemaDropperImpl$DelayedDropActionImpl : HHH000477: Starting delayed evictData of schema as part of SessionFactory shut-down'
2026-02-08T09:15:24.135+01:00 DEBUG 9880 --- [main] org.hibernate.SQL                        : drop table if exists cash_closure cascade 
2026-02-08T09:15:24.136+01:00 DEBUG 9880 --- [main] org.hibernate.SQL                        : drop table if exists cash_register_transactions cascade 
2026-02-08T09:15:24.136+01:00 DEBUG 9880 --- [main] org.hibernate.SQL                        : drop table if exists commercial_order_lines cascade 
2026-02-08T09:15:24.136+01:00 DEBUG 9880 --- [main] org.hibernate.SQL                        : drop table if exists commercial_order_note_lines cascade 
2026-02-08T09:15:24.137+01:00 DEBUG 9880 --- [main] org.hibernate.SQL                        : drop table if exists commercial_order_state_history cascade 
2026-02-08T09:15:24.137+01:00 DEBUG 9880 --- [main] org.hibernate.SQL                        : drop table if exists commercial_orders cascade 
2026-02-08T09:15:24.137+01:00 DEBUG 9880 --- [main] org.hibernate.SQL                        : drop table if exists commercial_stock cascade 
2026-02-08T09:15:24.138+01:00 DEBUG 9880 --- [main] org.hibernate.SQL                        : drop table if exists commercial_stock_history cascade 
2026-02-08T09:15:24.138+01:00 DEBUG 9880 --- [main] org.hibernate.SQL                        : drop table if exists customers cascade 
2026-02-08T09:15:24.138+01:00 DEBUG 9880 --- [main] org.hibernate.SQL                        : drop table if exists delivery_order_note cascade 
2026-02-08T09:15:24.138+01:00 DEBUG 9880 --- [main] org.hibernate.SQL                        : drop table if exists exit_commercial_order_note cascade 
2026-02-08T09:15:24.139+01:00 DEBUG 9880 --- [main] org.hibernate.SQL                        : drop table if exists exit_order_note cascade 
2026-02-08T09:15:24.139+01:00 DEBUG 9880 --- [main] org.hibernate.SQL                        : drop table if exists order_lines cascade 
2026-02-08T09:15:24.139+01:00 DEBUG 9880 --- [main] org.hibernate.SQL                        : drop table if exists order_note_lines cascade 
2026-02-08T09:15:24.140+01:00 DEBUG 9880 --- [main] org.hibernate.SQL                        : drop table if exists order_state_history cascade 
2026-02-08T09:15:24.140+01:00 DEBUG 9880 --- [main] org.hibernate.SQL                        : drop table if exists orders cascade 
2026-02-08T09:15:24.140+01:00 DEBUG 9880 --- [main] org.hibernate.SQL                        : drop table if exists pack_history cascade 
2026-02-08T09:15:24.140+01:00 DEBUG 9880 --- [main] org.hibernate.SQL                        : drop table if exists pack_products cascade 
2026-02-08T09:15:24.140+01:00 DEBUG 9880 --- [main] org.hibernate.SQL                        : drop table if exists packs cascade 
2026-02-08T09:15:24.141+01:00 DEBUG 9880 --- [main] org.hibernate.SQL                        : drop table if exists product_history cascade 
2026-02-08T09:15:24.141+01:00 DEBUG 9880 --- [main] org.hibernate.SQL                        : drop table if exists products cascade 
2026-02-08T09:15:24.141+01:00 DEBUG 9880 --- [main] org.hibernate.SQL                        : drop table if exists purchase_commercial_order_note cascade 
2026-02-08T09:15:24.141+01:00 DEBUG 9880 --- [main] org.hibernate.SQL                        : drop table if exists purchase_order_note cascade 
2026-02-08T09:15:24.141+01:00 DEBUG 9880 --- [main] org.hibernate.SQL                        : drop table if exists roles cascade 
2026-02-08T09:15:24.141+01:00 DEBUG 9880 --- [main] org.hibernate.SQL                        : drop table if exists stock_entry cascade 
2026-02-08T09:15:24.141+01:00 DEBUG 9880 --- [main] org.hibernate.SQL                        : drop table if exists stock_entry_lines cascade 
2026-02-08T09:15:24.142+01:00 DEBUG 9880 --- [main] org.hibernate.SQL                        : drop table if exists supplier cascade 
2026-02-08T09:15:24.142+01:00 DEBUG 9880 --- [main] org.hibernate.SQL                        : drop table if exists users cascade 
2026-02-08T09:15:24.142+01:00 DEBUG 9880 --- [main] org.hibernate.SQL                        : drop table if exists users_roles cascade 
2026-02-08T09:15:24.142+01:00 DEBUG 9880 --- [main] org.hibernate.SQL                        : drop table if exists withdrawal_transactions cascade 
2026-02-08T09:15:24.142+01:00 TRACE 9880 --- [main] o.h.type.spi.TypeConfiguration$Scope     : Handling #sessionFactoryClosed from [org.hibernate.internal.SessionFactoryImpl@7721408] for TypeConfiguration
2026-02-08T09:15:24.142+01:00 DEBUG 9880 --- [main] o.h.type.spi.TypeConfiguration$Scope     : Un-scoping TypeConfiguration [org.hibernate.type.spi.TypeConfiguration$Scope@7cb13e56] from SessionFactory [org.hibernate.internal.SessionFactoryImpl@7721408]
2026-02-08T09:15:24.143+01:00  INFO 9880 --- [main] com.zaxxer.hikari.HikariDataSource       : HikariPool-2 - Shutdown initiated...
2026-02-08T09:15:24.143+01:00  INFO 9880 --- [main] com.zaxxer.hikari.HikariDataSource       : HikariPool-2 - Shutdown completed.
2026-02-08T09:15:24.148+01:00  INFO 9880 --- [main] t.c.s.AnnotationConfigContextLoaderUtils : Could not detect default configuration classes for test class [com.example.livapp.StockEntryServiceIntegrationTest]: StockEntryServiceIntegrationTest does not declare any static, non-private, non-final, nested classes annotated with @Configuration.
2026-02-08T09:15:24.149+01:00  INFO 9880 --- [main] .b.t.c.SpringBootTestContextBootstrapper : Found @SpringBootConfiguration com.example.livapp.LivappApplication for test class com.example.livapp.StockEntryServiceIntegrationTest
2026-02-08T09:15:24.177+01:00  INFO 9880 --- [main] c.e.l.StockEntryServiceIntegrationTest   : Starting StockEntryServiceIntegrationTest using Java 21.0.8 with PID 9880 (started by ESI in C:\Users\ESI\IdeaProjects\jenkins)
2026-02-08T09:15:24.177+01:00  INFO 9880 --- [main] c.e.l.StockEntryServiceIntegrationTest   : No active profile set, falling back to 1 default profile: "default"
2026-02-08T09:15:24.376+01:00  INFO 9880 --- [main] .s.d.r.c.RepositoryConfigurationDelegate : Bootstrapping Spring Data JPA repositories in DEFAULT mode.
2026-02-08T09:15:24.438+01:00  INFO 9880 --- [main] .s.d.r.c.RepositoryConfigurationDelegate : Finished Spring Data repository scanning in 61 ms. Found 27 JPA repository interfaces.
2026-02-08T09:15:24.537+01:00  INFO 9880 --- [main] o.hibernate.jpa.internal.util.LogHelper  : HHH000204: Processing PersistenceUnitInfo [name: default]
2026-02-08T09:15:24.540+01:00  WARN 9880 --- [main] org.hibernate.orm.deprecation            : HHH90000021: Encountered deprecated setting [javax.persistence.sharedCache.mode], use [jakarta.persistence.sharedCache.mode] instead
2026-02-08T09:15:24.540+01:00 DEBUG 9880 --- [main] o.h.t.d.jdbc.spi.JdbcTypeRegistry        : addDescriptor(FloatTypeDescriptor) replaced previous registration(DoubleTypeDescriptor)
2026-02-08T09:15:24.540+01:00 DEBUG 9880 --- [main] org.hibernate.type.BasicTypeRegistry     : Adding type registration boolean -> org.hibernate.type.BasicTypeReference@503a7990
2026-02-08T09:15:24.540+01:00 DEBUG 9880 --- [main] org.hibernate.type.BasicTypeRegistry     : Adding type registration boolean -> org.hibernate.type.BasicTypeReference@503a7990
2026-02-08T09:15:24.540+01:00 DEBUG 9880 --- [main] org.hibernate.type.BasicTypeRegistry     : Adding type registration java.lang.Boolean -> org.hibernate.type.BasicTypeReference@503a7990
2026-02-08T09:15:24.540+01:00 DEBUG 9880 --- [main] org.hibernate.type.BasicTypeRegistry     : Adding type registration numeric_boolean -> org.hibernate.type.BasicTypeReference@69a90b81
2026-02-08T09:15:24.540+01:00 DEBUG 9880 --- [main] org.hibernate.type.BasicTypeRegistry     : Adding type registration org.hibernate.type.NumericBooleanConverter -> org.hibernate.type.BasicTypeReference@69a90b81
2026-02-08T09:15:24.540+01:00 DEBUG 9880 --- [main] org.hibernate.type.BasicTypeRegistry     : Adding type registration true_false -> org.hibernate.type.BasicTypeReference@6dcbbb49
2026-02-08T09:15:24.540+01:00 DEBUG 9880 --- [main] org.hibernate.type.BasicTypeRegistry     : Adding type registration org.hibernate.type.TrueFalseConverter -> org.hibernate.type.BasicTypeReference@6dcbbb49
2026-02-08T09:15:24.540+01:00 DEBUG 9880 --- [main] org.hibernate.type.BasicTypeRegistry     : Adding type registration yes_no -> org.hibernate.type.BasicTypeReference@35329a05
2026-02-08T09:15:24.540+01:00 DEBUG 9880 --- [main] org.hibernate.type.BasicTypeRegistry     : Adding type registration org.hibernate.type.YesNoConverter -> org.hibernate.type.BasicTypeReference@35329a05
2026-02-08T09:15:24.540+01:00 DEBUG 9880 --- [main] org.hibernate.type.BasicTypeRegistry     : Adding type registration byte -> org.hibernate.type.BasicTypeReference@36c783ca
2026-02-08T09:15:24.540+01:00 DEBUG 9880 --- [main] org.hibernate.type.BasicTypeRegistry     : Adding type registration byte -> org.hibernate.type.BasicTypeReference@36c783ca
2026-02-08T09:15:24.540+01:00 DEBUG 9880 --- [main] org.hibernate.type.BasicTypeRegistry     : Adding type registration java.lang.Byte -> org.hibernate.type.BasicTypeReference@36c783ca
2026-02-08T09:15:24.540+01:00 DEBUG 9880 --- [main] org.hibernate.type.BasicTypeRegistry     : Adding type registration binary -> org.hibernate.type.BasicTypeReference@17136390
2026-02-08T09:15:24.540+01:00 DEBUG 9880 --- [main] org.hibernate.type.BasicTypeRegistry     : Adding type registration byte[] -> org.hibernate.type.BasicTypeReference@17136390
2026-02-08T09:15:24.540+01:00 DEBUG 9880 --- [main] org.hibernate.type.BasicTypeRegistry     : Adding type registration [B -> org.hibernate.type.BasicTypeReference@17136390
2026-02-08T09:15:24.540+01:00 DEBUG 9880 --- [main] org.hibernate.type.BasicTypeRegistry     : Adding type registration binary_wrapper -> org.hibernate.type.BasicTypeReference@273293c8
2026-02-08T09:15:24.540+01:00 DEBUG 9880 --- [main] org.hibernate.type.BasicTypeRegistry     : Adding type registration wrapper-binary -> org.hibernate.type.BasicTypeReference@273293c8
2026-02-08T09:15:24.540+01:00 DEBUG 9880 --- [main] org.hibernate.type.BasicTypeRegistry     : Adding type registration Byte[] -> org.hibernate.type.BasicTypeReference@273293c8
2026-02-08T09:15:24.540+01:00 DEBUG 9880 --- [main] org.hibernate.type.BasicTypeRegistry     : Adding type registration [Ljava.lang.Byte; -> org.hibernate.type.BasicTypeReference@273293c8
2026-02-08T09:15:24.540+01:00 DEBUG 9880 --- [main] org.hibernate.type.BasicTypeRegistry     : Adding type registration image -> org.hibernate.type.BasicTypeReference@6f1d799
2026-02-08T09:15:24.540+01:00 DEBUG 9880 --- [main] org.hibernate.type.BasicTypeRegistry     : Adding type registration blob -> org.hibernate.type.BasicTypeReference@ca2cd5e
2026-02-08T09:15:24.540+01:00 DEBUG 9880 --- [main] org.hibernate.type.BasicTypeRegistry     : Adding type registration java.sql.Blob -> org.hibernate.type.BasicTypeReference@ca2cd5e
2026-02-08T09:15:24.540+01:00 DEBUG 9880 --- [main] org.hibernate.type.BasicTypeRegistry     : Adding type registration materialized_blob -> org.hibernate.type.BasicTypeReference@a120b9
2026-02-08T09:15:24.540+01:00 DEBUG 9880 --- [main] org.hibernate.type.BasicTypeRegistry     : Adding type registration materialized_blob_wrapper -> org.hibernate.type.BasicTypeReference@333e5fb6
2026-02-08T09:15:24.540+01:00 DEBUG 9880 --- [main] org.hibernate.type.BasicTypeRegistry     : Adding type registration short -> org.hibernate.type.BasicTypeReference@3b7b0b57
2026-02-08T09:15:24.540+01:00 DEBUG 9880 --- [main] org.hibernate.type.BasicTypeRegistry     : Adding type registration short -> org.hibernate.type.BasicTypeReference@3b7b0b57
2026-02-08T09:15:24.540+01:00 DEBUG 9880 --- [main] org.hibernate.type.BasicTypeRegistry     : Adding type registration java.lang.Short -> org.hibernate.type.BasicTypeReference@3b7b0b57
2026-02-08T09:15:24.540+01:00 DEBUG 9880 --- [main] org.hibernate.type.BasicTypeRegistry     : Adding type registration integer -> org.hibernate.type.BasicTypeReference@21a9f95b
2026-02-08T09:15:24.540+01:00 DEBUG 9880 --- [main] org.hibernate.type.BasicTypeRegistry     : Adding type registration int -> org.hibernate.type.BasicTypeReference@21a9f95b
2026-02-08T09:15:24.540+01:00 DEBUG 9880 --- [main] org.hibernate.type.BasicTypeRegistry     : Adding type registration java.lang.Integer -> org.hibernate.type.BasicTypeReference@21a9f95b
2026-02-08T09:15:24.540+01:00 DEBUG 9880 --- [main] org.hibernate.type.BasicTypeRegistry     : Adding type registration long -> org.hibernate.type.BasicTypeReference@2804b13f
2026-02-08T09:15:24.541+01:00 DEBUG 9880 --- [main] org.hibernate.type.BasicTypeRegistry     : Adding type registration long -> org.hibernate.type.BasicTypeReference@2804b13f
2026-02-08T09:15:24.541+01:00 DEBUG 9880 --- [main] org.hibernate.type.BasicTypeRegistry     : Adding type registration java.lang.Long -> org.hibernate.type.BasicTypeReference@2804b13f
2026-02-08T09:15:24.541+01:00 DEBUG 9880 --- [main] org.hibernate.type.BasicTypeRegistry     : Adding type registration float -> org.hibernate.type.BasicTypeReference@69069866
2026-02-08T09:15:24.541+01:00 DEBUG 9880 --- [main] org.hibernate.type.BasicTypeRegistry     : Adding type registration float -> org.hibernate.type.BasicTypeReference@69069866
2026-02-08T09:15:24.541+01:00 DEBUG 9880 --- [main] org.hibernate.type.BasicTypeRegistry     : Adding type registration java.lang.Float -> org.hibernate.type.BasicTypeReference@69069866
2026-02-08T09:15:24.541+01:00 DEBUG 9880 --- [main] org.hibernate.type.BasicTypeRegistry     : Adding type registration double -> org.hibernate.type.BasicTypeReference@ac417a2
2026-02-08T09:15:24.541+01:00 DEBUG 9880 --- [main] org.hibernate.type.BasicTypeRegistry     : Adding type registration double -> org.hibernate.type.BasicTypeReference@ac417a2
2026-02-08T09:15:24.541+01:00 DEBUG 9880 --- [main] org.hibernate.type.BasicTypeRegistry     : Adding type registration java.lang.Double -> org.hibernate.type.BasicTypeReference@ac417a2
2026-02-08T09:15:24.541+01:00 DEBUG 9880 --- [main] org.hibernate.type.BasicTypeRegistry     : Adding type registration big_integer -> org.hibernate.type.BasicTypeReference@64c95480
2026-02-08T09:15:24.541+01:00 DEBUG 9880 --- [main] org.hibernate.type.BasicTypeRegistry     : Adding type registration java.math.BigInteger -> org.hibernate.type.BasicTypeReference@64c95480
2026-02-08T09:15:24.541+01:00 DEBUG 9880 --- [main] org.hibernate.type.BasicTypeRegistry     : Adding type registration big_decimal -> org.hibernate.type.BasicTypeReference@69499c6f
2026-02-08T09:15:24.541+01:00 DEBUG 9880 --- [main] org.hibernate.type.BasicTypeRegistry     : Adding type registration java.math.BigDecimal -> org.hibernate.type.BasicTypeReference@69499c6f
2026-02-08T09:15:24.541+01:00 DEBUG 9880 --- [main] org.hibernate.type.BasicTypeRegistry     : Adding type registration character -> org.hibernate.type.BasicTypeReference@3451fc88
2026-02-08T09:15:24.541+01:00 DEBUG 9880 --- [main] org.hibernate.type.BasicTypeRegistry     : Adding type registration char -> org.hibernate.type.BasicTypeReference@3451fc88
2026-02-08T09:15:24.541+01:00 DEBUG 9880 --- [main] org.hibernate.type.BasicTypeRegistry     : Adding type registration java.lang.Character -> org.hibernate.type.BasicTypeReference@3451fc88
2026-02-08T09:15:24.541+01:00 DEBUG 9880 --- [main] org.hibernate.type.BasicTypeRegistry     : Adding type registration character_nchar -> org.hibernate.type.BasicTypeReference@1e0294a7
2026-02-08T09:15:24.541+01:00 DEBUG 9880 --- [main] org.hibernate.type.BasicTypeRegistry     : Adding type registration string -> org.hibernate.type.BasicTypeReference@3041beb3
2026-02-08T09:15:24.541+01:00 DEBUG 9880 --- [main] org.hibernate.type.BasicTypeRegistry     : Adding type registration java.lang.String -> org.hibernate.type.BasicTypeReference@3041beb3
2026-02-08T09:15:24.541+01:00 DEBUG 9880 --- [main] org.hibernate.type.BasicTypeRegistry     : Adding type registration nstring -> org.hibernate.type.BasicTypeReference@15cee630
2026-02-08T09:15:24.541+01:00 DEBUG 9880 --- [main] org.hibernate.type.BasicTypeRegistry     : Adding type registration characters -> org.hibernate.type.BasicTypeReference@2e40fdbd
2026-02-08T09:15:24.541+01:00 DEBUG 9880 --- [main] org.hibernate.type.BasicTypeRegistry     : Adding type registration char[] -> org.hibernate.type.BasicTypeReference@2e40fdbd
2026-02-08T09:15:24.541+01:00 DEBUG 9880 --- [main] org.hibernate.type.BasicTypeRegistry     : Adding type registration [C -> org.hibernate.type.BasicTypeReference@2e40fdbd
2026-02-08T09:15:24.541+01:00 DEBUG 9880 --- [main] org.hibernate.type.BasicTypeRegistry     : Adding type registration wrapper-characters -> org.hibernate.type.BasicTypeReference@246de37e
2026-02-08T09:15:24.541+01:00 DEBUG 9880 --- [main] org.hibernate.type.BasicTypeRegistry     : Adding type registration [Ljava.lang.Character; -> org.hibernate.type.BasicTypeReference@246de37e
2026-02-08T09:15:24.541+01:00 DEBUG 9880 --- [main] org.hibernate.type.BasicTypeRegistry     : Adding type registration Character[] -> org.hibernate.type.BasicTypeReference@246de37e
2026-02-08T09:15:24.541+01:00 DEBUG 9880 --- [main] org.hibernate.type.BasicTypeRegistry     : Adding type registration text -> org.hibernate.type.BasicTypeReference@19647566
2026-02-08T09:15:24.541+01:00 DEBUG 9880 --- [main] org.hibernate.type.BasicTypeRegistry     : Adding type registration ntext -> org.hibernate.type.BasicTypeReference@7b79ff1c
2026-02-08T09:15:24.541+01:00 DEBUG 9880 --- [main] org.hibernate.type.BasicTypeRegistry     : Adding type registration clob -> org.hibernate.type.BasicTypeReference@527d48db
2026-02-08T09:15:24.541+01:00 DEBUG 9880 --- [main] org.hibernate.type.BasicTypeRegistry     : Adding type registration java.sql.Clob -> org.hibernate.type.BasicTypeReference@527d48db
2026-02-08T09:15:24.541+01:00 DEBUG 9880 --- [main] org.hibernate.type.BasicTypeRegistry     : Adding type registration nclob -> org.hibernate.type.BasicTypeReference@194037f9
2026-02-08T09:15:24.541+01:00 DEBUG 9880 --- [main] org.hibernate.type.BasicTypeRegistry     : Adding type registration java.sql.NClob -> org.hibernate.type.BasicTypeReference@194037f9
2026-02-08T09:15:24.541+01:00 DEBUG 9880 --- [main] org.hibernate.type.BasicTypeRegistry     : Adding type registration materialized_clob -> org.hibernate.type.BasicTypeReference@2335aef2
2026-02-08T09:15:24.541+01:00 DEBUG 9880 --- [main] org.hibernate.type.BasicTypeRegistry     : Adding type registration materialized_clob_char_array -> org.hibernate.type.BasicTypeReference@17003497
2026-02-08T09:15:24.541+01:00 DEBUG 9880 --- [main] org.hibernate.type.BasicTypeRegistry     : Adding type registration materialized_clob_character_array -> org.hibernate.type.BasicTypeReference@2f038d3c
2026-02-08T09:15:24.541+01:00 DEBUG 9880 --- [main] org.hibernate.type.BasicTypeRegistry     : Adding type registration materialized_nclob -> org.hibernate.type.BasicTypeReference@376498da
2026-02-08T09:15:24.541+01:00 DEBUG 9880 --- [main] org.hibernate.type.BasicTypeRegistry     : Adding type registration materialized_nclob_character_array -> org.hibernate.type.BasicTypeReference@39a8e2fa
2026-02-08T09:15:24.541+01:00 DEBUG 9880 --- [main] org.hibernate.type.BasicTypeRegistry     : Adding type registration materialized_nclob_char_array -> org.hibernate.type.BasicTypeReference@2f9addd4
2026-02-08T09:15:24.541+01:00 DEBUG 9880 --- [main] org.hibernate.type.BasicTypeRegistry     : Adding type registration Duration -> org.hibernate.type.BasicTypeReference@1c43df76
2026-02-08T09:15:24.541+01:00 DEBUG 9880 --- [main] org.hibernate.type.BasicTypeRegistry     : Adding type registration java.time.Duration -> org.hibernate.type.BasicTypeReference@1c43df76
2026-02-08T09:15:24.541+01:00 DEBUG 9880 --- [main] org.hibernate.type.BasicTypeRegistry     : Adding type registration LocalDateTime -> org.hibernate.type.BasicTypeReference@ff2266c
2026-02-08T09:15:24.541+01:00 DEBUG 9880 --- [main] org.hibernate.type.BasicTypeRegistry     : Adding type registration java.time.LocalDateTime -> org.hibernate.type.BasicTypeReference@ff2266c
2026-02-08T09:15:24.541+01:00 DEBUG 9880 --- [main] org.hibernate.type.BasicTypeRegistry     : Adding type registration LocalDate -> org.hibernate.type.BasicTypeReference@71b3ba5a
2026-02-08T09:15:24.541+01:00 DEBUG 9880 --- [main] org.hibernate.type.BasicTypeRegistry     : Adding type registration java.time.LocalDate -> org.hibernate.type.BasicTypeReference@71b3ba5a
2026-02-08T09:15:24.541+01:00 DEBUG 9880 --- [main] org.hibernate.type.BasicTypeRegistry     : Adding type registration LocalTime -> org.hibernate.type.BasicTypeReference@83ebdc5
2026-02-08T09:15:24.541+01:00 DEBUG 9880 --- [main] org.hibernate.type.BasicTypeRegistry     : Adding type registration java.time.LocalTime -> org.hibernate.type.BasicTypeReference@83ebdc5
2026-02-08T09:15:24.541+01:00 DEBUG 9880 --- [main] org.hibernate.type.BasicTypeRegistry     : Adding type registration OffsetDateTime -> org.hibernate.type.BasicTypeReference@a047bdb
2026-02-08T09:15:24.541+01:00 DEBUG 9880 --- [main] org.hibernate.type.BasicTypeRegistry     : Adding type registration java.time.OffsetDateTime -> org.hibernate.type.BasicTypeReference@a047bdb
2026-02-08T09:15:24.541+01:00 DEBUG 9880 --- [main] org.hibernate.type.BasicTypeRegistry     : Adding type registration OffsetDateTimeWithTimezone -> org.hibernate.type.BasicTypeReference@14dbfdb1
2026-02-08T09:15:24.541+01:00 DEBUG 9880 --- [main] org.hibernate.type.BasicTypeRegistry     : Adding type registration OffsetDateTimeWithoutTimezone -> org.hibernate.type.BasicTypeReference@7856f41a
2026-02-08T09:15:24.541+01:00 DEBUG 9880 --- [main] org.hibernate.type.BasicTypeRegistry     : Adding type registration OffsetTime -> org.hibernate.type.BasicTypeReference@5fbae40
2026-02-08T09:15:24.541+01:00 DEBUG 9880 --- [main] org.hibernate.type.BasicTypeRegistry     : Adding type registration java.time.OffsetTime -> org.hibernate.type.BasicTypeReference@5fbae40
2026-02-08T09:15:24.541+01:00 DEBUG 9880 --- [main] org.hibernate.type.BasicTypeRegistry     : Adding type registration ZonedDateTime -> org.hibernate.type.BasicTypeReference@2c08c787
2026-02-08T09:15:24.541+01:00 DEBUG 9880 --- [main] org.hibernate.type.BasicTypeRegistry     : Adding type registration java.time.ZonedDateTime -> org.hibernate.type.BasicTypeReference@2c08c787
2026-02-08T09:15:24.541+01:00 DEBUG 9880 --- [main] org.hibernate.type.BasicTypeRegistry     : Adding type registration ZonedDateTimeWithTimezone -> org.hibernate.type.BasicTypeReference@67f591c2
2026-02-08T09:15:24.541+01:00 DEBUG 9880 --- [main] org.hibernate.type.BasicTypeRegistry     : Adding type registration ZonedDateTimeWithoutTimezone -> org.hibernate.type.BasicTypeReference@284c4f02
2026-02-08T09:15:24.541+01:00 DEBUG 9880 --- [main] org.hibernate.type.BasicTypeRegistry     : Adding type registration date -> org.hibernate.type.BasicTypeReference@709d6de5
2026-02-08T09:15:24.541+01:00 DEBUG 9880 --- [main] org.hibernate.type.BasicTypeRegistry     : Adding type registration java.sql.Date -> org.hibernate.type.BasicTypeReference@709d6de5
2026-02-08T09:15:24.541+01:00 DEBUG 9880 --- [main] org.hibernate.type.BasicTypeRegistry     : Adding type registration time -> org.hibernate.type.BasicTypeReference@1a43a88e
2026-02-08T09:15:24.541+01:00 DEBUG 9880 --- [main] org.hibernate.type.BasicTypeRegistry     : Adding type registration java.sql.Time -> org.hibernate.type.BasicTypeReference@1a43a88e
2026-02-08T09:15:24.541+01:00 DEBUG 9880 --- [main] org.hibernate.type.BasicTypeRegistry     : Adding type registration timestamp -> org.hibernate.type.BasicTypeReference@51f34185
2026-02-08T09:15:24.541+01:00 DEBUG 9880 --- [main] org.hibernate.type.BasicTypeRegistry     : Adding type registration java.sql.Timestamp -> org.hibernate.type.BasicTypeReference@51f34185
2026-02-08T09:15:24.541+01:00 DEBUG 9880 --- [main] org.hibernate.type.BasicTypeRegistry     : Adding type registration java.util.Date -> org.hibernate.type.BasicTypeReference@51f34185
2026-02-08T09:15:24.541+01:00 DEBUG 9880 --- [main] org.hibernate.type.BasicTypeRegistry     : Adding type registration calendar -> org.hibernate.type.BasicTypeReference@1b8d20e6
2026-02-08T09:15:24.541+01:00 DEBUG 9880 --- [main] org.hibernate.type.BasicTypeRegistry     : Adding type registration java.util.Calendar -> org.hibernate.type.BasicTypeReference@1b8d20e6
2026-02-08T09:15:24.541+01:00 DEBUG 9880 --- [main] org.hibernate.type.BasicTypeRegistry     : Adding type registration java.util.GregorianCalendar -> org.hibernate.type.BasicTypeReference@1b8d20e6
2026-02-08T09:15:24.541+01:00 DEBUG 9880 --- [main] org.hibernate.type.BasicTypeRegistry     : Adding type registration calendar_date -> org.hibernate.type.BasicTypeReference@e49437
2026-02-08T09:15:24.541+01:00 DEBUG 9880 --- [main] org.hibernate.type.BasicTypeRegistry     : Adding type registration calendar_time -> org.hibernate.type.BasicTypeReference@7645b7d
2026-02-08T09:15:24.541+01:00 DEBUG 9880 --- [main] org.hibernate.type.BasicTypeRegistry     : Adding type registration instant -> org.hibernate.type.BasicTypeReference@4c50cd7d
2026-02-08T09:15:24.541+01:00 DEBUG 9880 --- [main] org.hibernate.type.BasicTypeRegistry     : Adding type registration java.time.Instant -> org.hibernate.type.BasicTypeReference@4c50cd7d
2026-02-08T09:15:24.541+01:00 DEBUG 9880 --- [main] org.hibernate.type.BasicTypeRegistry     : Adding type registration uuid -> org.hibernate.type.BasicTypeReference@3ea84e01
2026-02-08T09:15:24.541+01:00 DEBUG 9880 --- [main] org.hibernate.type.BasicTypeRegistry     : Adding type registration java.util.UUID -> org.hibernate.type.BasicTypeReference@3ea84e01
2026-02-08T09:15:24.541+01:00 DEBUG 9880 --- [main] org.hibernate.type.BasicTypeRegistry     : Adding type registration pg-uuid -> org.hibernate.type.BasicTypeReference@3ea84e01
2026-02-08T09:15:24.541+01:00 DEBUG 9880 --- [main] org.hibernate.type.BasicTypeRegistry     : Adding type registration uuid-binary -> org.hibernate.type.BasicTypeReference@1a4930cf
2026-02-08T09:15:24.541+01:00 DEBUG 9880 --- [main] org.hibernate.type.BasicTypeRegistry     : Adding type registration uuid-char -> org.hibernate.type.BasicTypeReference@3fd33f48
2026-02-08T09:15:24.541+01:00 DEBUG 9880 --- [main] org.hibernate.type.BasicTypeRegistry     : Adding type registration class -> org.hibernate.type.BasicTypeReference@75a226ea
2026-02-08T09:15:24.541+01:00 DEBUG 9880 --- [main] org.hibernate.type.BasicTypeRegistry     : Adding type registration java.lang.Class -> org.hibernate.type.BasicTypeReference@75a226ea
2026-02-08T09:15:24.541+01:00 DEBUG 9880 --- [main] org.hibernate.type.BasicTypeRegistry     : Adding type registration currency -> org.hibernate.type.BasicTypeReference@986b619
2026-02-08T09:15:24.541+01:00 DEBUG 9880 --- [main] org.hibernate.type.BasicTypeRegistry     : Adding type registration Currency -> org.hibernate.type.BasicTypeReference@986b619
2026-02-08T09:15:24.541+01:00 DEBUG 9880 --- [main] org.hibernate.type.BasicTypeRegistry     : Adding type registration java.util.Currency -> org.hibernate.type.BasicTypeReference@986b619
2026-02-08T09:15:24.541+01:00 DEBUG 9880 --- [main] org.hibernate.type.BasicTypeRegistry     : Adding type registration locale -> org.hibernate.type.BasicTypeReference@5a1a20ae
2026-02-08T09:15:24.541+01:00 DEBUG 9880 --- [main] org.hibernate.type.BasicTypeRegistry     : Adding type registration java.util.Locale -> org.hibernate.type.BasicTypeReference@5a1a20ae
2026-02-08T09:15:24.541+01:00 DEBUG 9880 --- [main] org.hibernate.type.BasicTypeRegistry     : Adding type registration serializable -> org.hibernate.type.BasicTypeReference@7c956dda
2026-02-08T09:15:24.541+01:00 DEBUG 9880 --- [main] org.hibernate.type.BasicTypeRegistry     : Adding type registration java.io.Serializable -> org.hibernate.type.BasicTypeReference@7c956dda
2026-02-08T09:15:24.541+01:00 DEBUG 9880 --- [main] org.hibernate.type.BasicTypeRegistry     : Adding type registration timezone -> org.hibernate.type.BasicTypeReference@186481d4
2026-02-08T09:15:24.541+01:00 DEBUG 9880 --- [main] org.hibernate.type.BasicTypeRegistry     : Adding type registration java.util.TimeZone -> org.hibernate.type.BasicTypeReference@186481d4
2026-02-08T09:15:24.541+01:00 DEBUG 9880 --- [main] org.hibernate.type.BasicTypeRegistry     : Adding type registration ZoneOffset -> org.hibernate.type.BasicTypeReference@24eecabf
2026-02-08T09:15:24.541+01:00 DEBUG 9880 --- [main] org.hibernate.type.BasicTypeRegistry     : Adding type registration java.time.ZoneOffset -> org.hibernate.type.BasicTypeReference@24eecabf
2026-02-08T09:15:24.541+01:00 DEBUG 9880 --- [main] org.hibernate.type.BasicTypeRegistry     : Adding type registration url -> org.hibernate.type.BasicTypeReference@2ffa91dc
2026-02-08T09:15:24.541+01:00 DEBUG 9880 --- [main] org.hibernate.type.BasicTypeRegistry     : Adding type registration java.net.URL -> org.hibernate.type.BasicTypeReference@2ffa91dc
2026-02-08T09:15:24.541+01:00 DEBUG 9880 --- [main] org.hibernate.type.BasicTypeRegistry     : Adding type registration row_version -> org.hibernate.type.BasicTypeReference@78d6c244
2026-02-08T09:15:24.541+01:00 DEBUG 9880 --- [main] org.hibernate.type.BasicTypeRegistry     : Adding type registration dbtimestamp -> org.hibernate.type.DbTimestampType@204b0f07
2026-02-08T09:15:24.541+01:00 DEBUG 9880 --- [main] org.hibernate.type.BasicTypeRegistry     : Adding type registration dbtimestamp -> org.hibernate.type.DbTimestampType@204b0f07
2026-02-08T09:15:24.541+01:00 DEBUG 9880 --- [main] org.hibernate.type.BasicTypeRegistry     : Adding type registration object -> org.hibernate.type.JavaObjectType@32b95de
2026-02-08T09:15:24.541+01:00 DEBUG 9880 --- [main] org.hibernate.type.BasicTypeRegistry     : Adding type registration java.lang.Object -> org.hibernate.type.JavaObjectType@32b95de
2026-02-08T09:15:24.541+01:00 DEBUG 9880 --- [main] org.hibernate.type.BasicTypeRegistry     : Adding type registration null -> org.hibernate.type.NullType@3a8fb023
2026-02-08T09:15:24.541+01:00 DEBUG 9880 --- [main] org.hibernate.type.BasicTypeRegistry     : Adding type registration imm_date -> org.hibernate.type.BasicTypeReference@191a8997
2026-02-08T09:15:24.541+01:00 DEBUG 9880 --- [main] org.hibernate.type.BasicTypeRegistry     : Adding type registration imm_time -> org.hibernate.type.BasicTypeReference@162be846
2026-02-08T09:15:24.541+01:00 DEBUG 9880 --- [main] org.hibernate.type.BasicTypeRegistry     : Adding type registration imm_timestamp -> org.hibernate.type.BasicTypeReference@503358e6
2026-02-08T09:15:24.541+01:00 DEBUG 9880 --- [main] org.hibernate.type.BasicTypeRegistry     : Adding type registration imm_calendar -> org.hibernate.type.BasicTypeReference@697633a
2026-02-08T09:15:24.541+01:00 DEBUG 9880 --- [main] org.hibernate.type.BasicTypeRegistry     : Adding type registration imm_calendar_date -> org.hibernate.type.BasicTypeReference@4b0c144e
2026-02-08T09:15:24.541+01:00 DEBUG 9880 --- [main] org.hibernate.type.BasicTypeRegistry     : Adding type registration imm_calendar_time -> org.hibernate.type.BasicTypeReference@2acacb1
2026-02-08T09:15:24.541+01:00 DEBUG 9880 --- [main] org.hibernate.type.BasicTypeRegistry     : Adding type registration imm_binary -> org.hibernate.type.BasicTypeReference@4892206a
2026-02-08T09:15:24.541+01:00 DEBUG 9880 --- [main] org.hibernate.type.BasicTypeRegistry     : Adding type registration imm_serializable -> org.hibernate.type.BasicTypeReference@752114f1
2026-02-08T09:15:24.544+01:00  INFO 9880 --- [main] com.zaxxer.hikari.HikariDataSource       : HikariPool-3 - Starting...
2026-02-08T09:15:24.545+01:00  INFO 9880 --- [main] com.zaxxer.hikari.pool.HikariPool        : HikariPool-3 - Added connection conn20: url=jdbc:h2:mem:test user=SA
2026-02-08T09:15:24.545+01:00  INFO 9880 --- [main] com.zaxxer.hikari.HikariDataSource       : HikariPool-3 - Start completed.
2026-02-08T09:15:24.546+01:00  INFO 9880 --- [main] SQL dialect                              : HHH000400: Using dialect: org.hibernate.dialect.H2Dialect
2026-02-08T09:15:24.546+01:00 DEBUG 9880 --- [main] o.h.t.d.jdbc.spi.JdbcTypeRegistry        : addDescriptor(NCharTypeDescriptor) replaced previous registration(CharTypeDescriptor)
2026-02-08T09:15:24.546+01:00 DEBUG 9880 --- [main] o.h.t.d.jdbc.spi.JdbcTypeRegistry        : addDescriptor(NVarcharTypeDescriptor) replaced previous registration(VarcharTypeDescriptor)
2026-02-08T09:15:24.546+01:00 DEBUG 9880 --- [main] o.h.t.d.jdbc.spi.JdbcTypeRegistry        : addDescriptor(LongNVarcharTypeDescriptor) replaced previous registration(LongVarcharTypeDescriptor)
2026-02-08T09:15:24.546+01:00 DEBUG 9880 --- [main] o.h.t.d.jdbc.spi.JdbcTypeRegistry        : addDescriptor(NClobTypeDescriptor(DEFAULT)) replaced previous registration(ClobTypeDescriptor(DEFAULT))
2026-02-08T09:15:24.546+01:00 DEBUG 9880 --- [main] o.h.t.d.jdbc.spi.JdbcTypeRegistry        : addDescriptor(2005, ClobTypeDescriptor(STREAM_BINDING)) replaced previous registration(ClobTypeDescriptor(DEFAULT))
2026-02-08T09:15:24.546+01:00 DEBUG 9880 --- [main] o.h.t.d.jdbc.spi.JdbcTypeRegistry        : addDescriptor(3003, TimestampUtcDescriptor) replaced previous registration(TimestampUtcDescriptor)
2026-02-08T09:15:24.546+01:00 DEBUG 9880 --- [main] org.hibernate.type.BasicTypeRegistry     : Adding type registration org.hibernate.type.OffsetDateTimeType -> basicType@35(java.time.OffsetDateTime,93)
2026-02-08T09:15:24.546+01:00 DEBUG 9880 --- [main] org.hibernate.type.BasicTypeRegistry     : Adding type registration OffsetDateTime -> basicType@35(java.time.OffsetDateTime,93)
2026-02-08T09:15:24.546+01:00 DEBUG 9880 --- [main] org.hibernate.type.BasicTypeRegistry     : Adding type registration java.time.OffsetDateTime -> basicType@35(java.time.OffsetDateTime,93)
2026-02-08T09:15:24.546+01:00 DEBUG 9880 --- [main] org.hibernate.type.BasicTypeRegistry     : Adding type registration org.hibernate.type.ZonedDateTimeType -> basicType@36(java.time.ZonedDateTime,93)
2026-02-08T09:15:24.546+01:00 DEBUG 9880 --- [main] org.hibernate.type.BasicTypeRegistry     : Adding type registration ZonedDateTime -> basicType@36(java.time.ZonedDateTime,93)
2026-02-08T09:15:24.546+01:00 DEBUG 9880 --- [main] org.hibernate.type.BasicTypeRegistry     : Adding type registration java.time.ZonedDateTime -> basicType@36(java.time.ZonedDateTime,93)
2026-02-08T09:15:24.547+01:00 DEBUG 9880 --- [main] o.h.type.spi.TypeConfiguration$Scope     : Scoping TypeConfiguration [org.hibernate.type.spi.TypeConfiguration@1dc1f0a3] to MetadataBuildingContext [org.hibernate.boot.internal.MetadataBuildingContextRootImpl@30f19549]
2026-02-08T09:15:24.599+01:00 DEBUG 9880 --- [main] o.h.type.spi.TypeConfiguration$Scope     : Scoping TypeConfiguration [org.hibernate.type.spi.TypeConfiguration@1dc1f0a3] to SessionFactoryImplementor [org.hibernate.internal.SessionFactoryImpl@4efcf5a4]
2026-02-08T09:15:24.690+01:00 DEBUG 9880 --- [main] org.hibernate.SQL                        : drop table if exists cash_closure cascade 
2026-02-08T09:15:24.691+01:00 DEBUG 9880 --- [main] org.hibernate.SQL                        : drop table if exists cash_register_transactions cascade 
2026-02-08T09:15:24.691+01:00 DEBUG 9880 --- [main] org.hibernate.SQL                        : drop table if exists commercial_order_lines cascade 
2026-02-08T09:15:24.691+01:00 DEBUG 9880 --- [main] org.hibernate.SQL                        : drop table if exists commercial_order_note_lines cascade 
2026-02-08T09:15:24.691+01:00 DEBUG 9880 --- [main] org.hibernate.SQL                        : drop table if exists commercial_order_state_history cascade 
2026-02-08T09:15:24.691+01:00 DEBUG 9880 --- [main] org.hibernate.SQL                        : drop table if exists commercial_orders cascade 
2026-02-08T09:15:24.691+01:00 DEBUG 9880 --- [main] org.hibernate.SQL                        : drop table if exists commercial_stock cascade 
2026-02-08T09:15:24.691+01:00 DEBUG 9880 --- [main] org.hibernate.SQL                        : drop table if exists commercial_stock_history cascade 
2026-02-08T09:15:24.692+01:00 DEBUG 9880 --- [main] org.hibernate.SQL                        : drop table if exists customers cascade 
2026-02-08T09:15:24.692+01:00 DEBUG 9880 --- [main] org.hibernate.SQL                        : drop table if exists delivery_order_note cascade 
2026-02-08T09:15:24.692+01:00 DEBUG 9880 --- [main] org.hibernate.SQL                        : drop table if exists exit_commercial_order_note cascade 
2026-02-08T09:15:24.692+01:00 DEBUG 9880 --- [main] org.hibernate.SQL                        : drop table if exists exit_order_note cascade 
2026-02-08T09:15:24.692+01:00 DEBUG 9880 --- [main] org.hibernate.SQL                        : drop table if exists order_lines cascade 
2026-02-08T09:15:24.692+01:00 DEBUG 9880 --- [main] org.hibernate.SQL                        : drop table if exists order_note_lines cascade 
2026-02-08T09:15:24.692+01:00 DEBUG 9880 --- [main] org.hibernate.SQL                        : drop table if exists order_state_history cascade 
2026-02-08T09:15:24.692+01:00 DEBUG 9880 --- [main] org.hibernate.SQL                        : drop table if exists orders cascade 
2026-02-08T09:15:24.692+01:00 DEBUG 9880 --- [main] org.hibernate.SQL                        : drop table if exists pack_history cascade 
2026-02-08T09:15:24.692+01:00 DEBUG 9880 --- [main] org.hibernate.SQL                        : drop table if exists pack_products cascade 
2026-02-08T09:15:24.692+01:00 DEBUG 9880 --- [main] org.hibernate.SQL                        : drop table if exists packs cascade 
2026-02-08T09:15:24.692+01:00 DEBUG 9880 --- [main] org.hibernate.SQL                        : drop table if exists product_history cascade 
2026-02-08T09:15:24.692+01:00 DEBUG 9880 --- [main] org.hibernate.SQL                        : drop table if exists products cascade 
2026-02-08T09:15:24.693+01:00 DEBUG 9880 --- [main] org.hibernate.SQL                        : drop table if exists purchase_commercial_order_note cascade 
2026-02-08T09:15:24.693+01:00 DEBUG 9880 --- [main] org.hibernate.SQL                        : drop table if exists purchase_order_note cascade 
2026-02-08T09:15:24.693+01:00 DEBUG 9880 --- [main] org.hibernate.SQL                        : drop table if exists roles cascade 
2026-02-08T09:15:24.693+01:00 DEBUG 9880 --- [main] org.hibernate.SQL                        : drop table if exists stock_entry cascade 
2026-02-08T09:15:24.693+01:00 DEBUG 9880 --- [main] org.hibernate.SQL                        : drop table if exists stock_entry_lines cascade 
2026-02-08T09:15:24.693+01:00 DEBUG 9880 --- [main] org.hibernate.SQL                        : drop table if exists supplier cascade 
2026-02-08T09:15:24.693+01:00 DEBUG 9880 --- [main] org.hibernate.SQL                        : drop table if exists users cascade 
2026-02-08T09:15:24.693+01:00 DEBUG 9880 --- [main] org.hibernate.SQL                        : drop table if exists users_roles cascade 
2026-02-08T09:15:24.693+01:00 DEBUG 9880 --- [main] org.hibernate.SQL                        : drop table if exists withdrawal_transactions cascade 
2026-02-08T09:15:24.693+01:00 DEBUG 9880 --- [main] org.hibernate.SQL                        : create table cash_closure (id bigint generated by default as identity, amount_received float(53) not null, amount_withdrawn float(53) not null, closure_date TIMESTAMP DEFAULT CURRENT_TIMESTAMP not null, description varchar(255), cashier_id bigint not null, primary key (id))
2026-02-08T09:15:24.695+01:00 DEBUG 9880 --- [main] org.hibernate.SQL                        : create table cash_register_transactions (id bigint generated by default as identity, amount float(53) not null, payment_date TIMESTAMP DEFAULT CURRENT_TIMESTAMP not null, cashier_id bigint not null, customer_id bigint, user_id bigint, primary key (id))
2026-02-08T09:15:24.696+01:00 DEBUG 9880 --- [main] org.hibernate.SQL                        : create table commercial_order_lines (id bigint generated by default as identity, price float(53) not null, quantity integer not null, commercial_order_id bigint not null, pack_id bigint, product_id bigint, primary key (id))
2026-02-08T09:15:24.697+01:00 DEBUG 9880 --- [main] org.hibernate.SQL                        : create table commercial_order_note_lines (id bigint generated by default as identity, price float(53) not null, quantity integer not null, commercial_exit_order_note_id bigint, pack_id bigint, product_id bigint, commercial_purchase_order_note_id bigint, primary key (id))
2026-02-08T09:15:24.699+01:00 DEBUG 9880 --- [main] org.hibernate.SQL                        : create table commercial_order_state_history (id bigint generated by default as identity, changed_date TIMESTAMP DEFAULT CURRENT_TIMESTAMP not null, new_state varchar(255), old_state varchar(255), prepared_person_id bigint, commercial_order_id bigint not null, primary key (id))
2026-02-08T09:15:24.701+01:00 DEBUG 9880 --- [main] org.hibernate.SQL                        : create table commercial_orders (id bigint generated by default as identity, archived boolean not null, order_date TIMESTAMP DEFAULT CURRENT_TIMESTAMP not null, state varchar(255), total_price float(53) not null, user_id bigint not null, primary key (id))
2026-02-08T09:15:24.701+01:00 DEBUG 9880 --- [main] org.hibernate.SQL                        : create table commercial_stock (id bigint generated by default as identity, quantity integer not null, pack_id bigint, product_id bigint, commercial_id bigint not null, primary key (id))
2026-02-08T09:15:24.702+01:00 DEBUG 9880 --- [main] org.hibernate.SQL                        : create table commercial_stock_history (id bigint generated by default as identity, changed_date TIMESTAMP DEFAULT CURRENT_TIMESTAMP not null, quantity integer not null, pack_id bigint, product_id bigint, commercial_id bigint not null, primary key (id))
2026-02-08T09:15:24.702+01:00 DEBUG 9880 --- [main] org.hibernate.SQL                        : create table customers (id bigint generated by default as identity, commune varchar(255), customer_type varchar(255), latitude float(53), longitude float(53), name varchar(255), owner_name varchar(255), total_debt float(53), total_revenue float(53), wilaya varchar(255), primary key (id))
2026-02-08T09:15:24.702+01:00 DEBUG 9880 --- [main] org.hibernate.SQL                        : create table delivery_order_note (id bigint generated by default as identity, creation_date TIMESTAMP DEFAULT CURRENT_TIMESTAMP not null, total_price float(53), total_quantity integer not null, total_quantity_pack integer not null, delivery_person_id bigint, order_id bigint, prepared_person_id bigint, primary key (id))
2026-02-08T09:15:24.703+01:00 DEBUG 9880 --- [main] org.hibernate.SQL                        : create table exit_commercial_order_note (id bigint generated by default as identity, creation_date TIMESTAMP DEFAULT CURRENT_TIMESTAMP not null, total_price float(53), total_quantity integer not null, total_quantity_pack integer not null, commercial_order_id bigint not null, delivery_person_id bigint, prepared_person_id bigint, primary key (id))
2026-02-08T09:15:24.703+01:00 DEBUG 9880 --- [main] org.hibernate.SQL                        : create table exit_order_note (id bigint generated by default as identity, creation_date TIMESTAMP DEFAULT CURRENT_TIMESTAMP not null, total_price float(53), total_quantity integer not null, total_quantity_pack integer not null, delivery_person_id bigint, order_id bigint not null, prepared_person_id bigint, primary key (id))
2026-02-08T09:15:24.703+01:00 DEBUG 9880 --- [main] org.hibernate.SQL                        : create table order_lines (id bigint generated by default as identity, price float(53) not null, quantity integer not null, order_id bigint not null, pack_id bigint, product_id bigint, primary key (id))
2026-02-08T09:15:24.704+01:00 DEBUG 9880 --- [main] org.hibernate.SQL                        : create table order_note_lines (id bigint generated by default as identity, price float(53) not null, quantity integer not null, delivery_order_note_id bigint, exit_order_note_id bigint, pack_id bigint, product_id bigint, purchase_order_note_id bigint, primary key (id))
2026-02-08T09:15:24.704+01:00 DEBUG 9880 --- [main] org.hibernate.SQL                        : create table order_state_history (id bigint generated by default as identity, changed_date TIMESTAMP DEFAULT CURRENT_TIMESTAMP not null, new_state varchar(255), old_state varchar(255), prepared_person_id bigint, delivery_person_id bigint, order_id bigint not null, primary key (id))
2026-02-08T09:15:24.704+01:00 DEBUG 9880 --- [main] org.hibernate.SQL                        : create table orders (id bigint generated by default as identity, archived boolean not null, order_date TIMESTAMP DEFAULT CURRENT_TIMESTAMP not null, state varchar(255), total_price float(53) not null, customer_id bigint not null, user_id bigint not null, primary key (id))
2026-02-08T09:15:24.705+01:00 DEBUG 9880 --- [main] org.hibernate.SQL                        : create table pack_history (id bigint generated by default as identity, change_date TIMESTAMP DEFAULT CURRENT_TIMESTAMP not null, changed_by varchar(255), price float(53) not null, quantity integer not null, state boolean not null, pack_id bigint not null, primary key (id))
2026-02-08T09:15:24.707+01:00 DEBUG 9880 --- [main] org.hibernate.SQL                        : create table pack_products (id bigint generated by default as identity, quantity integer not null, pack_id bigint not null, product_id bigint not null, primary key (id))
2026-02-08T09:15:24.708+01:00 DEBUG 9880 --- [main] org.hibernate.SQL                        : create table packs (id bigint generated by default as identity, name varchar(50) not null, price float(53) not null, quantity integer not null, reserved_orders integer not null, state boolean not null, primary key (id))
2026-02-08T09:15:24.709+01:00 DEBUG 9880 --- [main] org.hibernate.SQL                        : create table product_history (id bigint generated by default as identity, action varchar(255), change_date TIMESTAMP DEFAULT CURRENT_TIMESTAMP not null, changed_by varchar(255), price float(53) not null, quantity integer not null, reserved_orders integer not null, reserved_packs integer not null, reserved_quantity integer not null, state boolean not null, product_id bigint not null, primary key (id))
2026-02-08T09:15:24.710+01:00 DEBUG 9880 --- [main] org.hibernate.SQL                        : create table products (id bigint generated by default as identity, bar_code varchar(255) not null, color varchar(50) not null, description varchar(255), mark varchar(50) not null, model varchar(50) not null, price float(53) not null, quantity integer not null, reserved_orders integer not null, reserved_packs integer not null, reserved_quantity integer not null, state boolean not null, type varchar(50) not null, primary key (id))
2026-02-08T09:15:24.711+01:00 DEBUG 9880 --- [main] org.hibernate.SQL                        : create table purchase_commercial_order_note (id bigint generated by default as identity, creation_date TIMESTAMP DEFAULT CURRENT_TIMESTAMP not null, total_price float(53), total_quantity integer not null, total_quantity_pack integer not null, commercial_order_id bigint, delivery_person_id bigint, prepared_person_id bigint, primary key (id))
2026-02-08T09:15:24.712+01:00 DEBUG 9880 --- [main] org.hibernate.SQL                        : create table purchase_order_note (id bigint generated by default as identity, creation_date TIMESTAMP DEFAULT CURRENT_TIMESTAMP not null, total_price float(53), total_quantity integer not null, total_quantity_pack integer not null, delivery_person_id bigint, order_id bigint, prepared_person_id bigint, primary key (id))
2026-02-08T09:15:24.713+01:00 DEBUG 9880 --- [main] org.hibernate.SQL                        : create table roles (id bigint generated by default as identity, name varchar(255), primary key (id))
2026-02-08T09:15:24.714+01:00 DEBUG 9880 --- [main] org.hibernate.SQL                        : create table stock_entry (id bigint generated by default as identity, entry_date date not null, entry_number varchar(50) not null, total_price float(53) not null, total_quantity integer not null, supplier_id bigint not null, primary key (id))
2026-02-08T09:15:24.714+01:00 DEBUG 9880 --- [main] org.hibernate.SQL                        : create table stock_entry_lines (id bigint generated by default as identity, price float(53) not null, quantity integer not null, product_id bigint not null, stock_entry_id bigint not null, primary key (id))
2026-02-08T09:15:24.715+01:00 DEBUG 9880 --- [main] org.hibernate.SQL                        : create table supplier (id bigint generated by default as identity, address varchar(255) not null, email varchar(255) not null, home_phone varchar(255) not null, mobile_phone varchar(255) not null, name varchar(255) not null, registration_date TIMESTAMP DEFAULT CURRENT_TIMESTAMP not null, state boolean not null, primary key (id))
2026-02-08T09:15:24.715+01:00 DEBUG 9880 --- [main] org.hibernate.SQL                        : create table users (id bigint generated by default as identity, cash_amount float(53), email varchar(255), enabled boolean not null, first_name varchar(255), last_name varchar(255), password varchar(255), user_name varchar(255), primary key (id))
2026-02-08T09:15:24.717+01:00 DEBUG 9880 --- [main] org.hibernate.SQL                        : create table users_roles (user_id bigint not null, role_id bigint not null, primary key (user_id, role_id))
2026-02-08T09:15:24.718+01:00 DEBUG 9880 --- [main] org.hibernate.SQL                        : create table withdrawal_transactions (id bigint generated by default as identity, amount float(53) not null, description varchar(255), withdrawal_date TIMESTAMP DEFAULT CURRENT_TIMESTAMP not null, cashier_id bigint not null, primary key (id))
2026-02-08T09:15:24.719+01:00 DEBUG 9880 --- [main] org.hibernate.SQL                        : alter table if exists packs add constraint UK_h4haowftrk59lb6jajfayq1ho unique (name)
2026-02-08T09:15:24.719+01:00 DEBUG 9880 --- [main] org.hibernate.SQL                        : alter table if exists products add constraint UK_ks7bl2r407pphq72vxpufxqn unique (bar_code)
2026-02-08T09:15:24.719+01:00 DEBUG 9880 --- [main] org.hibernate.SQL                        : alter table if exists stock_entry add constraint UK_262yph571i55hv9uevn44kwsy unique (entry_number)
2026-02-08T09:15:24.720+01:00 DEBUG 9880 --- [main] org.hibernate.SQL                        : alter table if exists users add constraint UK_k8d0f2n7n88w1a16yhua64onx unique (user_name)
2026-02-08T09:15:24.720+01:00 DEBUG 9880 --- [main] org.hibernate.SQL                        : alter table if exists cash_closure add constraint FKrd2x1lweun8gkekgew17pw0nw foreign key (cashier_id) references users
2026-02-08T09:15:24.721+01:00 DEBUG 9880 --- [main] org.hibernate.SQL                        : alter table if exists cash_register_transactions add constraint FKjtqmjf7s4rehssm4ujn4vkn80 foreign key (cashier_id) references users
2026-02-08T09:15:24.723+01:00 DEBUG 9880 --- [main] org.hibernate.SQL                        : alter table if exists cash_register_transactions add constraint FK2ib2wgd8woedfejgfgv65x11o foreign key (customer_id) references customers
2026-02-08T09:15:24.723+01:00 DEBUG 9880 --- [main] org.hibernate.SQL                        : alter table if exists cash_register_transactions add constraint FKnlv06ijanddf14lffo7a716wm foreign key (user_id) references users
2026-02-08T09:15:24.724+01:00 DEBUG 9880 --- [main] org.hibernate.SQL                        : alter table if exists commercial_order_lines add constraint FKlo4wl48940y98jt8tfyyrgvvy foreign key (commercial_order_id) references commercial_orders
2026-02-08T09:15:24.724+01:00 DEBUG 9880 --- [main] org.hibernate.SQL                        : alter table if exists commercial_order_lines add constraint FKd055j9phd6nyhma6qwpa1f1og foreign key (pack_id) references packs
2026-02-08T09:15:24.725+01:00 DEBUG 9880 --- [main] org.hibernate.SQL                        : alter table if exists commercial_order_lines add constraint FK89bs07930f5587lds515wo12d foreign key (product_id) references products
2026-02-08T09:15:24.725+01:00 DEBUG 9880 --- [main] org.hibernate.SQL                        : alter table if exists commercial_order_note_lines add constraint FKjhhkyeot431tv2jyui4od4cke foreign key (commercial_exit_order_note_id) references exit_commercial_order_note
2026-02-08T09:15:24.726+01:00 DEBUG 9880 --- [main] org.hibernate.SQL                        : alter table if exists commercial_order_note_lines add constraint FK9m3yn0cr6eymakv654fjytrlm foreign key (pack_id) references packs
2026-02-08T09:15:24.726+01:00 DEBUG 9880 --- [main] org.hibernate.SQL                        : alter table if exists commercial_order_note_lines add constraint FKely5x0k347y9m0eu7bwe94tvs foreign key (product_id) references products
2026-02-08T09:15:24.726+01:00 DEBUG 9880 --- [main] org.hibernate.SQL                        : alter table if exists commercial_order_note_lines add constraint FKdtmskpq2lcneru3mfcp3ihray foreign key (commercial_purchase_order_note_id) references purchase_commercial_order_note
2026-02-08T09:15:24.727+01:00 DEBUG 9880 --- [main] org.hibernate.SQL                        : alter table if exists commercial_order_state_history add constraint FKiyakjkla95gor0a856y0x0moc foreign key (prepared_person_id) references users
2026-02-08T09:15:24.727+01:00 DEBUG 9880 --- [main] org.hibernate.SQL                        : alter table if exists commercial_order_state_history add constraint FKmitfo6ougmsx0g9nqgpunsyyx foreign key (commercial_order_id) references commercial_orders
2026-02-08T09:15:24.728+01:00 DEBUG 9880 --- [main] org.hibernate.SQL                        : alter table if exists commercial_orders add constraint FKmtewlix9mgxijdwfb11gq5t4c foreign key (user_id) references users
2026-02-08T09:15:24.728+01:00 DEBUG 9880 --- [main] org.hibernate.SQL                        : alter table if exists commercial_stock add constraint FK1kbddxisqw3ab5fx4rca7632n foreign key (pack_id) references packs
2026-02-08T09:15:24.728+01:00 DEBUG 9880 --- [main] org.hibernate.SQL                        : alter table if exists commercial_stock add constraint FKcyvs1kqn9c27fpesse6qloxbr foreign key (product_id) references products
2026-02-08T09:15:24.730+01:00 DEBUG 9880 --- [main] org.hibernate.SQL                        : alter table if exists commercial_stock add constraint FK5akggoccm2129nbrbm3so737s foreign key (commercial_id) references users
2026-02-08T09:15:24.730+01:00 DEBUG 9880 --- [main] org.hibernate.SQL                        : alter table if exists commercial_stock_history add constraint FK9do0j97cij4lqo76tfnkue5mq foreign key (pack_id) references packs
2026-02-08T09:15:24.730+01:00 DEBUG 9880 --- [main] org.hibernate.SQL                        : alter table if exists commercial_stock_history add constraint FKs6mm3p8qj0hxxg9b6e6h2n4iv foreign key (product_id) references products
2026-02-08T09:15:24.731+01:00 DEBUG 9880 --- [main] org.hibernate.SQL                        : alter table if exists commercial_stock_history add constraint FKl3jyganbgn34iwr6sq0t21xcu foreign key (commercial_id) references users
2026-02-08T09:15:24.731+01:00 DEBUG 9880 --- [main] org.hibernate.SQL                        : alter table if exists delivery_order_note add constraint FKse29wynt05p3wlt94fywujls5 foreign key (delivery_person_id) references users
2026-02-08T09:15:24.732+01:00 DEBUG 9880 --- [main] org.hibernate.SQL                        : alter table if exists delivery_order_note add constraint FK7r5gth9xd9w5kwkqy1r4myhs foreign key (order_id) references orders
2026-02-08T09:15:24.732+01:00 DEBUG 9880 --- [main] org.hibernate.SQL                        : alter table if exists delivery_order_note add constraint FKpl9bs1lo5bdb2nnr6nw3lcl4i foreign key (prepared_person_id) references users
2026-02-08T09:15:24.732+01:00 DEBUG 9880 --- [main] org.hibernate.SQL                        : alter table if exists exit_commercial_order_note add constraint FK4pcfhwfrg08i3ong30rag00ue foreign key (commercial_order_id) references commercial_orders
2026-02-08T09:15:24.733+01:00 DEBUG 9880 --- [main] org.hibernate.SQL                        : alter table if exists exit_commercial_order_note add constraint FK16ro0jrdrx7cvgk524u30yu9w foreign key (delivery_person_id) references users
2026-02-08T09:15:24.733+01:00 DEBUG 9880 --- [main] org.hibernate.SQL                        : alter table if exists exit_commercial_order_note add constraint FKle7nmcsddvnfdhn7qs9u34h10 foreign key (prepared_person_id) references users
2026-02-08T09:15:24.735+01:00 DEBUG 9880 --- [main] org.hibernate.SQL                        : alter table if exists exit_order_note add constraint FKqc8xdg7c0smqx0ycdp2w30dsx foreign key (delivery_person_id) references users
2026-02-08T09:15:24.735+01:00 DEBUG 9880 --- [main] org.hibernate.SQL                        : alter table if exists exit_order_note add constraint FKorcdku2li7b7cnhg3mk4nsly6 foreign key (order_id) references orders
2026-02-08T09:15:24.736+01:00 DEBUG 9880 --- [main] org.hibernate.SQL                        : alter table if exists exit_order_note add constraint FKhp50568yditx1ow6igjubgy6v foreign key (prepared_person_id) references users
2026-02-08T09:15:24.736+01:00 DEBUG 9880 --- [main] org.hibernate.SQL                        : alter table if exists order_lines add constraint FK1smc0s578t2oih21yn9hw6usr foreign key (order_id) references orders
2026-02-08T09:15:24.737+01:00 DEBUG 9880 --- [main] org.hibernate.SQL                        : alter table if exists order_lines add constraint FKl8ceuepccyx4bj25273d8k0v6 foreign key (pack_id) references packs
2026-02-08T09:15:24.737+01:00 DEBUG 9880 --- [main] org.hibernate.SQL                        : alter table if exists order_lines add constraint FK5v1oeejtgtf2n3toppm3tkuhh foreign key (product_id) references products
2026-02-08T09:15:24.738+01:00 DEBUG 9880 --- [main] org.hibernate.SQL                        : alter table if exists order_note_lines add constraint FKgvcf46qmm3xp8pdqe317pfvs3 foreign key (delivery_order_note_id) references delivery_order_note
2026-02-08T09:15:24.739+01:00 DEBUG 9880 --- [main] org.hibernate.SQL                        : alter table if exists order_note_lines add constraint FK4b4ypnm8k9d5nvq7pd1pshy9q foreign key (exit_order_note_id) references exit_order_note
2026-02-08T09:15:24.739+01:00 DEBUG 9880 --- [main] org.hibernate.SQL                        : alter table if exists order_note_lines add constraint FKmls3b2hljnexj5j0vnwrkl86q foreign key (pack_id) references packs
2026-02-08T09:15:24.741+01:00 DEBUG 9880 --- [main] org.hibernate.SQL                        : alter table if exists order_note_lines add constraint FKsa2t36dkfg54uux9t622yhsui foreign key (product_id) references products
2026-02-08T09:15:24.741+01:00 DEBUG 9880 --- [main] org.hibernate.SQL                        : alter table if exists order_note_lines add constraint FKal336wsjfcuudbkcpdnm4cy7b foreign key (purchase_order_note_id) references purchase_order_note
2026-02-08T09:15:24.742+01:00 DEBUG 9880 --- [main] org.hibernate.SQL                        : alter table if exists order_state_history add constraint FKcg88oi3mth4oplkpchwyhmir2 foreign key (prepared_person_id) references users
2026-02-08T09:15:24.742+01:00 DEBUG 9880 --- [main] org.hibernate.SQL                        : alter table if exists order_state_history add constraint FKgbctjwurfomrrv7140oevs4dq foreign key (delivery_person_id) references users
2026-02-08T09:15:24.743+01:00 DEBUG 9880 --- [main] org.hibernate.SQL                        : alter table if exists order_state_history add constraint FKeduyptxl4cn9kdk96nnq3umqu foreign key (order_id) references orders
2026-02-08T09:15:24.743+01:00 DEBUG 9880 --- [main] org.hibernate.SQL                        : alter table if exists orders add constraint FKpxtb8awmi0dk6smoh2vp1litg foreign key (customer_id) references customers
2026-02-08T09:15:24.744+01:00 DEBUG 9880 --- [main] org.hibernate.SQL                        : alter table if exists orders add constraint FK32ql8ubntj5uh44ph9659tiih foreign key (user_id) references users
2026-02-08T09:15:24.744+01:00 DEBUG 9880 --- [main] org.hibernate.SQL                        : alter table if exists pack_history add constraint FKh48yhjw0rfwnjgc52765sn8dt foreign key (pack_id) references packs
2026-02-08T09:15:24.745+01:00 DEBUG 9880 --- [main] org.hibernate.SQL                        : alter table if exists pack_products add constraint FK1c9udxtvdlrmpwjyt5tabcg6 foreign key (pack_id) references packs
2026-02-08T09:15:24.746+01:00 DEBUG 9880 --- [main] org.hibernate.SQL                        : alter table if exists pack_products add constraint FK5g5fbgbp6bjsc9shu80dc8wv2 foreign key (product_id) references products
2026-02-08T09:15:24.746+01:00 DEBUG 9880 --- [main] org.hibernate.SQL                        : alter table if exists product_history add constraint FKtopf9w1y5sgbtfnpyd11ry2hp foreign key (product_id) references products
2026-02-08T09:15:24.747+01:00 DEBUG 9880 --- [main] org.hibernate.SQL                        : alter table if exists purchase_commercial_order_note add constraint FK8yoogupmpvn5qewowfmcx8utq foreign key (commercial_order_id) references commercial_orders
2026-02-08T09:15:24.747+01:00 DEBUG 9880 --- [main] org.hibernate.SQL                        : alter table if exists purchase_commercial_order_note add constraint FKbwf7cn5qa6yiox6dhg2v67wgw foreign key (delivery_person_id) references users
2026-02-08T09:15:24.747+01:00 DEBUG 9880 --- [main] org.hibernate.SQL                        : alter table if exists purchase_commercial_order_note add constraint FKg9hcyw2duo1yu7ptbionhsg8o foreign key (prepared_person_id) references users
2026-02-08T09:15:24.748+01:00 DEBUG 9880 --- [main] org.hibernate.SQL                        : alter table if exists purchase_order_note add constraint FKtb9ita6olymvw5jds7lqs0lew foreign key (delivery_person_id) references users
2026-02-08T09:15:24.748+01:00 DEBUG 9880 --- [main] org.hibernate.SQL                        : alter table if exists purchase_order_note add constraint FKppgvqtqkme4eujqa046bc5uqv foreign key (order_id) references orders
2026-02-08T09:15:24.749+01:00 DEBUG 9880 --- [main] org.hibernate.SQL                        : alter table if exists purchase_order_note add constraint FKsftbn1ktb60bqkc32bhlbldpf foreign key (prepared_person_id) references users
2026-02-08T09:15:24.749+01:00 DEBUG 9880 --- [main] org.hibernate.SQL                        : alter table if exists stock_entry add constraint FK41qcqrnvt9typ0xmxs96r4hsx foreign key (supplier_id) references supplier
2026-02-08T09:15:24.749+01:00 DEBUG 9880 --- [main] org.hibernate.SQL                        : alter table if exists stock_entry_lines add constraint FKgrfhf2q8nr16i5tafh9x7ajh3 foreign key (product_id) references products
2026-02-08T09:15:24.750+01:00 DEBUG 9880 --- [main] org.hibernate.SQL                        : alter table if exists stock_entry_lines add constraint FKc0runu4jcffnjp1pgj2jq13qp foreign key (stock_entry_id) references stock_entry
2026-02-08T09:15:24.751+01:00 DEBUG 9880 --- [main] org.hibernate.SQL                        : alter table if exists users_roles add constraint FKj6m8fwv7oqv74fcehir1a9ffy foreign key (role_id) references roles
2026-02-08T09:15:24.752+01:00 DEBUG 9880 --- [main] org.hibernate.SQL                        : alter table if exists users_roles add constraint FK2o0jvgh89lemvvo17cbqvdxaa foreign key (user_id) references users
2026-02-08T09:15:24.753+01:00 DEBUG 9880 --- [main] org.hibernate.SQL                        : alter table if exists withdrawal_transactions add constraint FKgskadk1u3rgr40g0xc8s13r50 foreign key (cashier_id) references users
2026-02-08T09:15:24.755+01:00  INFO 9880 --- [main] o.h.e.t.j.p.i.JtaPlatformInitiator       : HHH000490: Using JtaPlatform implementation: [org.hibernate.engine.transaction.jta.platform.internal.NoJtaPlatform]
2026-02-08T09:15:24.755+01:00 TRACE 9880 --- [main] o.h.type.spi.TypeConfiguration$Scope     : Handling #sessionFactoryCreated from [org.hibernate.internal.SessionFactoryImpl@4efcf5a4] for TypeConfiguration
2026-02-08T09:15:24.755+01:00  INFO 9880 --- [main] j.LocalContainerEntityManagerFactoryBean : Initialized JPA EntityManagerFactory for persistence unit 'default'
2026-02-08T09:15:25.010+01:00  WARN 9880 --- [main] JpaBaseConfiguration$JpaWebConfiguration : spring.jpa.open-in-view is enabled by default. Therefore, database queries may be performed during view rendering. Explicitly configure spring.jpa.open-in-view to disable this warning
2026-02-08T09:15:25.020+01:00  INFO 9880 --- [main] o.s.b.a.w.s.WelcomePageHandlerMapping    : Adding welcome page template: index
2026-02-08T09:15:25.062+01:00  INFO 9880 --- [main] o.s.b.a.e.web.EndpointLinksResolver      : Exposing 1 endpoint(s) beneath base path '/actuator'
2026-02-08T09:15:25.080+01:00  INFO 9880 --- [main] o.s.s.web.DefaultSecurityFilterChain     : Will secure any request with [org.springframework.security.web.session.DisableEncodeUrlFilter@39b88618, org.springframework.security.web.context.request.async.WebAsyncManagerIntegrationFilter@4460c723, org.springframework.security.web.context.SecurityContextHolderFilter@187f107, org.springframework.security.web.header.HeaderWriterFilter@5069b3c6, org.springframework.security.web.csrf.CsrfFilter@6216b817, org.springframework.security.web.authentication.logout.LogoutFilter@4aa20aac, org.springframework.security.web.authentication.UsernamePasswordAuthenticationFilter@639517ac, org.springframework.security.web.savedrequest.RequestCacheAwareFilter@56062720, org.springframework.security.web.servletapi.SecurityContextHolderAwareRequestFilter@69f9ab8a, org.springframework.security.web.authentication.AnonymousAuthenticationFilter@1749ed56, org.springframework.security.web.access.ExceptionTranslationFilter@36f1262c, org.springframework.security.web.access.intercept.AuthorizationFilter@9fb4031]
2026-02-08T09:15:25.147+01:00  INFO 9880 --- [main] c.e.l.StockEntryServiceIntegrationTest   : Started StockEntryServiceIntegrationTest in 0.992 seconds (process running for 8.697)
2026-02-08T09:15:25.162+01:00 DEBUG 9880 --- [main] org.hibernate.SQL                        : insert into supplier (id, address, email, home_phone, mobile_phone, name, state) values (default, ?, ?, ?, ?, ?, ?)
2026-02-08T09:15:25.166+01:00 DEBUG 9880 --- [main] org.hibernate.SQL                        : insert into products (id, bar_code, color, description, mark, model, price, quantity, reserved_orders, reserved_packs, reserved_quantity, state, type) values (default, ?, ?, ?, ?, ?, ?, ?, ?, ?, ?, ?, ?)
2026-02-08T09:15:25.167+01:00 DEBUG 9880 --- [main] org.hibernate.SQL                        : insert into product_history (id, action, changed_by, price, product_id, quantity, reserved_orders, reserved_packs, reserved_quantity, state) values (default, ?, ?, ?, ?, ?, ?, ?, ?, ?)
2026-02-08T09:15:25.169+01:00 DEBUG 9880 --- [main] org.hibernate.SQL                        : insert into products (id, bar_code, color, description, mark, model, price, quantity, reserved_orders, reserved_packs, reserved_quantity, state, type) values (default, ?, ?, ?, ?, ?, ?, ?, ?, ?, ?, ?, ?)
2026-02-08T09:15:25.169+01:00 DEBUG 9880 --- [main] org.hibernate.SQL                        : insert into product_history (id, action, changed_by, price, product_id, quantity, reserved_orders, reserved_packs, reserved_quantity, state) values (default, ?, ?, ?, ?, ?, ?, ?, ?, ?)
2026-02-08T09:15:25.170+01:00 DEBUG 9880 --- [main] org.hibernate.SQL                        : select p1_0.id,p1_0.bar_code,p1_0.color,p1_0.description,p1_0.mark,p1_0.model,p1_0.price,p1_0.quantity,p1_0.reserved_orders,p1_0.reserved_packs,p1_0.reserved_quantity,p1_0.state,p1_0.type from products p1_0 where p1_0.id=?
2026-02-08T09:15:25.172+01:00 DEBUG 9880 --- [main] org.hibernate.SQL                        : select p1_0.id,p1_0.bar_code,p1_0.color,p1_0.description,p1_0.mark,p1_0.model,p1_0.price,p1_0.quantity,p1_0.reserved_orders,p1_0.reserved_packs,p1_0.reserved_quantity,p1_0.state,p1_0.type from products p1_0 where p1_0.id=?
2026-02-08T09:15:25.177+01:00 DEBUG 9880 --- [main] org.hibernate.SQL                        : insert into stock_entry (id, entry_date, entry_number, supplier_id, total_price, total_quantity) values (default, ?, ?, ?, ?, ?)
2026-02-08T09:15:25.179+01:00 DEBUG 9880 --- [main] org.hibernate.SQL                        : select p1_0.id,p1_0.bar_code,p1_0.color,p1_0.description,p1_0.mark,p1_0.model,p1_0.price,p1_0.quantity,p1_0.reserved_orders,p1_0.reserved_packs,p1_0.reserved_quantity,p1_0.state,p1_0.type from products p1_0 where p1_0.id=?
2026-02-08T09:15:25.179+01:00 DEBUG 9880 --- [main] org.hibernate.SQL                        : insert into stock_entry_lines (id, price, product_id, quantity, stock_entry_id) values (default, ?, ?, ?, ?)
2026-02-08T09:15:25.180+01:00 DEBUG 9880 --- [main] org.hibernate.SQL                        : insert into product_history (id, action, changed_by, price, product_id, quantity, reserved_orders, reserved_packs, reserved_quantity, state) values (default, ?, ?, ?, ?, ?, ?, ?, ?, ?)
2026-02-08T09:15:25.181+01:00 DEBUG 9880 --- [main] org.hibernate.SQL                        : select p1_0.id,p1_0.bar_code,p1_0.color,p1_0.description,p1_0.mark,p1_0.model,p1_0.price,p1_0.quantity,p1_0.reserved_orders,p1_0.reserved_packs,p1_0.reserved_quantity,p1_0.state,p1_0.type from products p1_0 where p1_0.id=?
2026-02-08T09:15:25.181+01:00 DEBUG 9880 --- [main] org.hibernate.SQL                        : insert into stock_entry_lines (id, price, product_id, quantity, stock_entry_id) values (default, ?, ?, ?, ?)
2026-02-08T09:15:25.182+01:00 DEBUG 9880 --- [main] org.hibernate.SQL                        : insert into product_history (id, action, changed_by, price, product_id, quantity, reserved_orders, reserved_packs, reserved_quantity, state) values (default, ?, ?, ?, ?, ?, ?, ?, ?, ?)
2026-02-08T09:15:25.183+01:00 DEBUG 9880 --- [main] org.hibernate.SQL                        : update stock_entry set entry_date=?, entry_number=?, supplier_id=?, total_price=?, total_quantity=? where id=?
2026-02-08T09:15:25.183+01:00 DEBUG 9880 --- [main] org.hibernate.SQL                        : update products set bar_code=?, color=?, description=?, mark=?, model=?, price=?, quantity=?, reserved_orders=?, reserved_packs=?, reserved_quantity=?, state=?, type=? where id=?
2026-02-08T09:15:25.184+01:00 DEBUG 9880 --- [main] org.hibernate.SQL                        : update products set bar_code=?, color=?, description=?, mark=?, model=?, price=?, quantity=?, reserved_orders=?, reserved_packs=?, reserved_quantity=?, state=?, type=? where id=?
2026-02-08T09:15:25.186+01:00 DEBUG 9880 --- [main] org.hibernate.SQL                        : select s1_0.id,s1_0.entry_date,s1_0.entry_number,s2_0.id,s2_0.address,s2_0.email,s2_0.home_phone,s2_0.mobile_phone,s2_0.name,s2_0.registration_date,s2_0.state,s1_0.total_price,s1_0.total_quantity from stock_entry s1_0 join supplier s2_0 on s2_0.id=s1_0.supplier_id where s1_0.id=?
2026-02-08T09:15:25.190+01:00 DEBUG 9880 --- [main] org.hibernate.SQL                        : select s1_0.id,s1_0.price,s1_0.product_id,s1_0.quantity,s1_0.stock_entry_id from stock_entry_lines s1_0 where s1_0.stock_entry_id=?
2026-02-08T09:15:25.190+01:00 DEBUG 9880 --- [main] org.hibernate.SQL                        : select p1_0.id,p1_0.bar_code,p1_0.color,p1_0.description,p1_0.mark,p1_0.model,p1_0.price,p1_0.quantity,p1_0.reserved_orders,p1_0.reserved_packs,p1_0.reserved_quantity,p1_0.state,p1_0.type from products p1_0 where p1_0.id=?
2026-02-08T09:15:25.191+01:00 DEBUG 9880 --- [main] org.hibernate.SQL                        : select s1_0.id,s1_0.entry_date,s1_0.entry_number,s2_0.id,s2_0.address,s2_0.email,s2_0.home_phone,s2_0.mobile_phone,s2_0.name,s2_0.registration_date,s2_0.state,s1_0.total_price,s1_0.total_quantity from stock_entry s1_0 join supplier s2_0 on s2_0.id=s1_0.supplier_id where s1_0.id=?
2026-02-08T09:15:25.192+01:00 DEBUG 9880 --- [main] org.hibernate.SQL                        : select p1_0.id,p1_0.bar_code,p1_0.color,p1_0.description,p1_0.mark,p1_0.model,p1_0.price,p1_0.quantity,p1_0.reserved_orders,p1_0.reserved_packs,p1_0.reserved_quantity,p1_0.state,p1_0.type from products p1_0 where p1_0.id=?
2026-02-08T09:15:25.193+01:00 DEBUG 9880 --- [main] org.hibernate.SQL                        : select p1_0.id,p1_0.bar_code,p1_0.color,p1_0.description,p1_0.mark,p1_0.model,p1_0.price,p1_0.quantity,p1_0.reserved_orders,p1_0.reserved_packs,p1_0.reserved_quantity,p1_0.state,p1_0.type from products p1_0 where p1_0.id=?
2026-02-08T09:15:25.194+01:00 DEBUG 9880 --- [main] org.hibernate.SQL                        : select p1_0.id,p1_0.bar_code,p1_0.color,p1_0.description,p1_0.mark,p1_0.model,p1_0.price,p1_0.quantity,p1_0.reserved_orders,p1_0.reserved_packs,p1_0.reserved_quantity,p1_0.state,p1_0.type from products p1_0 where p1_0.id=?
2026-02-08T09:15:25.198+01:00  INFO 9880 --- [main] j.LocalContainerEntityManagerFactoryBean : Closing JPA EntityManagerFactory for persistence unit 'default'
2026-02-08T09:15:25.199+01:00  INFO 9880 --- [main] .SchemaDropperImpl$DelayedDropActionImpl : HHH000477: Starting delayed evictData of schema as part of SessionFactory shut-down'
2026-02-08T09:15:25.199+01:00 DEBUG 9880 --- [main] org.hibernate.SQL                        : drop table if exists cash_closure cascade 
2026-02-08T09:15:25.200+01:00 DEBUG 9880 --- [main] org.hibernate.SQL                        : drop table if exists cash_register_transactions cascade 
2026-02-08T09:15:25.200+01:00 DEBUG 9880 --- [main] org.hibernate.SQL                        : drop table if exists commercial_order_lines cascade 
2026-02-08T09:15:25.201+01:00 DEBUG 9880 --- [main] org.hibernate.SQL                        : drop table if exists commercial_order_note_lines cascade 
2026-02-08T09:15:25.202+01:00 DEBUG 9880 --- [main] org.hibernate.SQL                        : drop table if exists commercial_order_state_history cascade 
2026-02-08T09:15:25.203+01:00 DEBUG 9880 --- [main] org.hibernate.SQL                        : drop table if exists commercial_orders cascade 
2026-02-08T09:15:25.203+01:00 DEBUG 9880 --- [main] org.hibernate.SQL                        : drop table if exists commercial_stock cascade 
2026-02-08T09:15:25.204+01:00 DEBUG 9880 --- [main] org.hibernate.SQL                        : drop table if exists commercial_stock_history cascade 
2026-02-08T09:15:25.204+01:00 DEBUG 9880 --- [main] org.hibernate.SQL                        : drop table if exists customers cascade 
2026-02-08T09:15:25.204+01:00 DEBUG 9880 --- [main] org.hibernate.SQL                        : drop table if exists delivery_order_note cascade 
2026-02-08T09:15:25.204+01:00 DEBUG 9880 --- [main] org.hibernate.SQL                        : drop table if exists exit_commercial_order_note cascade 
2026-02-08T09:15:25.205+01:00 DEBUG 9880 --- [main] org.hibernate.SQL                        : drop table if exists exit_order_note cascade 
2026-02-08T09:15:25.205+01:00 DEBUG 9880 --- [main] org.hibernate.SQL                        : drop table if exists order_lines cascade 
2026-02-08T09:15:25.206+01:00 DEBUG 9880 --- [main] org.hibernate.SQL                        : drop table if exists order_note_lines cascade 
2026-02-08T09:15:25.207+01:00 DEBUG 9880 --- [main] org.hibernate.SQL                        : drop table if exists order_state_history cascade 
2026-02-08T09:15:25.207+01:00 DEBUG 9880 --- [main] org.hibernate.SQL                        : drop table if exists orders cascade 
2026-02-08T09:15:25.208+01:00 DEBUG 9880 --- [main] org.hibernate.SQL                        : drop table if exists pack_history cascade 
2026-02-08T09:15:25.208+01:00 DEBUG 9880 --- [main] org.hibernate.SQL                        : drop table if exists pack_products cascade 
2026-02-08T09:15:25.208+01:00 DEBUG 9880 --- [main] org.hibernate.SQL                        : drop table if exists packs cascade 
2026-02-08T09:15:25.208+01:00 DEBUG 9880 --- [main] org.hibernate.SQL                        : drop table if exists product_history cascade 
2026-02-08T09:15:25.209+01:00 DEBUG 9880 --- [main] org.hibernate.SQL                        : drop table if exists products cascade 
2026-02-08T09:15:25.210+01:00 DEBUG 9880 --- [main] org.hibernate.SQL                        : drop table if exists purchase_commercial_order_note cascade 
2026-02-08T09:15:25.210+01:00 DEBUG 9880 --- [main] org.hibernate.SQL                        : drop table if exists purchase_order_note cascade 
2026-02-08T09:15:25.211+01:00 DEBUG 9880 --- [main] org.hibernate.SQL                        : drop table if exists roles cascade 
2026-02-08T09:15:25.212+01:00 DEBUG 9880 --- [main] org.hibernate.SQL                        : drop table if exists stock_entry cascade 
2026-02-08T09:15:25.212+01:00 DEBUG 9880 --- [main] org.hibernate.SQL                        : drop table if exists stock_entry_lines cascade 
2026-02-08T09:15:25.212+01:00 DEBUG 9880 --- [main] org.hibernate.SQL                        : drop table if exists supplier cascade 
2026-02-08T09:15:25.213+01:00 DEBUG 9880 --- [main] org.hibernate.SQL                        : drop table if exists users cascade 
2026-02-08T09:15:25.213+01:00 DEBUG 9880 --- [main] org.hibernate.SQL                        : drop table if exists users_roles cascade 
2026-02-08T09:15:25.213+01:00 DEBUG 9880 --- [main] org.hibernate.SQL                        : drop table if exists withdrawal_transactions cascade 
2026-02-08T09:15:25.213+01:00 TRACE 9880 --- [main] o.h.type.spi.TypeConfiguration$Scope     : Handling #sessionFactoryClosed from [org.hibernate.internal.SessionFactoryImpl@4efcf5a4] for TypeConfiguration
2026-02-08T09:15:25.214+01:00 DEBUG 9880 --- [main] o.h.type.spi.TypeConfiguration$Scope     : Un-scoping TypeConfiguration [org.hibernate.type.spi.TypeConfiguration$Scope@3506d61e] from SessionFactory [org.hibernate.internal.SessionFactoryImpl@4efcf5a4]
2026-02-08T09:15:25.214+01:00  INFO 9880 --- [main] com.zaxxer.hikari.HikariDataSource       : HikariPool-3 - Shutdown initiated...
2026-02-08T09:15:25.216+01:00  INFO 9880 --- [main] com.zaxxer.hikari.HikariDataSource       : HikariPool-3 - Shutdown completed.
2026-02-08T09:42:14.658+01:00  INFO 11908 --- [main] c.e.livapp.PackServiceIntegrationTest    : Starting PackServiceIntegrationTest using Java 21.0.8 with PID 11908 (started by ESI in C:\Users\ESI\IdeaProjects\jenkins)
2026-02-08T09:42:14.664+01:00  INFO 11908 --- [main] c.e.livapp.PackServiceIntegrationTest    : No active profile set, falling back to 1 default profile: "default"
2026-02-08T09:42:16.039+01:00  INFO 11908 --- [main] .s.d.r.c.RepositoryConfigurationDelegate : Bootstrapping Spring Data JPA repositories in DEFAULT mode.
2026-02-08T09:42:16.274+01:00  INFO 11908 --- [main] .s.d.r.c.RepositoryConfigurationDelegate : Finished Spring Data repository scanning in 227 ms. Found 27 JPA repository interfaces.
2026-02-08T09:42:17.703+01:00  INFO 11908 --- [main] o.hibernate.jpa.internal.util.LogHelper  : HHH000204: Processing PersistenceUnitInfo [name: default]
2026-02-08T09:42:17.806+01:00  INFO 11908 --- [main] org.hibernate.Version                    : HHH000412: Hibernate ORM core version 6.1.5.Final
2026-02-08T09:42:17.904+01:00  WARN 11908 --- [main] org.hibernate.orm.deprecation            : HHH90000021: Encountered deprecated setting [javax.persistence.sharedCache.mode], use [jakarta.persistence.sharedCache.mode] instead
2026-02-08T09:42:18.004+01:00 DEBUG 11908 --- [main] o.h.t.d.jdbc.spi.JdbcTypeRegistry        : addDescriptor(FloatTypeDescriptor) replaced previous registration(DoubleTypeDescriptor)
2026-02-08T09:42:18.004+01:00 DEBUG 11908 --- [main] org.hibernate.type.BasicTypeRegistry     : Adding type registration boolean -> org.hibernate.type.BasicTypeReference@64f3991e
2026-02-08T09:42:18.004+01:00 DEBUG 11908 --- [main] org.hibernate.type.BasicTypeRegistry     : Adding type registration boolean -> org.hibernate.type.BasicTypeReference@64f3991e
2026-02-08T09:42:18.004+01:00 DEBUG 11908 --- [main] org.hibernate.type.BasicTypeRegistry     : Adding type registration java.lang.Boolean -> org.hibernate.type.BasicTypeReference@64f3991e
2026-02-08T09:42:18.004+01:00 DEBUG 11908 --- [main] org.hibernate.type.BasicTypeRegistry     : Adding type registration numeric_boolean -> org.hibernate.type.BasicTypeReference@39e3ea78
2026-02-08T09:42:18.004+01:00 DEBUG 11908 --- [main] org.hibernate.type.BasicTypeRegistry     : Adding type registration org.hibernate.type.NumericBooleanConverter -> org.hibernate.type.BasicTypeReference@39e3ea78
2026-02-08T09:42:18.004+01:00 DEBUG 11908 --- [main] org.hibernate.type.BasicTypeRegistry     : Adding type registration true_false -> org.hibernate.type.BasicTypeReference@35e689a0
2026-02-08T09:42:18.004+01:00 DEBUG 11908 --- [main] org.hibernate.type.BasicTypeRegistry     : Adding type registration org.hibernate.type.TrueFalseConverter -> org.hibernate.type.BasicTypeReference@35e689a0
2026-02-08T09:42:18.004+01:00 DEBUG 11908 --- [main] org.hibernate.type.BasicTypeRegistry     : Adding type registration yes_no -> org.hibernate.type.BasicTypeReference@43b6cb1c
2026-02-08T09:42:18.004+01:00 DEBUG 11908 --- [main] org.hibernate.type.BasicTypeRegistry     : Adding type registration org.hibernate.type.YesNoConverter -> org.hibernate.type.BasicTypeReference@43b6cb1c
2026-02-08T09:42:18.004+01:00 DEBUG 11908 --- [main] org.hibernate.type.BasicTypeRegistry     : Adding type registration byte -> org.hibernate.type.BasicTypeReference@3bf5911d
2026-02-08T09:42:18.004+01:00 DEBUG 11908 --- [main] org.hibernate.type.BasicTypeRegistry     : Adding type registration byte -> org.hibernate.type.BasicTypeReference@3bf5911d
2026-02-08T09:42:18.004+01:00 DEBUG 11908 --- [main] org.hibernate.type.BasicTypeRegistry     : Adding type registration java.lang.Byte -> org.hibernate.type.BasicTypeReference@3bf5911d
2026-02-08T09:42:18.004+01:00 DEBUG 11908 --- [main] org.hibernate.type.BasicTypeRegistry     : Adding type registration binary -> org.hibernate.type.BasicTypeReference@1de30c31
2026-02-08T09:42:18.004+01:00 DEBUG 11908 --- [main] org.hibernate.type.BasicTypeRegistry     : Adding type registration byte[] -> org.hibernate.type.BasicTypeReference@1de30c31
2026-02-08T09:42:18.004+01:00 DEBUG 11908 --- [main] org.hibernate.type.BasicTypeRegistry     : Adding type registration [B -> org.hibernate.type.BasicTypeReference@1de30c31
2026-02-08T09:42:18.004+01:00 DEBUG 11908 --- [main] org.hibernate.type.BasicTypeRegistry     : Adding type registration binary_wrapper -> org.hibernate.type.BasicTypeReference@1cc93da4
2026-02-08T09:42:18.004+01:00 DEBUG 11908 --- [main] org.hibernate.type.BasicTypeRegistry     : Adding type registration wrapper-binary -> org.hibernate.type.BasicTypeReference@1cc93da4
2026-02-08T09:42:18.004+01:00 DEBUG 11908 --- [main] org.hibernate.type.BasicTypeRegistry     : Adding type registration Byte[] -> org.hibernate.type.BasicTypeReference@1cc93da4
2026-02-08T09:42:18.004+01:00 DEBUG 11908 --- [main] org.hibernate.type.BasicTypeRegistry     : Adding type registration [Ljava.lang.Byte; -> org.hibernate.type.BasicTypeReference@1cc93da4
2026-02-08T09:42:18.004+01:00 DEBUG 11908 --- [main] org.hibernate.type.BasicTypeRegistry     : Adding type registration image -> org.hibernate.type.BasicTypeReference@69d2fb0a
2026-02-08T09:42:18.004+01:00 DEBUG 11908 --- [main] org.hibernate.type.BasicTypeRegistry     : Adding type registration blob -> org.hibernate.type.BasicTypeReference@7e38e254
2026-02-08T09:42:18.004+01:00 DEBUG 11908 --- [main] org.hibernate.type.BasicTypeRegistry     : Adding type registration java.sql.Blob -> org.hibernate.type.BasicTypeReference@7e38e254
2026-02-08T09:42:18.004+01:00 DEBUG 11908 --- [main] org.hibernate.type.BasicTypeRegistry     : Adding type registration materialized_blob -> org.hibernate.type.BasicTypeReference@7b3feb26
2026-02-08T09:42:18.004+01:00 DEBUG 11908 --- [main] org.hibernate.type.BasicTypeRegistry     : Adding type registration materialized_blob_wrapper -> org.hibernate.type.BasicTypeReference@2e4ecdf8
2026-02-08T09:42:18.004+01:00 DEBUG 11908 --- [main] org.hibernate.type.BasicTypeRegistry     : Adding type registration short -> org.hibernate.type.BasicTypeReference@503a7990
2026-02-08T09:42:18.004+01:00 DEBUG 11908 --- [main] org.hibernate.type.BasicTypeRegistry     : Adding type registration short -> org.hibernate.type.BasicTypeReference@503a7990
2026-02-08T09:42:18.004+01:00 DEBUG 11908 --- [main] org.hibernate.type.BasicTypeRegistry     : Adding type registration java.lang.Short -> org.hibernate.type.BasicTypeReference@503a7990
2026-02-08T09:42:18.004+01:00 DEBUG 11908 --- [main] org.hibernate.type.BasicTypeRegistry     : Adding type registration integer -> org.hibernate.type.BasicTypeReference@69a90b81
2026-02-08T09:42:18.004+01:00 DEBUG 11908 --- [main] org.hibernate.type.BasicTypeRegistry     : Adding type registration int -> org.hibernate.type.BasicTypeReference@69a90b81
2026-02-08T09:42:18.004+01:00 DEBUG 11908 --- [main] org.hibernate.type.BasicTypeRegistry     : Adding type registration java.lang.Integer -> org.hibernate.type.BasicTypeReference@69a90b81
2026-02-08T09:42:18.004+01:00 DEBUG 11908 --- [main] org.hibernate.type.BasicTypeRegistry     : Adding type registration long -> org.hibernate.type.BasicTypeReference@6dcbbb49
2026-02-08T09:42:18.004+01:00 DEBUG 11908 --- [main] org.hibernate.type.BasicTypeRegistry     : Adding type registration long -> org.hibernate.type.BasicTypeReference@6dcbbb49
2026-02-08T09:42:18.004+01:00 DEBUG 11908 --- [main] org.hibernate.type.BasicTypeRegistry     : Adding type registration java.lang.Long -> org.hibernate.type.BasicTypeReference@6dcbbb49
2026-02-08T09:42:18.004+01:00 DEBUG 11908 --- [main] org.hibernate.type.BasicTypeRegistry     : Adding type registration float -> org.hibernate.type.BasicTypeReference@35329a05
2026-02-08T09:42:18.004+01:00 DEBUG 11908 --- [main] org.hibernate.type.BasicTypeRegistry     : Adding type registration float -> org.hibernate.type.BasicTypeReference@35329a05
2026-02-08T09:42:18.004+01:00 DEBUG 11908 --- [main] org.hibernate.type.BasicTypeRegistry     : Adding type registration java.lang.Float -> org.hibernate.type.BasicTypeReference@35329a05
2026-02-08T09:42:18.004+01:00 DEBUG 11908 --- [main] org.hibernate.type.BasicTypeRegistry     : Adding type registration double -> org.hibernate.type.BasicTypeReference@36c783ca
2026-02-08T09:42:18.004+01:00 DEBUG 11908 --- [main] org.hibernate.type.BasicTypeRegistry     : Adding type registration double -> org.hibernate.type.BasicTypeReference@36c783ca
2026-02-08T09:42:18.004+01:00 DEBUG 11908 --- [main] org.hibernate.type.BasicTypeRegistry     : Adding type registration java.lang.Double -> org.hibernate.type.BasicTypeReference@36c783ca
2026-02-08T09:42:18.004+01:00 DEBUG 11908 --- [main] org.hibernate.type.BasicTypeRegistry     : Adding type registration big_integer -> org.hibernate.type.BasicTypeReference@17136390
2026-02-08T09:42:18.004+01:00 DEBUG 11908 --- [main] org.hibernate.type.BasicTypeRegistry     : Adding type registration java.math.BigInteger -> org.hibernate.type.BasicTypeReference@17136390
2026-02-08T09:42:18.004+01:00 DEBUG 11908 --- [main] org.hibernate.type.BasicTypeRegistry     : Adding type registration big_decimal -> org.hibernate.type.BasicTypeReference@273293c8
2026-02-08T09:42:18.004+01:00 DEBUG 11908 --- [main] org.hibernate.type.BasicTypeRegistry     : Adding type registration java.math.BigDecimal -> org.hibernate.type.BasicTypeReference@273293c8
2026-02-08T09:42:18.020+01:00 DEBUG 11908 --- [main] org.hibernate.type.BasicTypeRegistry     : Adding type registration character -> org.hibernate.type.BasicTypeReference@6f1d799
2026-02-08T09:42:18.020+01:00 DEBUG 11908 --- [main] org.hibernate.type.BasicTypeRegistry     : Adding type registration char -> org.hibernate.type.BasicTypeReference@6f1d799
2026-02-08T09:42:18.020+01:00 DEBUG 11908 --- [main] org.hibernate.type.BasicTypeRegistry     : Adding type registration java.lang.Character -> org.hibernate.type.BasicTypeReference@6f1d799
2026-02-08T09:42:18.020+01:00 DEBUG 11908 --- [main] org.hibernate.type.BasicTypeRegistry     : Adding type registration character_nchar -> org.hibernate.type.BasicTypeReference@ca2cd5e
2026-02-08T09:42:18.020+01:00 DEBUG 11908 --- [main] org.hibernate.type.BasicTypeRegistry     : Adding type registration string -> org.hibernate.type.BasicTypeReference@a120b9
2026-02-08T09:42:18.020+01:00 DEBUG 11908 --- [main] org.hibernate.type.BasicTypeRegistry     : Adding type registration java.lang.String -> org.hibernate.type.BasicTypeReference@a120b9
2026-02-08T09:42:18.020+01:00 DEBUG 11908 --- [main] org.hibernate.type.BasicTypeRegistry     : Adding type registration nstring -> org.hibernate.type.BasicTypeReference@333e5fb6
2026-02-08T09:42:18.020+01:00 DEBUG 11908 --- [main] org.hibernate.type.BasicTypeRegistry     : Adding type registration characters -> org.hibernate.type.BasicTypeReference@3b7b0b57
2026-02-08T09:42:18.020+01:00 DEBUG 11908 --- [main] org.hibernate.type.BasicTypeRegistry     : Adding type registration char[] -> org.hibernate.type.BasicTypeReference@3b7b0b57
2026-02-08T09:42:18.020+01:00 DEBUG 11908 --- [main] org.hibernate.type.BasicTypeRegistry     : Adding type registration [C -> org.hibernate.type.BasicTypeReference@3b7b0b57
2026-02-08T09:42:18.020+01:00 DEBUG 11908 --- [main] org.hibernate.type.BasicTypeRegistry     : Adding type registration wrapper-characters -> org.hibernate.type.BasicTypeReference@21a9f95b
2026-02-08T09:42:18.020+01:00 DEBUG 11908 --- [main] org.hibernate.type.BasicTypeRegistry     : Adding type registration [Ljava.lang.Character; -> org.hibernate.type.BasicTypeReference@21a9f95b
2026-02-08T09:42:18.020+01:00 DEBUG 11908 --- [main] org.hibernate.type.BasicTypeRegistry     : Adding type registration Character[] -> org.hibernate.type.BasicTypeReference@21a9f95b
2026-02-08T09:42:18.020+01:00 DEBUG 11908 --- [main] org.hibernate.type.BasicTypeRegistry     : Adding type registration text -> org.hibernate.type.BasicTypeReference@2804b13f
2026-02-08T09:42:18.020+01:00 DEBUG 11908 --- [main] org.hibernate.type.BasicTypeRegistry     : Adding type registration ntext -> org.hibernate.type.BasicTypeReference@69069866
2026-02-08T09:42:18.020+01:00 DEBUG 11908 --- [main] org.hibernate.type.BasicTypeRegistry     : Adding type registration clob -> org.hibernate.type.BasicTypeReference@ac417a2
2026-02-08T09:42:18.020+01:00 DEBUG 11908 --- [main] org.hibernate.type.BasicTypeRegistry     : Adding type registration java.sql.Clob -> org.hibernate.type.BasicTypeReference@ac417a2
2026-02-08T09:42:18.020+01:00 DEBUG 11908 --- [main] org.hibernate.type.BasicTypeRegistry     : Adding type registration nclob -> org.hibernate.type.BasicTypeReference@64c95480
2026-02-08T09:42:18.020+01:00 DEBUG 11908 --- [main] org.hibernate.type.BasicTypeRegistry     : Adding type registration java.sql.NClob -> org.hibernate.type.BasicTypeReference@64c95480
2026-02-08T09:42:18.020+01:00 DEBUG 11908 --- [main] org.hibernate.type.BasicTypeRegistry     : Adding type registration materialized_clob -> org.hibernate.type.BasicTypeReference@69499c6f
2026-02-08T09:42:18.020+01:00 DEBUG 11908 --- [main] org.hibernate.type.BasicTypeRegistry     : Adding type registration materialized_clob_char_array -> org.hibernate.type.BasicTypeReference@3451fc88
2026-02-08T09:42:18.020+01:00 DEBUG 11908 --- [main] org.hibernate.type.BasicTypeRegistry     : Adding type registration materialized_clob_character_array -> org.hibernate.type.BasicTypeReference@1e0294a7
2026-02-08T09:42:18.020+01:00 DEBUG 11908 --- [main] org.hibernate.type.BasicTypeRegistry     : Adding type registration materialized_nclob -> org.hibernate.type.BasicTypeReference@3041beb3
2026-02-08T09:42:18.020+01:00 DEBUG 11908 --- [main] org.hibernate.type.BasicTypeRegistry     : Adding type registration materialized_nclob_character_array -> org.hibernate.type.BasicTypeReference@15cee630
2026-02-08T09:42:18.020+01:00 DEBUG 11908 --- [main] org.hibernate.type.BasicTypeRegistry     : Adding type registration materialized_nclob_char_array -> org.hibernate.type.BasicTypeReference@2e40fdbd
2026-02-08T09:42:18.020+01:00 DEBUG 11908 --- [main] org.hibernate.type.BasicTypeRegistry     : Adding type registration Duration -> org.hibernate.type.BasicTypeReference@246de37e
2026-02-08T09:42:18.020+01:00 DEBUG 11908 --- [main] org.hibernate.type.BasicTypeRegistry     : Adding type registration java.time.Duration -> org.hibernate.type.BasicTypeReference@246de37e
2026-02-08T09:42:18.020+01:00 DEBUG 11908 --- [main] org.hibernate.type.BasicTypeRegistry     : Adding type registration LocalDateTime -> org.hibernate.type.BasicTypeReference@19647566
2026-02-08T09:42:18.020+01:00 DEBUG 11908 --- [main] org.hibernate.type.BasicTypeRegistry     : Adding type registration java.time.LocalDateTime -> org.hibernate.type.BasicTypeReference@19647566
2026-02-08T09:42:18.020+01:00 DEBUG 11908 --- [main] org.hibernate.type.BasicTypeRegistry     : Adding type registration LocalDate -> org.hibernate.type.BasicTypeReference@7b79ff1c
2026-02-08T09:42:18.020+01:00 DEBUG 11908 --- [main] org.hibernate.type.BasicTypeRegistry     : Adding type registration java.time.LocalDate -> org.hibernate.type.BasicTypeReference@7b79ff1c
2026-02-08T09:42:18.020+01:00 DEBUG 11908 --- [main] org.hibernate.type.BasicTypeRegistry     : Adding type registration LocalTime -> org.hibernate.type.BasicTypeReference@527d48db
2026-02-08T09:42:18.020+01:00 DEBUG 11908 --- [main] org.hibernate.type.BasicTypeRegistry     : Adding type registration java.time.LocalTime -> org.hibernate.type.BasicTypeReference@527d48db
2026-02-08T09:42:18.020+01:00 DEBUG 11908 --- [main] org.hibernate.type.BasicTypeRegistry     : Adding type registration OffsetDateTime -> org.hibernate.type.BasicTypeReference@194037f9
2026-02-08T09:42:18.020+01:00 DEBUG 11908 --- [main] org.hibernate.type.BasicTypeRegistry     : Adding type registration java.time.OffsetDateTime -> org.hibernate.type.BasicTypeReference@194037f9
2026-02-08T09:42:18.020+01:00 DEBUG 11908 --- [main] org.hibernate.type.BasicTypeRegistry     : Adding type registration OffsetDateTimeWithTimezone -> org.hibernate.type.BasicTypeReference@2335aef2
2026-02-08T09:42:18.020+01:00 DEBUG 11908 --- [main] org.hibernate.type.BasicTypeRegistry     : Adding type registration OffsetDateTimeWithoutTimezone -> org.hibernate.type.BasicTypeReference@17003497
2026-02-08T09:42:18.020+01:00 DEBUG 11908 --- [main] org.hibernate.type.BasicTypeRegistry     : Adding type registration OffsetTime -> org.hibernate.type.BasicTypeReference@2f038d3c
2026-02-08T09:42:18.020+01:00 DEBUG 11908 --- [main] org.hibernate.type.BasicTypeRegistry     : Adding type registration java.time.OffsetTime -> org.hibernate.type.BasicTypeReference@2f038d3c
2026-02-08T09:42:18.020+01:00 DEBUG 11908 --- [main] org.hibernate.type.BasicTypeRegistry     : Adding type registration ZonedDateTime -> org.hibernate.type.BasicTypeReference@376498da
2026-02-08T09:42:18.020+01:00 DEBUG 11908 --- [main] org.hibernate.type.BasicTypeRegistry     : Adding type registration java.time.ZonedDateTime -> org.hibernate.type.BasicTypeReference@376498da
2026-02-08T09:42:18.020+01:00 DEBUG 11908 --- [main] org.hibernate.type.BasicTypeRegistry     : Adding type registration ZonedDateTimeWithTimezone -> org.hibernate.type.BasicTypeReference@39a8e2fa
2026-02-08T09:42:18.020+01:00 DEBUG 11908 --- [main] org.hibernate.type.BasicTypeRegistry     : Adding type registration ZonedDateTimeWithoutTimezone -> org.hibernate.type.BasicTypeReference@2f9addd4
2026-02-08T09:42:18.020+01:00 DEBUG 11908 --- [main] org.hibernate.type.BasicTypeRegistry     : Adding type registration date -> org.hibernate.type.BasicTypeReference@1c43df76
2026-02-08T09:42:18.020+01:00 DEBUG 11908 --- [main] org.hibernate.type.BasicTypeRegistry     : Adding type registration java.sql.Date -> org.hibernate.type.BasicTypeReference@1c43df76
2026-02-08T09:42:18.020+01:00 DEBUG 11908 --- [main] org.hibernate.type.BasicTypeRegistry     : Adding type registration time -> org.hibernate.type.BasicTypeReference@ff2266c
2026-02-08T09:42:18.020+01:00 DEBUG 11908 --- [main] org.hibernate.type.BasicTypeRegistry     : Adding type registration java.sql.Time -> org.hibernate.type.BasicTypeReference@ff2266c
2026-02-08T09:42:18.020+01:00 DEBUG 11908 --- [main] org.hibernate.type.BasicTypeRegistry     : Adding type registration timestamp -> org.hibernate.type.BasicTypeReference@71b3ba5a
2026-02-08T09:42:18.020+01:00 DEBUG 11908 --- [main] org.hibernate.type.BasicTypeRegistry     : Adding type registration java.sql.Timestamp -> org.hibernate.type.BasicTypeReference@71b3ba5a
2026-02-08T09:42:18.020+01:00 DEBUG 11908 --- [main] org.hibernate.type.BasicTypeRegistry     : Adding type registration java.util.Date -> org.hibernate.type.BasicTypeReference@71b3ba5a
2026-02-08T09:42:18.020+01:00 DEBUG 11908 --- [main] org.hibernate.type.BasicTypeRegistry     : Adding type registration calendar -> org.hibernate.type.BasicTypeReference@83ebdc5
2026-02-08T09:42:18.020+01:00 DEBUG 11908 --- [main] org.hibernate.type.BasicTypeRegistry     : Adding type registration java.util.Calendar -> org.hibernate.type.BasicTypeReference@83ebdc5
2026-02-08T09:42:18.020+01:00 DEBUG 11908 --- [main] org.hibernate.type.BasicTypeRegistry     : Adding type registration java.util.GregorianCalendar -> org.hibernate.type.BasicTypeReference@83ebdc5
2026-02-08T09:42:18.020+01:00 DEBUG 11908 --- [main] org.hibernate.type.BasicTypeRegistry     : Adding type registration calendar_date -> org.hibernate.type.BasicTypeReference@a047bdb
2026-02-08T09:42:18.020+01:00 DEBUG 11908 --- [main] org.hibernate.type.BasicTypeRegistry     : Adding type registration calendar_time -> org.hibernate.type.BasicTypeReference@14dbfdb1
2026-02-08T09:42:18.020+01:00 DEBUG 11908 --- [main] org.hibernate.type.BasicTypeRegistry     : Adding type registration instant -> org.hibernate.type.BasicTypeReference@7856f41a
2026-02-08T09:42:18.020+01:00 DEBUG 11908 --- [main] org.hibernate.type.BasicTypeRegistry     : Adding type registration java.time.Instant -> org.hibernate.type.BasicTypeReference@7856f41a
2026-02-08T09:42:18.020+01:00 DEBUG 11908 --- [main] org.hibernate.type.BasicTypeRegistry     : Adding type registration uuid -> org.hibernate.type.BasicTypeReference@5fbae40
2026-02-08T09:42:18.020+01:00 DEBUG 11908 --- [main] org.hibernate.type.BasicTypeRegistry     : Adding type registration java.util.UUID -> org.hibernate.type.BasicTypeReference@5fbae40
2026-02-08T09:42:18.020+01:00 DEBUG 11908 --- [main] org.hibernate.type.BasicTypeRegistry     : Adding type registration pg-uuid -> org.hibernate.type.BasicTypeReference@5fbae40
2026-02-08T09:42:18.020+01:00 DEBUG 11908 --- [main] org.hibernate.type.BasicTypeRegistry     : Adding type registration uuid-binary -> org.hibernate.type.BasicTypeReference@2c08c787
2026-02-08T09:42:18.020+01:00 DEBUG 11908 --- [main] org.hibernate.type.BasicTypeRegistry     : Adding type registration uuid-char -> org.hibernate.type.BasicTypeReference@67f591c2
2026-02-08T09:42:18.020+01:00 DEBUG 11908 --- [main] org.hibernate.type.BasicTypeRegistry     : Adding type registration class -> org.hibernate.type.BasicTypeReference@284c4f02
2026-02-08T09:42:18.020+01:00 DEBUG 11908 --- [main] org.hibernate.type.BasicTypeRegistry     : Adding type registration java.lang.Class -> org.hibernate.type.BasicTypeReference@284c4f02
2026-02-08T09:42:18.020+01:00 DEBUG 11908 --- [main] org.hibernate.type.BasicTypeRegistry     : Adding type registration currency -> org.hibernate.type.BasicTypeReference@709d6de5
2026-02-08T09:42:18.020+01:00 DEBUG 11908 --- [main] org.hibernate.type.BasicTypeRegistry     : Adding type registration Currency -> org.hibernate.type.BasicTypeReference@709d6de5
2026-02-08T09:42:18.020+01:00 DEBUG 11908 --- [main] org.hibernate.type.BasicTypeRegistry     : Adding type registration java.util.Currency -> org.hibernate.type.BasicTypeReference@709d6de5
2026-02-08T09:42:18.020+01:00 DEBUG 11908 --- [main] org.hibernate.type.BasicTypeRegistry     : Adding type registration locale -> org.hibernate.type.BasicTypeReference@1a43a88e
2026-02-08T09:42:18.020+01:00 DEBUG 11908 --- [main] org.hibernate.type.BasicTypeRegistry     : Adding type registration java.util.Locale -> org.hibernate.type.BasicTypeReference@1a43a88e
2026-02-08T09:42:18.020+01:00 DEBUG 11908 --- [main] org.hibernate.type.BasicTypeRegistry     : Adding type registration serializable -> org.hibernate.type.BasicTypeReference@51f34185
2026-02-08T09:42:18.020+01:00 DEBUG 11908 --- [main] org.hibernate.type.BasicTypeRegistry     : Adding type registration java.io.Serializable -> org.hibernate.type.BasicTypeReference@51f34185
2026-02-08T09:42:18.020+01:00 DEBUG 11908 --- [main] org.hibernate.type.BasicTypeRegistry     : Adding type registration timezone -> org.hibernate.type.BasicTypeReference@1b8d20e6
2026-02-08T09:42:18.020+01:00 DEBUG 11908 --- [main] org.hibernate.type.BasicTypeRegistry     : Adding type registration java.util.TimeZone -> org.hibernate.type.BasicTypeReference@1b8d20e6
2026-02-08T09:42:18.020+01:00 DEBUG 11908 --- [main] org.hibernate.type.BasicTypeRegistry     : Adding type registration ZoneOffset -> org.hibernate.type.BasicTypeReference@e49437
2026-02-08T09:42:18.020+01:00 DEBUG 11908 --- [main] org.hibernate.type.BasicTypeRegistry     : Adding type registration java.time.ZoneOffset -> org.hibernate.type.BasicTypeReference@e49437
2026-02-08T09:42:18.020+01:00 DEBUG 11908 --- [main] org.hibernate.type.BasicTypeRegistry     : Adding type registration url -> org.hibernate.type.BasicTypeReference@7645b7d
2026-02-08T09:42:18.020+01:00 DEBUG 11908 --- [main] org.hibernate.type.BasicTypeRegistry     : Adding type registration java.net.URL -> org.hibernate.type.BasicTypeReference@7645b7d
2026-02-08T09:42:18.020+01:00 DEBUG 11908 --- [main] org.hibernate.type.BasicTypeRegistry     : Adding type registration row_version -> org.hibernate.type.BasicTypeReference@4c50cd7d
2026-02-08T09:42:18.020+01:00 DEBUG 11908 --- [main] org.hibernate.type.BasicTypeRegistry     : Adding type registration dbtimestamp -> org.hibernate.type.DbTimestampType@63c84d31
2026-02-08T09:42:18.020+01:00 DEBUG 11908 --- [main] org.hibernate.type.BasicTypeRegistry     : Adding type registration dbtimestamp -> org.hibernate.type.DbTimestampType@63c84d31
2026-02-08T09:42:18.036+01:00 DEBUG 11908 --- [main] org.hibernate.type.BasicTypeRegistry     : Adding type registration object -> org.hibernate.type.JavaObjectType@7f53fc38
2026-02-08T09:42:18.036+01:00 DEBUG 11908 --- [main] org.hibernate.type.BasicTypeRegistry     : Adding type registration java.lang.Object -> org.hibernate.type.JavaObjectType@7f53fc38
2026-02-08T09:42:18.036+01:00 DEBUG 11908 --- [main] org.hibernate.type.BasicTypeRegistry     : Adding type registration null -> org.hibernate.type.NullType@629cbb1
2026-02-08T09:42:18.036+01:00 DEBUG 11908 --- [main] org.hibernate.type.BasicTypeRegistry     : Adding type registration imm_date -> org.hibernate.type.BasicTypeReference@165aa43a
2026-02-08T09:42:18.036+01:00 DEBUG 11908 --- [main] org.hibernate.type.BasicTypeRegistry     : Adding type registration imm_time -> org.hibernate.type.BasicTypeReference@22cd8ec2
2026-02-08T09:42:18.036+01:00 DEBUG 11908 --- [main] org.hibernate.type.BasicTypeRegistry     : Adding type registration imm_timestamp -> org.hibernate.type.BasicTypeReference@7d977a20
2026-02-08T09:42:18.036+01:00 DEBUG 11908 --- [main] org.hibernate.type.BasicTypeRegistry     : Adding type registration imm_calendar -> org.hibernate.type.BasicTypeReference@35ab4260
2026-02-08T09:42:18.036+01:00 DEBUG 11908 --- [main] org.hibernate.type.BasicTypeRegistry     : Adding type registration imm_calendar_date -> org.hibernate.type.BasicTypeReference@76134b9b
2026-02-08T09:42:18.036+01:00 DEBUG 11908 --- [main] org.hibernate.type.BasicTypeRegistry     : Adding type registration imm_calendar_time -> org.hibernate.type.BasicTypeReference@38667005
2026-02-08T09:42:18.036+01:00 DEBUG 11908 --- [main] org.hibernate.type.BasicTypeRegistry     : Adding type registration imm_binary -> org.hibernate.type.BasicTypeReference@7ee64b53
2026-02-08T09:42:18.036+01:00 DEBUG 11908 --- [main] org.hibernate.type.BasicTypeRegistry     : Adding type registration imm_serializable -> org.hibernate.type.BasicTypeReference@1131aead
2026-02-08T09:42:18.070+01:00  INFO 11908 --- [main] com.zaxxer.hikari.HikariDataSource       : HikariPool-1 - Starting...
2026-02-08T09:42:18.369+01:00  INFO 11908 --- [main] com.zaxxer.hikari.pool.HikariPool        : HikariPool-1 - Added connection conn0: url=jdbc:h2:mem:test user=SA
2026-02-08T09:42:18.371+01:00  INFO 11908 --- [main] com.zaxxer.hikari.HikariDataSource       : HikariPool-1 - Start completed.
2026-02-08T09:42:18.394+01:00  INFO 11908 --- [main] SQL dialect                              : HHH000400: Using dialect: org.hibernate.dialect.H2Dialect
2026-02-08T09:42:18.443+01:00 DEBUG 11908 --- [main] o.h.t.d.jdbc.spi.JdbcTypeRegistry        : addDescriptor(NCharTypeDescriptor) replaced previous registration(CharTypeDescriptor)
2026-02-08T09:42:18.443+01:00 DEBUG 11908 --- [main] o.h.t.d.jdbc.spi.JdbcTypeRegistry        : addDescriptor(NVarcharTypeDescriptor) replaced previous registration(VarcharTypeDescriptor)
2026-02-08T09:42:18.443+01:00 DEBUG 11908 --- [main] o.h.t.d.jdbc.spi.JdbcTypeRegistry        : addDescriptor(LongNVarcharTypeDescriptor) replaced previous registration(LongVarcharTypeDescriptor)
2026-02-08T09:42:18.443+01:00 DEBUG 11908 --- [main] o.h.t.d.jdbc.spi.JdbcTypeRegistry        : addDescriptor(NClobTypeDescriptor(DEFAULT)) replaced previous registration(ClobTypeDescriptor(DEFAULT))
2026-02-08T09:42:18.443+01:00 DEBUG 11908 --- [main] o.h.t.d.jdbc.spi.JdbcTypeRegistry        : addDescriptor(2005, ClobTypeDescriptor(STREAM_BINDING)) replaced previous registration(ClobTypeDescriptor(DEFAULT))
2026-02-08T09:42:18.443+01:00 DEBUG 11908 --- [main] o.h.t.d.jdbc.spi.JdbcTypeRegistry        : addDescriptor(3003, TimestampUtcDescriptor) replaced previous registration(TimestampUtcDescriptor)
2026-02-08T09:42:18.443+01:00 DEBUG 11908 --- [main] org.hibernate.type.BasicTypeRegistry     : Adding type registration org.hibernate.type.OffsetDateTimeType -> basicType@1(java.time.OffsetDateTime,93)
2026-02-08T09:42:18.443+01:00 DEBUG 11908 --- [main] org.hibernate.type.BasicTypeRegistry     : Adding type registration OffsetDateTime -> basicType@1(java.time.OffsetDateTime,93)
2026-02-08T09:42:18.443+01:00 DEBUG 11908 --- [main] org.hibernate.type.BasicTypeRegistry     : Adding type registration java.time.OffsetDateTime -> basicType@1(java.time.OffsetDateTime,93)
2026-02-08T09:42:18.443+01:00 DEBUG 11908 --- [main] org.hibernate.type.BasicTypeRegistry     : Adding type registration org.hibernate.type.ZonedDateTimeType -> basicType@2(java.time.ZonedDateTime,93)
2026-02-08T09:42:18.443+01:00 DEBUG 11908 --- [main] org.hibernate.type.BasicTypeRegistry     : Adding type registration ZonedDateTime -> basicType@2(java.time.ZonedDateTime,93)
2026-02-08T09:42:18.443+01:00 DEBUG 11908 --- [main] org.hibernate.type.BasicTypeRegistry     : Adding type registration java.time.ZonedDateTime -> basicType@2(java.time.ZonedDateTime,93)
2026-02-08T09:42:18.458+01:00 DEBUG 11908 --- [main] o.h.type.spi.TypeConfiguration$Scope     : Scoping TypeConfiguration [org.hibernate.type.spi.TypeConfiguration@14ad42] to MetadataBuildingContext [org.hibernate.boot.internal.MetadataBuildingContextRootImpl@608b906d]
2026-02-08T09:42:19.377+01:00 DEBUG 11908 --- [main] o.h.type.spi.TypeConfiguration$Scope     : Scoping TypeConfiguration [org.hibernate.type.spi.TypeConfiguration@14ad42] to SessionFactoryImplementor [org.hibernate.internal.SessionFactoryImpl@2346f77a]
2026-02-08T09:42:20.027+01:00 DEBUG 11908 --- [main] org.hibernate.SQL                        : drop table if exists cash_closure cascade 
2026-02-08T09:42:20.027+01:00 DEBUG 11908 --- [main] org.hibernate.SQL                        : drop table if exists cash_register_transactions cascade 
2026-02-08T09:42:20.027+01:00 DEBUG 11908 --- [main] org.hibernate.SQL                        : drop table if exists commercial_order_lines cascade 
2026-02-08T09:42:20.027+01:00 DEBUG 11908 --- [main] org.hibernate.SQL                        : drop table if exists commercial_order_note_lines cascade 
2026-02-08T09:42:20.027+01:00 DEBUG 11908 --- [main] org.hibernate.SQL                        : drop table if exists commercial_order_state_history cascade 
2026-02-08T09:42:20.027+01:00 DEBUG 11908 --- [main] org.hibernate.SQL                        : drop table if exists commercial_orders cascade 
2026-02-08T09:42:20.027+01:00 DEBUG 11908 --- [main] org.hibernate.SQL                        : drop table if exists commercial_stock cascade 
2026-02-08T09:42:20.027+01:00 DEBUG 11908 --- [main] org.hibernate.SQL                        : drop table if exists commercial_stock_history cascade 
2026-02-08T09:42:20.027+01:00 DEBUG 11908 --- [main] org.hibernate.SQL                        : drop table if exists customers cascade 
2026-02-08T09:42:20.027+01:00 DEBUG 11908 --- [main] org.hibernate.SQL                        : drop table if exists delivery_order_note cascade 
2026-02-08T09:42:20.027+01:00 DEBUG 11908 --- [main] org.hibernate.SQL                        : drop table if exists exit_commercial_order_note cascade 
2026-02-08T09:42:20.027+01:00 DEBUG 11908 --- [main] org.hibernate.SQL                        : drop table if exists exit_order_note cascade 
2026-02-08T09:42:20.027+01:00 DEBUG 11908 --- [main] org.hibernate.SQL                        : drop table if exists order_lines cascade 
2026-02-08T09:42:20.027+01:00 DEBUG 11908 --- [main] org.hibernate.SQL                        : drop table if exists order_note_lines cascade 
2026-02-08T09:42:20.027+01:00 DEBUG 11908 --- [main] org.hibernate.SQL                        : drop table if exists order_state_history cascade 
2026-02-08T09:42:20.027+01:00 DEBUG 11908 --- [main] org.hibernate.SQL                        : drop table if exists orders cascade 
2026-02-08T09:42:20.027+01:00 DEBUG 11908 --- [main] org.hibernate.SQL                        : drop table if exists pack_history cascade 
2026-02-08T09:42:20.027+01:00 DEBUG 11908 --- [main] org.hibernate.SQL                        : drop table if exists pack_products cascade 
2026-02-08T09:42:20.027+01:00 DEBUG 11908 --- [main] org.hibernate.SQL                        : drop table if exists packs cascade 
2026-02-08T09:42:20.027+01:00 DEBUG 11908 --- [main] org.hibernate.SQL                        : drop table if exists product_history cascade 
2026-02-08T09:42:20.027+01:00 DEBUG 11908 --- [main] org.hibernate.SQL                        : drop table if exists products cascade 
2026-02-08T09:42:20.027+01:00 DEBUG 11908 --- [main] org.hibernate.SQL                        : drop table if exists purchase_commercial_order_note cascade 
2026-02-08T09:42:20.027+01:00 DEBUG 11908 --- [main] org.hibernate.SQL                        : drop table if exists purchase_order_note cascade 
2026-02-08T09:42:20.027+01:00 DEBUG 11908 --- [main] org.hibernate.SQL                        : drop table if exists roles cascade 
2026-02-08T09:42:20.027+01:00 DEBUG 11908 --- [main] org.hibernate.SQL                        : drop table if exists stock_entry cascade 
2026-02-08T09:42:20.027+01:00 DEBUG 11908 --- [main] org.hibernate.SQL                        : drop table if exists stock_entry_lines cascade 
2026-02-08T09:42:20.027+01:00 DEBUG 11908 --- [main] org.hibernate.SQL                        : drop table if exists supplier cascade 
2026-02-08T09:42:20.027+01:00 DEBUG 11908 --- [main] org.hibernate.SQL                        : drop table if exists users cascade 
2026-02-08T09:42:20.027+01:00 DEBUG 11908 --- [main] org.hibernate.SQL                        : drop table if exists users_roles cascade 
2026-02-08T09:42:20.027+01:00 DEBUG 11908 --- [main] org.hibernate.SQL                        : drop table if exists withdrawal_transactions cascade 
2026-02-08T09:42:20.027+01:00 DEBUG 11908 --- [main] org.hibernate.SQL                        : create table cash_closure (id bigint generated by default as identity, amount_received float(53) not null, amount_withdrawn float(53) not null, closure_date TIMESTAMP DEFAULT CURRENT_TIMESTAMP not null, description varchar(255), cashier_id bigint not null, primary key (id))
2026-02-08T09:42:20.043+01:00 DEBUG 11908 --- [main] org.hibernate.SQL                        : create table cash_register_transactions (id bigint generated by default as identity, amount float(53) not null, payment_date TIMESTAMP DEFAULT CURRENT_TIMESTAMP not null, cashier_id bigint not null, customer_id bigint, user_id bigint, primary key (id))
2026-02-08T09:42:20.043+01:00 DEBUG 11908 --- [main] org.hibernate.SQL                        : create table commercial_order_lines (id bigint generated by default as identity, price float(53) not null, quantity integer not null, commercial_order_id bigint not null, pack_id bigint, product_id bigint, primary key (id))
2026-02-08T09:42:20.043+01:00 DEBUG 11908 --- [main] org.hibernate.SQL                        : create table commercial_order_note_lines (id bigint generated by default as identity, price float(53) not null, quantity integer not null, commercial_exit_order_note_id bigint, pack_id bigint, product_id bigint, commercial_purchase_order_note_id bigint, primary key (id))
2026-02-08T09:42:20.043+01:00 DEBUG 11908 --- [main] org.hibernate.SQL                        : create table commercial_order_state_history (id bigint generated by default as identity, changed_date TIMESTAMP DEFAULT CURRENT_TIMESTAMP not null, new_state varchar(255), old_state varchar(255), prepared_person_id bigint, commercial_order_id bigint not null, primary key (id))
2026-02-08T09:42:20.043+01:00 DEBUG 11908 --- [main] org.hibernate.SQL                        : create table commercial_orders (id bigint generated by default as identity, archived boolean not null, order_date TIMESTAMP DEFAULT CURRENT_TIMESTAMP not null, state varchar(255), total_price float(53) not null, user_id bigint not null, primary key (id))
2026-02-08T09:42:20.043+01:00 DEBUG 11908 --- [main] org.hibernate.SQL                        : create table commercial_stock (id bigint generated by default as identity, quantity integer not null, pack_id bigint, product_id bigint, commercial_id bigint not null, primary key (id))
2026-02-08T09:42:20.043+01:00 DEBUG 11908 --- [main] org.hibernate.SQL                        : create table commercial_stock_history (id bigint generated by default as identity, changed_date TIMESTAMP DEFAULT CURRENT_TIMESTAMP not null, quantity integer not null, pack_id bigint, product_id bigint, commercial_id bigint not null, primary key (id))
2026-02-08T09:42:20.043+01:00 DEBUG 11908 --- [main] org.hibernate.SQL                        : create table customers (id bigint generated by default as identity, commune varchar(255), customer_type varchar(255), latitude float(53), longitude float(53), name varchar(255), owner_name varchar(255), total_debt float(53), total_revenue float(53), wilaya varchar(255), primary key (id))
2026-02-08T09:42:20.059+01:00 DEBUG 11908 --- [main] org.hibernate.SQL                        : create table delivery_order_note (id bigint generated by default as identity, creation_date TIMESTAMP DEFAULT CURRENT_TIMESTAMP not null, total_price float(53), total_quantity integer not null, total_quantity_pack integer not null, delivery_person_id bigint, order_id bigint, prepared_person_id bigint, primary key (id))
2026-02-08T09:42:20.059+01:00 DEBUG 11908 --- [main] org.hibernate.SQL                        : create table exit_commercial_order_note (id bigint generated by default as identity, creation_date TIMESTAMP DEFAULT CURRENT_TIMESTAMP not null, total_price float(53), total_quantity integer not null, total_quantity_pack integer not null, commercial_order_id bigint not null, delivery_person_id bigint, prepared_person_id bigint, primary key (id))
2026-02-08T09:42:20.059+01:00 DEBUG 11908 --- [main] org.hibernate.SQL                        : create table exit_order_note (id bigint generated by default as identity, creation_date TIMESTAMP DEFAULT CURRENT_TIMESTAMP not null, total_price float(53), total_quantity integer not null, total_quantity_pack integer not null, delivery_person_id bigint, order_id bigint not null, prepared_person_id bigint, primary key (id))
2026-02-08T09:42:20.059+01:00 DEBUG 11908 --- [main] org.hibernate.SQL                        : create table order_lines (id bigint generated by default as identity, price float(53) not null, quantity integer not null, order_id bigint not null, pack_id bigint, product_id bigint, primary key (id))
2026-02-08T09:42:20.059+01:00 DEBUG 11908 --- [main] org.hibernate.SQL                        : create table order_note_lines (id bigint generated by default as identity, price float(53) not null, quantity integer not null, delivery_order_note_id bigint, exit_order_note_id bigint, pack_id bigint, product_id bigint, purchase_order_note_id bigint, primary key (id))
2026-02-08T09:42:20.059+01:00 DEBUG 11908 --- [main] org.hibernate.SQL                        : create table order_state_history (id bigint generated by default as identity, changed_date TIMESTAMP DEFAULT CURRENT_TIMESTAMP not null, new_state varchar(255), old_state varchar(255), prepared_person_id bigint, delivery_person_id bigint, order_id bigint not null, primary key (id))
2026-02-08T09:42:20.059+01:00 DEBUG 11908 --- [main] org.hibernate.SQL                        : create table orders (id bigint generated by default as identity, archived boolean not null, order_date TIMESTAMP DEFAULT CURRENT_TIMESTAMP not null, state varchar(255), total_price float(53) not null, customer_id bigint not null, user_id bigint not null, primary key (id))
2026-02-08T09:42:20.059+01:00 DEBUG 11908 --- [main] org.hibernate.SQL                        : create table pack_history (id bigint generated by default as identity, change_date TIMESTAMP DEFAULT CURRENT_TIMESTAMP not null, changed_by varchar(255), price float(53) not null, quantity integer not null, state boolean not null, pack_id bigint not null, primary key (id))
2026-02-08T09:42:20.059+01:00 DEBUG 11908 --- [main] org.hibernate.SQL                        : create table pack_products (id bigint generated by default as identity, quantity integer not null, pack_id bigint not null, product_id bigint not null, primary key (id))
2026-02-08T09:42:20.059+01:00 DEBUG 11908 --- [main] org.hibernate.SQL                        : create table packs (id bigint generated by default as identity, name varchar(50) not null, price float(53) not null, quantity integer not null, reserved_orders integer not null, state boolean not null, primary key (id))
2026-02-08T09:42:20.059+01:00 DEBUG 11908 --- [main] org.hibernate.SQL                        : create table product_history (id bigint generated by default as identity, action varchar(255), change_date TIMESTAMP DEFAULT CURRENT_TIMESTAMP not null, changed_by varchar(255), price float(53) not null, quantity integer not null, reserved_orders integer not null, reserved_packs integer not null, reserved_quantity integer not null, state boolean not null, product_id bigint not null, primary key (id))
2026-02-08T09:42:20.059+01:00 DEBUG 11908 --- [main] org.hibernate.SQL                        : create table products (id bigint generated by default as identity, bar_code varchar(255) not null, color varchar(50) not null, description varchar(255), mark varchar(50) not null, model varchar(50) not null, price float(53) not null, quantity integer not null, reserved_orders integer not null, reserved_packs integer not null, reserved_quantity integer not null, state boolean not null, type varchar(50) not null, primary key (id))
2026-02-08T09:42:20.059+01:00 DEBUG 11908 --- [main] org.hibernate.SQL                        : create table purchase_commercial_order_note (id bigint generated by default as identity, creation_date TIMESTAMP DEFAULT CURRENT_TIMESTAMP not null, total_price float(53), total_quantity integer not null, total_quantity_pack integer not null, commercial_order_id bigint, delivery_person_id bigint, prepared_person_id bigint, primary key (id))
2026-02-08T09:42:20.059+01:00 DEBUG 11908 --- [main] org.hibernate.SQL                        : create table purchase_order_note (id bigint generated by default as identity, creation_date TIMESTAMP DEFAULT CURRENT_TIMESTAMP not null, total_price float(53), total_quantity integer not null, total_quantity_pack integer not null, delivery_person_id bigint, order_id bigint, prepared_person_id bigint, primary key (id))
2026-02-08T09:42:20.059+01:00 DEBUG 11908 --- [main] org.hibernate.SQL                        : create table roles (id bigint generated by default as identity, name varchar(255), primary key (id))
2026-02-08T09:42:20.075+01:00 DEBUG 11908 --- [main] org.hibernate.SQL                        : create table stock_entry (id bigint generated by default as identity, entry_date date not null, entry_number varchar(50) not null, total_price float(53) not null, total_quantity integer not null, supplier_id bigint not null, primary key (id))
2026-02-08T09:42:20.075+01:00 DEBUG 11908 --- [main] org.hibernate.SQL                        : create table stock_entry_lines (id bigint generated by default as identity, price float(53) not null, quantity integer not null, product_id bigint not null, stock_entry_id bigint not null, primary key (id))
2026-02-08T09:42:20.075+01:00 DEBUG 11908 --- [main] org.hibernate.SQL                        : create table supplier (id bigint generated by default as identity, address varchar(255) not null, email varchar(255) not null, home_phone varchar(255) not null, mobile_phone varchar(255) not null, name varchar(255) not null, registration_date TIMESTAMP DEFAULT CURRENT_TIMESTAMP not null, state boolean not null, primary key (id))
2026-02-08T09:42:20.075+01:00 DEBUG 11908 --- [main] org.hibernate.SQL                        : create table users (id bigint generated by default as identity, cash_amount float(53), email varchar(255), enabled boolean not null, first_name varchar(255), last_name varchar(255), password varchar(255), user_name varchar(255), primary key (id))
2026-02-08T09:42:20.075+01:00 DEBUG 11908 --- [main] org.hibernate.SQL                        : create table users_roles (user_id bigint not null, role_id bigint not null, primary key (user_id, role_id))
2026-02-08T09:42:20.075+01:00 DEBUG 11908 --- [main] org.hibernate.SQL                        : create table withdrawal_transactions (id bigint generated by default as identity, amount float(53) not null, description varchar(255), withdrawal_date TIMESTAMP DEFAULT CURRENT_TIMESTAMP not null, cashier_id bigint not null, primary key (id))
2026-02-08T09:42:20.075+01:00 DEBUG 11908 --- [main] org.hibernate.SQL                        : alter table if exists packs add constraint UK_h4haowftrk59lb6jajfayq1ho unique (name)
2026-02-08T09:42:20.075+01:00 DEBUG 11908 --- [main] org.hibernate.SQL                        : alter table if exists products add constraint UK_ks7bl2r407pphq72vxpufxqn unique (bar_code)
2026-02-08T09:42:20.075+01:00 DEBUG 11908 --- [main] org.hibernate.SQL                        : alter table if exists stock_entry add constraint UK_262yph571i55hv9uevn44kwsy unique (entry_number)
2026-02-08T09:42:20.075+01:00 DEBUG 11908 --- [main] org.hibernate.SQL                        : alter table if exists users add constraint UK_k8d0f2n7n88w1a16yhua64onx unique (user_name)
2026-02-08T09:42:20.075+01:00 DEBUG 11908 --- [main] org.hibernate.SQL                        : alter table if exists cash_closure add constraint FKrd2x1lweun8gkekgew17pw0nw foreign key (cashier_id) references users
2026-02-08T09:42:20.094+01:00 DEBUG 11908 --- [main] org.hibernate.SQL                        : alter table if exists cash_register_transactions add constraint FKjtqmjf7s4rehssm4ujn4vkn80 foreign key (cashier_id) references users
2026-02-08T09:42:20.094+01:00 DEBUG 11908 --- [main] org.hibernate.SQL                        : alter table if exists cash_register_transactions add constraint FK2ib2wgd8woedfejgfgv65x11o foreign key (customer_id) references customers
2026-02-08T09:42:20.094+01:00 DEBUG 11908 --- [main] org.hibernate.SQL                        : alter table if exists cash_register_transactions add constraint FKnlv06ijanddf14lffo7a716wm foreign key (user_id) references users
2026-02-08T09:42:20.094+01:00 DEBUG 11908 --- [main] org.hibernate.SQL                        : alter table if exists commercial_order_lines add constraint FKlo4wl48940y98jt8tfyyrgvvy foreign key (commercial_order_id) references commercial_orders
2026-02-08T09:42:20.094+01:00 DEBUG 11908 --- [main] org.hibernate.SQL                        : alter table if exists commercial_order_lines add constraint FKd055j9phd6nyhma6qwpa1f1og foreign key (pack_id) references packs
2026-02-08T09:42:20.094+01:00 DEBUG 11908 --- [main] org.hibernate.SQL                        : alter table if exists commercial_order_lines add constraint FK89bs07930f5587lds515wo12d foreign key (product_id) references products
2026-02-08T09:42:20.094+01:00 DEBUG 11908 --- [main] org.hibernate.SQL                        : alter table if exists commercial_order_note_lines add constraint FKjhhkyeot431tv2jyui4od4cke foreign key (commercial_exit_order_note_id) references exit_commercial_order_note
2026-02-08T09:42:20.094+01:00 DEBUG 11908 --- [main] org.hibernate.SQL                        : alter table if exists commercial_order_note_lines add constraint FK9m3yn0cr6eymakv654fjytrlm foreign key (pack_id) references packs
2026-02-08T09:42:20.107+01:00 DEBUG 11908 --- [main] org.hibernate.SQL                        : alter table if exists commercial_order_note_lines add constraint FKely5x0k347y9m0eu7bwe94tvs foreign key (product_id) references products
2026-02-08T09:42:20.107+01:00 DEBUG 11908 --- [main] org.hibernate.SQL                        : alter table if exists commercial_order_note_lines add constraint FKdtmskpq2lcneru3mfcp3ihray foreign key (commercial_purchase_order_note_id) references purchase_commercial_order_note
2026-02-08T09:42:20.119+01:00 DEBUG 11908 --- [main] org.hibernate.SQL                        : alter table if exists commercial_order_state_history add constraint FKiyakjkla95gor0a856y0x0moc foreign key (prepared_person_id) references users
2026-02-08T09:42:20.119+01:00 DEBUG 11908 --- [main] org.hibernate.SQL                        : alter table if exists commercial_order_state_history add constraint FKmitfo6ougmsx0g9nqgpunsyyx foreign key (commercial_order_id) references commercial_orders
2026-02-08T09:42:20.119+01:00 DEBUG 11908 --- [main] org.hibernate.SQL                        : alter table if exists commercial_orders add constraint FKmtewlix9mgxijdwfb11gq5t4c foreign key (user_id) references users
2026-02-08T09:42:20.122+01:00 DEBUG 11908 --- [main] org.hibernate.SQL                        : alter table if exists commercial_stock add constraint FK1kbddxisqw3ab5fx4rca7632n foreign key (pack_id) references packs
2026-02-08T09:42:20.124+01:00 DEBUG 11908 --- [main] org.hibernate.SQL                        : alter table if exists commercial_stock add constraint FKcyvs1kqn9c27fpesse6qloxbr foreign key (product_id) references products
2026-02-08T09:42:20.124+01:00 DEBUG 11908 --- [main] org.hibernate.SQL                        : alter table if exists commercial_stock add constraint FK5akggoccm2129nbrbm3so737s foreign key (commercial_id) references users
2026-02-08T09:42:20.128+01:00 DEBUG 11908 --- [main] org.hibernate.SQL                        : alter table if exists commercial_stock_history add constraint FK9do0j97cij4lqo76tfnkue5mq foreign key (pack_id) references packs
2026-02-08T09:42:20.128+01:00 DEBUG 11908 --- [main] org.hibernate.SQL                        : alter table if exists commercial_stock_history add constraint FKs6mm3p8qj0hxxg9b6e6h2n4iv foreign key (product_id) references products
2026-02-08T09:42:20.131+01:00 DEBUG 11908 --- [main] org.hibernate.SQL                        : alter table if exists commercial_stock_history add constraint FKl3jyganbgn34iwr6sq0t21xcu foreign key (commercial_id) references users
2026-02-08T09:42:20.135+01:00 DEBUG 11908 --- [main] org.hibernate.SQL                        : alter table if exists delivery_order_note add constraint FKse29wynt05p3wlt94fywujls5 foreign key (delivery_person_id) references users
2026-02-08T09:42:20.135+01:00 DEBUG 11908 --- [main] org.hibernate.SQL                        : alter table if exists delivery_order_note add constraint FK7r5gth9xd9w5kwkqy1r4myhs foreign key (order_id) references orders
2026-02-08T09:42:20.138+01:00 DEBUG 11908 --- [main] org.hibernate.SQL                        : alter table if exists delivery_order_note add constraint FKpl9bs1lo5bdb2nnr6nw3lcl4i foreign key (prepared_person_id) references users
2026-02-08T09:42:20.138+01:00 DEBUG 11908 --- [main] org.hibernate.SQL                        : alter table if exists exit_commercial_order_note add constraint FK4pcfhwfrg08i3ong30rag00ue foreign key (commercial_order_id) references commercial_orders
2026-02-08T09:42:20.143+01:00 DEBUG 11908 --- [main] org.hibernate.SQL                        : alter table if exists exit_commercial_order_note add constraint FK16ro0jrdrx7cvgk524u30yu9w foreign key (delivery_person_id) references users
2026-02-08T09:42:20.143+01:00 DEBUG 11908 --- [main] org.hibernate.SQL                        : alter table if exists exit_commercial_order_note add constraint FKle7nmcsddvnfdhn7qs9u34h10 foreign key (prepared_person_id) references users
2026-02-08T09:42:20.143+01:00 DEBUG 11908 --- [main] org.hibernate.SQL                        : alter table if exists exit_order_note add constraint FKqc8xdg7c0smqx0ycdp2w30dsx foreign key (delivery_person_id) references users
2026-02-08T09:42:20.150+01:00 DEBUG 11908 --- [main] org.hibernate.SQL                        : alter table if exists exit_order_note add constraint FKorcdku2li7b7cnhg3mk4nsly6 foreign key (order_id) references orders
2026-02-08T09:42:20.150+01:00 DEBUG 11908 --- [main] org.hibernate.SQL                        : alter table if exists exit_order_note add constraint FKhp50568yditx1ow6igjubgy6v foreign key (prepared_person_id) references users
2026-02-08T09:42:20.154+01:00 DEBUG 11908 --- [main] org.hibernate.SQL                        : alter table if exists order_lines add constraint FK1smc0s578t2oih21yn9hw6usr foreign key (order_id) references orders
2026-02-08T09:42:20.154+01:00 DEBUG 11908 --- [main] org.hibernate.SQL                        : alter table if exists order_lines add constraint FKl8ceuepccyx4bj25273d8k0v6 foreign key (pack_id) references packs
2026-02-08T09:42:20.158+01:00 DEBUG 11908 --- [main] org.hibernate.SQL                        : alter table if exists order_lines add constraint FK5v1oeejtgtf2n3toppm3tkuhh foreign key (product_id) references products
2026-02-08T09:42:20.160+01:00 DEBUG 11908 --- [main] org.hibernate.SQL                        : alter table if exists order_note_lines add constraint FKgvcf46qmm3xp8pdqe317pfvs3 foreign key (delivery_order_note_id) references delivery_order_note
2026-02-08T09:42:20.162+01:00 DEBUG 11908 --- [main] org.hibernate.SQL                        : alter table if exists order_note_lines add constraint FK4b4ypnm8k9d5nvq7pd1pshy9q foreign key (exit_order_note_id) references exit_order_note
2026-02-08T09:42:20.162+01:00 DEBUG 11908 --- [main] org.hibernate.SQL                        : alter table if exists order_note_lines add constraint FKmls3b2hljnexj5j0vnwrkl86q foreign key (pack_id) references packs
2026-02-08T09:42:20.162+01:00 DEBUG 11908 --- [main] org.hibernate.SQL                        : alter table if exists order_note_lines add constraint FKsa2t36dkfg54uux9t622yhsui foreign key (product_id) references products
2026-02-08T09:42:20.167+01:00 DEBUG 11908 --- [main] org.hibernate.SQL                        : alter table if exists order_note_lines add constraint FKal336wsjfcuudbkcpdnm4cy7b foreign key (purchase_order_note_id) references purchase_order_note
2026-02-08T09:42:20.167+01:00 DEBUG 11908 --- [main] org.hibernate.SQL                        : alter table if exists order_state_history add constraint FKcg88oi3mth4oplkpchwyhmir2 foreign key (prepared_person_id) references users
2026-02-08T09:42:20.170+01:00 DEBUG 11908 --- [main] org.hibernate.SQL                        : alter table if exists order_state_history add constraint FKgbctjwurfomrrv7140oevs4dq foreign key (delivery_person_id) references users
2026-02-08T09:42:20.170+01:00 DEBUG 11908 --- [main] org.hibernate.SQL                        : alter table if exists order_state_history add constraint FKeduyptxl4cn9kdk96nnq3umqu foreign key (order_id) references orders
2026-02-08T09:42:20.170+01:00 DEBUG 11908 --- [main] org.hibernate.SQL                        : alter table if exists orders add constraint FKpxtb8awmi0dk6smoh2vp1litg foreign key (customer_id) references customers
2026-02-08T09:42:20.175+01:00 DEBUG 11908 --- [main] org.hibernate.SQL                        : alter table if exists orders add constraint FK32ql8ubntj5uh44ph9659tiih foreign key (user_id) references users
2026-02-08T09:42:20.175+01:00 DEBUG 11908 --- [main] org.hibernate.SQL                        : alter table if exists pack_history add constraint FKh48yhjw0rfwnjgc52765sn8dt foreign key (pack_id) references packs
2026-02-08T09:42:20.178+01:00 DEBUG 11908 --- [main] org.hibernate.SQL                        : alter table if exists pack_products add constraint FK1c9udxtvdlrmpwjyt5tabcg6 foreign key (pack_id) references packs
2026-02-08T09:42:20.178+01:00 DEBUG 11908 --- [main] org.hibernate.SQL                        : alter table if exists pack_products add constraint FK5g5fbgbp6bjsc9shu80dc8wv2 foreign key (product_id) references products
2026-02-08T09:42:20.182+01:00 DEBUG 11908 --- [main] org.hibernate.SQL                        : alter table if exists product_history add constraint FKtopf9w1y5sgbtfnpyd11ry2hp foreign key (product_id) references products
2026-02-08T09:42:20.184+01:00 DEBUG 11908 --- [main] org.hibernate.SQL                        : alter table if exists purchase_commercial_order_note add constraint FK8yoogupmpvn5qewowfmcx8utq foreign key (commercial_order_id) references commercial_orders
2026-02-08T09:42:20.186+01:00 DEBUG 11908 --- [main] org.hibernate.SQL                        : alter table if exists purchase_commercial_order_note add constraint FKbwf7cn5qa6yiox6dhg2v67wgw foreign key (delivery_person_id) references users
2026-02-08T09:42:20.188+01:00 DEBUG 11908 --- [main] org.hibernate.SQL                        : alter table if exists purchase_commercial_order_note add constraint FKg9hcyw2duo1yu7ptbionhsg8o foreign key (prepared_person_id) references users
2026-02-08T09:42:20.188+01:00 DEBUG 11908 --- [main] org.hibernate.SQL                        : alter table if exists purchase_order_note add constraint FKtb9ita6olymvw5jds7lqs0lew foreign key (delivery_person_id) references users
2026-02-08T09:42:20.190+01:00 DEBUG 11908 --- [main] org.hibernate.SQL                        : alter table if exists purchase_order_note add constraint FKppgvqtqkme4eujqa046bc5uqv foreign key (order_id) references orders
2026-02-08T09:42:20.190+01:00 DEBUG 11908 --- [main] org.hibernate.SQL                        : alter table if exists purchase_order_note add constraint FKsftbn1ktb60bqkc32bhlbldpf foreign key (prepared_person_id) references users
2026-02-08T09:42:20.194+01:00 DEBUG 11908 --- [main] org.hibernate.SQL                        : alter table if exists stock_entry add constraint FK41qcqrnvt9typ0xmxs96r4hsx foreign key (supplier_id) references supplier
2026-02-08T09:42:20.194+01:00 DEBUG 11908 --- [main] org.hibernate.SQL                        : alter table if exists stock_entry_lines add constraint FKgrfhf2q8nr16i5tafh9x7ajh3 foreign key (product_id) references products
2026-02-08T09:42:20.198+01:00 DEBUG 11908 --- [main] org.hibernate.SQL                        : alter table if exists stock_entry_lines add constraint FKc0runu4jcffnjp1pgj2jq13qp foreign key (stock_entry_id) references stock_entry
2026-02-08T09:42:20.198+01:00 DEBUG 11908 --- [main] org.hibernate.SQL                        : alter table if exists users_roles add constraint FKj6m8fwv7oqv74fcehir1a9ffy foreign key (role_id) references roles
2026-02-08T09:42:20.202+01:00 DEBUG 11908 --- [main] org.hibernate.SQL                        : alter table if exists users_roles add constraint FK2o0jvgh89lemvvo17cbqvdxaa foreign key (user_id) references users
2026-02-08T09:42:20.202+01:00 DEBUG 11908 --- [main] org.hibernate.SQL                        : alter table if exists withdrawal_transactions add constraint FKgskadk1u3rgr40g0xc8s13r50 foreign key (cashier_id) references users
2026-02-08T09:42:20.209+01:00  INFO 11908 --- [main] o.h.e.t.j.p.i.JtaPlatformInitiator       : HHH000490: Using JtaPlatform implementation: [org.hibernate.engine.transaction.jta.platform.internal.NoJtaPlatform]
2026-02-08T09:42:20.215+01:00 TRACE 11908 --- [main] o.h.type.spi.TypeConfiguration$Scope     : Handling #sessionFactoryCreated from [org.hibernate.internal.SessionFactoryImpl@2346f77a] for TypeConfiguration
2026-02-08T09:42:20.218+01:00  INFO 11908 --- [main] j.LocalContainerEntityManagerFactoryBean : Initialized JPA EntityManagerFactory for persistence unit 'default'
2026-02-08T09:42:22.132+01:00  WARN 11908 --- [main] JpaBaseConfiguration$JpaWebConfiguration : spring.jpa.open-in-view is enabled by default. Therefore, database queries may be performed during view rendering. Explicitly configure spring.jpa.open-in-view to disable this warning
2026-02-08T09:42:22.428+01:00  INFO 11908 --- [main] o.s.b.a.w.s.WelcomePageHandlerMapping    : Adding welcome page template: index
2026-02-08T09:42:22.810+01:00  INFO 11908 --- [main] o.s.b.a.e.web.EndpointLinksResolver      : Exposing 1 endpoint(s) beneath base path '/actuator'
2026-02-08T09:42:22.889+01:00  INFO 11908 --- [main] o.s.s.web.DefaultSecurityFilterChain     : Will secure any request with [org.springframework.security.web.session.DisableEncodeUrlFilter@627d29cc, org.springframework.security.web.context.request.async.WebAsyncManagerIntegrationFilter@23f4aaeb, org.springframework.security.web.context.SecurityContextHolderFilter@685e8e17, org.springframework.security.web.header.HeaderWriterFilter@74691a1f, org.springframework.security.web.csrf.CsrfFilter@60b721c9, org.springframework.security.web.authentication.logout.LogoutFilter@7231c423, org.springframework.security.web.authentication.UsernamePasswordAuthenticationFilter@1c298769, org.springframework.security.web.savedrequest.RequestCacheAwareFilter@5f3705e7, org.springframework.security.web.servletapi.SecurityContextHolderAwareRequestFilter@8872669, org.springframework.security.web.authentication.AnonymousAuthenticationFilter@6f914212, org.springframework.security.web.access.ExceptionTranslationFilter@47cf41d7, org.springframework.security.web.access.intercept.AuthorizationFilter@557635ca]
2026-02-08T09:42:23.524+01:00  INFO 11908 --- [main] c.e.livapp.PackServiceIntegrationTest    : Started PackServiceIntegrationTest in 9.301 seconds (process running for 10.847)
2026-02-08T09:42:24.090+01:00 DEBUG 11908 --- [main] org.hibernate.SQL                        : insert into products (id, bar_code, color, description, mark, model, price, quantity, reserved_orders, reserved_packs, reserved_quantity, state, type) values (default, ?, ?, ?, ?, ?, ?, ?, ?, ?, ?, ?, ?)
2026-02-08T09:42:24.126+01:00 DEBUG 11908 --- [main] org.hibernate.SQL                        : insert into product_history (id, action, changed_by, price, product_id, quantity, reserved_orders, reserved_packs, reserved_quantity, state) values (default, ?, ?, ?, ?, ?, ?, ?, ?, ?)
2026-02-08T09:42:24.138+01:00 DEBUG 11908 --- [main] org.hibernate.SQL                        : insert into products (id, bar_code, color, description, mark, model, price, quantity, reserved_orders, reserved_packs, reserved_quantity, state, type) values (default, ?, ?, ?, ?, ?, ?, ?, ?, ?, ?, ?, ?)
2026-02-08T09:42:24.138+01:00 DEBUG 11908 --- [main] org.hibernate.SQL                        : insert into product_history (id, action, changed_by, price, product_id, quantity, reserved_orders, reserved_packs, reserved_quantity, state) values (default, ?, ?, ?, ?, ?, ?, ?, ?, ?)
2026-02-08T09:42:24.263+01:00 DEBUG 11908 --- [main] org.hibernate.SQL                        : select p1_0.id,p1_0.bar_code,p1_0.color,p1_0.description,p1_0.mark,p1_0.model,p1_0.price,p1_0.quantity,p1_0.reserved_orders,p1_0.reserved_packs,p1_0.reserved_quantity,p1_0.state,p1_0.type from products p1_0 where p1_0.state=?
2026-02-08T09:42:24.266+01:00 DEBUG 11908 --- [main] org.hibernate.SQL                        : insert into packs (id, name, price, quantity, reserved_orders, state) values (default, ?, ?, ?, ?, ?)
2026-02-08T09:42:24.282+01:00 DEBUG 11908 --- [main] org.hibernate.SQL                        : select p1_0.id,p1_0.bar_code,p1_0.color,p1_0.description,p1_0.mark,p1_0.model,p1_0.price,p1_0.quantity,p1_0.reserved_orders,p1_0.reserved_packs,p1_0.reserved_quantity,p1_0.state,p1_0.type from products p1_0 where p1_0.id=?
2026-02-08T09:42:24.282+01:00 DEBUG 11908 --- [main] org.hibernate.SQL                        : insert into pack_products (id, pack_id, product_id, quantity) values (default, ?, ?, ?)
2026-02-08T09:42:24.282+01:00 DEBUG 11908 --- [main] org.hibernate.SQL                        : insert into product_history (id, action, changed_by, price, product_id, quantity, reserved_orders, reserved_packs, reserved_quantity, state) values (default, ?, ?, ?, ?, ?, ?, ?, ?, ?)
2026-02-08T09:42:24.282+01:00 DEBUG 11908 --- [main] org.hibernate.SQL                        : select p1_0.id,p1_0.bar_code,p1_0.color,p1_0.description,p1_0.mark,p1_0.model,p1_0.price,p1_0.quantity,p1_0.reserved_orders,p1_0.reserved_packs,p1_0.reserved_quantity,p1_0.state,p1_0.type from products p1_0 where p1_0.id=?
2026-02-08T09:42:24.282+01:00 DEBUG 11908 --- [main] org.hibernate.SQL                        : insert into pack_products (id, pack_id, product_id, quantity) values (default, ?, ?, ?)
2026-02-08T09:42:24.282+01:00 DEBUG 11908 --- [main] org.hibernate.SQL                        : insert into product_history (id, action, changed_by, price, product_id, quantity, reserved_orders, reserved_packs, reserved_quantity, state) values (default, ?, ?, ?, ?, ?, ?, ?, ?, ?)
2026-02-08T09:42:24.282+01:00 DEBUG 11908 --- [main] org.hibernate.SQL                        : insert into pack_history (id, changed_by, pack_id, price, quantity, state) values (default, ?, ?, ?, ?, ?)
2026-02-08T09:42:24.298+01:00 DEBUG 11908 --- [main] org.hibernate.SQL                        : update products set bar_code=?, color=?, description=?, mark=?, model=?, price=?, quantity=?, reserved_orders=?, reserved_packs=?, reserved_quantity=?, state=?, type=? where id=?
2026-02-08T09:42:24.298+01:00 DEBUG 11908 --- [main] org.hibernate.SQL                        : update products set bar_code=?, color=?, description=?, mark=?, model=?, price=?, quantity=?, reserved_orders=?, reserved_packs=?, reserved_quantity=?, state=?, type=? where id=?
2026-02-08T09:42:24.298+01:00 DEBUG 11908 --- [main] org.hibernate.SQL                        : select p1_0.id,p1_0.name,p1_0.price,p1_0.quantity,p1_0.reserved_orders,p1_0.state from packs p1_0 where p1_0.id=?
2026-02-08T09:42:24.313+01:00 DEBUG 11908 --- [main] org.hibernate.SQL                        : select p1_0.id,p1_0.pack_id,p1_0.product_id,p1_0.quantity from pack_products p1_0 where p1_0.pack_id=?
2026-02-08T09:42:24.316+01:00 DEBUG 11908 --- [main] org.hibernate.SQL                        : select p1_0.id,p1_0.name,p1_0.price,p1_0.quantity,p1_0.reserved_orders,p1_0.state from packs p1_0 where p1_0.id=?
2026-02-08T09:42:24.316+01:00 DEBUG 11908 --- [main] org.hibernate.SQL                        : select p1_0.id,p1_0.bar_code,p1_0.color,p1_0.description,p1_0.mark,p1_0.model,p1_0.price,p1_0.quantity,p1_0.reserved_orders,p1_0.reserved_packs,p1_0.reserved_quantity,p1_0.state,p1_0.type from products p1_0 where p1_0.id=?
2026-02-08T09:42:24.316+01:00 DEBUG 11908 --- [main] org.hibernate.SQL                        : select p1_0.id,p1_0.bar_code,p1_0.color,p1_0.description,p1_0.mark,p1_0.model,p1_0.price,p1_0.quantity,p1_0.reserved_orders,p1_0.reserved_packs,p1_0.reserved_quantity,p1_0.state,p1_0.type from products p1_0 where p1_0.id=?
2026-02-08T09:42:24.318+01:00 DEBUG 11908 --- [main] org.hibernate.SQL                        : select p1_0.id,p1_0.bar_code,p1_0.color,p1_0.description,p1_0.mark,p1_0.model,p1_0.price,p1_0.quantity,p1_0.reserved_orders,p1_0.reserved_packs,p1_0.reserved_quantity,p1_0.state,p1_0.type from products p1_0 where p1_0.id=?
2026-02-08T09:42:24.318+01:00 DEBUG 11908 --- [main] org.hibernate.SQL                        : select p1_0.id,p1_0.bar_code,p1_0.color,p1_0.description,p1_0.mark,p1_0.model,p1_0.price,p1_0.quantity,p1_0.reserved_orders,p1_0.reserved_packs,p1_0.reserved_quantity,p1_0.state,p1_0.type from products p1_0 where p1_0.id=?
2026-02-08T09:42:24.361+01:00  INFO 11908 --- [main] j.LocalContainerEntityManagerFactoryBean : Closing JPA EntityManagerFactory for persistence unit 'default'
2026-02-08T09:42:24.361+01:00  INFO 11908 --- [main] .SchemaDropperImpl$DelayedDropActionImpl : HHH000477: Starting delayed evictData of schema as part of SessionFactory shut-down'
2026-02-08T09:42:24.361+01:00 DEBUG 11908 --- [main] org.hibernate.SQL                        : drop table if exists cash_closure cascade 
2026-02-08T09:42:24.361+01:00 DEBUG 11908 --- [main] org.hibernate.SQL                        : drop table if exists cash_register_transactions cascade 
2026-02-08T09:42:24.367+01:00 DEBUG 11908 --- [main] org.hibernate.SQL                        : drop table if exists commercial_order_lines cascade 
2026-02-08T09:42:24.371+01:00 DEBUG 11908 --- [main] org.hibernate.SQL                        : drop table if exists commercial_order_note_lines cascade 
2026-02-08T09:42:24.376+01:00 DEBUG 11908 --- [main] org.hibernate.SQL                        : drop table if exists commercial_order_state_history cascade 
2026-02-08T09:42:24.376+01:00 DEBUG 11908 --- [main] org.hibernate.SQL                        : drop table if exists commercial_orders cascade 
2026-02-08T09:42:24.376+01:00 DEBUG 11908 --- [main] org.hibernate.SQL                        : drop table if exists commercial_stock cascade 
2026-02-08T09:42:24.376+01:00 DEBUG 11908 --- [main] org.hibernate.SQL                        : drop table if exists commercial_stock_history cascade 
2026-02-08T09:42:24.376+01:00 DEBUG 11908 --- [main] org.hibernate.SQL                        : drop table if exists customers cascade 
2026-02-08T09:42:24.376+01:00 DEBUG 11908 --- [main] org.hibernate.SQL                        : drop table if exists delivery_order_note cascade 
2026-02-08T09:42:24.376+01:00 DEBUG 11908 --- [main] org.hibernate.SQL                        : drop table if exists exit_commercial_order_note cascade 
2026-02-08T09:42:24.383+01:00 DEBUG 11908 --- [main] org.hibernate.SQL                        : drop table if exists exit_order_note cascade 
2026-02-08T09:42:24.383+01:00 DEBUG 11908 --- [main] org.hibernate.SQL                        : drop table if exists order_lines cascade 
2026-02-08T09:42:24.387+01:00 DEBUG 11908 --- [main] org.hibernate.SQL                        : drop table if exists order_note_lines cascade 
2026-02-08T09:42:24.389+01:00 DEBUG 11908 --- [main] org.hibernate.SQL                        : drop table if exists order_state_history cascade 
2026-02-08T09:42:24.389+01:00 DEBUG 11908 --- [main] org.hibernate.SQL                        : drop table if exists orders cascade 
2026-02-08T09:42:24.392+01:00 DEBUG 11908 --- [main] org.hibernate.SQL                        : drop table if exists pack_history cascade 
2026-02-08T09:42:24.392+01:00 DEBUG 11908 --- [main] org.hibernate.SQL                        : drop table if exists pack_products cascade 
2026-02-08T09:42:24.392+01:00 DEBUG 11908 --- [main] org.hibernate.SQL                        : drop table if exists packs cascade 
2026-02-08T09:42:24.392+01:00 DEBUG 11908 --- [main] org.hibernate.SQL                        : drop table if exists product_history cascade 
2026-02-08T09:42:24.392+01:00 DEBUG 11908 --- [main] org.hibernate.SQL                        : drop table if exists products cascade 
2026-02-08T09:42:24.392+01:00 DEBUG 11908 --- [main] org.hibernate.SQL                        : drop table if exists purchase_commercial_order_note cascade 
2026-02-08T09:42:24.392+01:00 DEBUG 11908 --- [main] org.hibernate.SQL                        : drop table if exists purchase_order_note cascade 
2026-02-08T09:42:24.392+01:00 DEBUG 11908 --- [main] org.hibernate.SQL                        : drop table if exists roles cascade 
2026-02-08T09:42:24.392+01:00 DEBUG 11908 --- [main] org.hibernate.SQL                        : drop table if exists stock_entry cascade 
2026-02-08T09:42:24.392+01:00 DEBUG 11908 --- [main] org.hibernate.SQL                        : drop table if exists stock_entry_lines cascade 
2026-02-08T09:42:24.392+01:00 DEBUG 11908 --- [main] org.hibernate.SQL                        : drop table if exists supplier cascade 
2026-02-08T09:42:24.398+01:00 DEBUG 11908 --- [main] org.hibernate.SQL                        : drop table if exists users cascade 
2026-02-08T09:42:24.398+01:00 DEBUG 11908 --- [main] org.hibernate.SQL                        : drop table if exists users_roles cascade 
2026-02-08T09:42:24.398+01:00 DEBUG 11908 --- [main] org.hibernate.SQL                        : drop table if exists withdrawal_transactions cascade 
2026-02-08T09:42:24.401+01:00 TRACE 11908 --- [main] o.h.type.spi.TypeConfiguration$Scope     : Handling #sessionFactoryClosed from [org.hibernate.internal.SessionFactoryImpl@2346f77a] for TypeConfiguration
2026-02-08T09:42:24.401+01:00 DEBUG 11908 --- [main] o.h.type.spi.TypeConfiguration$Scope     : Un-scoping TypeConfiguration [org.hibernate.type.spi.TypeConfiguration$Scope@4835e10a] from SessionFactory [org.hibernate.internal.SessionFactoryImpl@2346f77a]
2026-02-08T09:42:24.401+01:00  INFO 11908 --- [main] com.zaxxer.hikari.HikariDataSource       : HikariPool-1 - Shutdown initiated...
2026-02-08T09:42:24.401+01:00  INFO 11908 --- [main] com.zaxxer.hikari.HikariDataSource       : HikariPool-1 - Shutdown completed.
2026-02-08T09:42:24.407+01:00  INFO 11908 --- [main] t.c.s.AnnotationConfigContextLoaderUtils : Could not detect default configuration classes for test class [com.example.livapp.ProductServiceIntegrationTest]: ProductServiceIntegrationTest does not declare any static, non-private, non-final, nested classes annotated with @Configuration.
2026-02-08T09:42:24.410+01:00  INFO 11908 --- [main] .b.t.c.SpringBootTestContextBootstrapper : Found @SpringBootConfiguration com.example.livapp.LivappApplication for test class com.example.livapp.ProductServiceIntegrationTest
2026-02-08T09:42:24.471+01:00  INFO 11908 --- [main] c.e.l.ProductServiceIntegrationTest      : Starting ProductServiceIntegrationTest using Java 21.0.8 with PID 11908 (started by ESI in C:\Users\ESI\IdeaProjects\jenkins)
2026-02-08T09:42:24.473+01:00  INFO 11908 --- [main] c.e.l.ProductServiceIntegrationTest      : No active profile set, falling back to 1 default profile: "default"
2026-02-08T09:42:24.853+01:00  INFO 11908 --- [main] .s.d.r.c.RepositoryConfigurationDelegate : Bootstrapping Spring Data JPA repositories in DEFAULT mode.
2026-02-08T09:42:24.960+01:00  INFO 11908 --- [main] .s.d.r.c.RepositoryConfigurationDelegate : Finished Spring Data repository scanning in 106 ms. Found 27 JPA repository interfaces.
2026-02-08T09:42:25.087+01:00  INFO 11908 --- [main] o.hibernate.jpa.internal.util.LogHelper  : HHH000204: Processing PersistenceUnitInfo [name: default]
2026-02-08T09:42:25.090+01:00  WARN 11908 --- [main] org.hibernate.orm.deprecation            : HHH90000021: Encountered deprecated setting [javax.persistence.sharedCache.mode], use [jakarta.persistence.sharedCache.mode] instead
2026-02-08T09:42:25.091+01:00 DEBUG 11908 --- [main] o.h.t.d.jdbc.spi.JdbcTypeRegistry        : addDescriptor(FloatTypeDescriptor) replaced previous registration(DoubleTypeDescriptor)
2026-02-08T09:42:25.091+01:00 DEBUG 11908 --- [main] org.hibernate.type.BasicTypeRegistry     : Adding type registration boolean -> org.hibernate.type.BasicTypeReference@64f3991e
2026-02-08T09:42:25.091+01:00 DEBUG 11908 --- [main] org.hibernate.type.BasicTypeRegistry     : Adding type registration boolean -> org.hibernate.type.BasicTypeReference@64f3991e
2026-02-08T09:42:25.091+01:00 DEBUG 11908 --- [main] org.hibernate.type.BasicTypeRegistry     : Adding type registration java.lang.Boolean -> org.hibernate.type.BasicTypeReference@64f3991e
2026-02-08T09:42:25.091+01:00 DEBUG 11908 --- [main] org.hibernate.type.BasicTypeRegistry     : Adding type registration numeric_boolean -> org.hibernate.type.BasicTypeReference@39e3ea78
2026-02-08T09:42:25.091+01:00 DEBUG 11908 --- [main] org.hibernate.type.BasicTypeRegistry     : Adding type registration org.hibernate.type.NumericBooleanConverter -> org.hibernate.type.BasicTypeReference@39e3ea78
2026-02-08T09:42:25.091+01:00 DEBUG 11908 --- [main] org.hibernate.type.BasicTypeRegistry     : Adding type registration true_false -> org.hibernate.type.BasicTypeReference@35e689a0
2026-02-08T09:42:25.091+01:00 DEBUG 11908 --- [main] org.hibernate.type.BasicTypeRegistry     : Adding type registration org.hibernate.type.TrueFalseConverter -> org.hibernate.type.BasicTypeReference@35e689a0
2026-02-08T09:42:25.091+01:00 DEBUG 11908 --- [main] org.hibernate.type.BasicTypeRegistry     : Adding type registration yes_no -> org.hibernate.type.BasicTypeReference@43b6cb1c
2026-02-08T09:42:25.091+01:00 DEBUG 11908 --- [main] org.hibernate.type.BasicTypeRegistry     : Adding type registration org.hibernate.type.YesNoConverter -> org.hibernate.type.BasicTypeReference@43b6cb1c
2026-02-08T09:42:25.092+01:00 DEBUG 11908 --- [main] org.hibernate.type.BasicTypeRegistry     : Adding type registration byte -> org.hibernate.type.BasicTypeReference@3bf5911d
2026-02-08T09:42:25.092+01:00 DEBUG 11908 --- [main] org.hibernate.type.BasicTypeRegistry     : Adding type registration byte -> org.hibernate.type.BasicTypeReference@3bf5911d
2026-02-08T09:42:25.092+01:00 DEBUG 11908 --- [main] org.hibernate.type.BasicTypeRegistry     : Adding type registration java.lang.Byte -> org.hibernate.type.BasicTypeReference@3bf5911d
2026-02-08T09:42:25.092+01:00 DEBUG 11908 --- [main] org.hibernate.type.BasicTypeRegistry     : Adding type registration binary -> org.hibernate.type.BasicTypeReference@1de30c31
2026-02-08T09:42:25.092+01:00 DEBUG 11908 --- [main] org.hibernate.type.BasicTypeRegistry     : Adding type registration byte[] -> org.hibernate.type.BasicTypeReference@1de30c31
2026-02-08T09:42:25.092+01:00 DEBUG 11908 --- [main] org.hibernate.type.BasicTypeRegistry     : Adding type registration [B -> org.hibernate.type.BasicTypeReference@1de30c31
2026-02-08T09:42:25.092+01:00 DEBUG 11908 --- [main] org.hibernate.type.BasicTypeRegistry     : Adding type registration binary_wrapper -> org.hibernate.type.BasicTypeReference@1cc93da4
2026-02-08T09:42:25.092+01:00 DEBUG 11908 --- [main] org.hibernate.type.BasicTypeRegistry     : Adding type registration wrapper-binary -> org.hibernate.type.BasicTypeReference@1cc93da4
2026-02-08T09:42:25.092+01:00 DEBUG 11908 --- [main] org.hibernate.type.BasicTypeRegistry     : Adding type registration Byte[] -> org.hibernate.type.BasicTypeReference@1cc93da4
2026-02-08T09:42:25.092+01:00 DEBUG 11908 --- [main] org.hibernate.type.BasicTypeRegistry     : Adding type registration [Ljava.lang.Byte; -> org.hibernate.type.BasicTypeReference@1cc93da4
2026-02-08T09:42:25.092+01:00 DEBUG 11908 --- [main] org.hibernate.type.BasicTypeRegistry     : Adding type registration image -> org.hibernate.type.BasicTypeReference@69d2fb0a
2026-02-08T09:42:25.092+01:00 DEBUG 11908 --- [main] org.hibernate.type.BasicTypeRegistry     : Adding type registration blob -> org.hibernate.type.BasicTypeReference@7e38e254
2026-02-08T09:42:25.092+01:00 DEBUG 11908 --- [main] org.hibernate.type.BasicTypeRegistry     : Adding type registration java.sql.Blob -> org.hibernate.type.BasicTypeReference@7e38e254
2026-02-08T09:42:25.092+01:00 DEBUG 11908 --- [main] org.hibernate.type.BasicTypeRegistry     : Adding type registration materialized_blob -> org.hibernate.type.BasicTypeReference@7b3feb26
2026-02-08T09:42:25.092+01:00 DEBUG 11908 --- [main] org.hibernate.type.BasicTypeRegistry     : Adding type registration materialized_blob_wrapper -> org.hibernate.type.BasicTypeReference@2e4ecdf8
2026-02-08T09:42:25.092+01:00 DEBUG 11908 --- [main] org.hibernate.type.BasicTypeRegistry     : Adding type registration short -> org.hibernate.type.BasicTypeReference@503a7990
2026-02-08T09:42:25.092+01:00 DEBUG 11908 --- [main] org.hibernate.type.BasicTypeRegistry     : Adding type registration short -> org.hibernate.type.BasicTypeReference@503a7990
2026-02-08T09:42:25.092+01:00 DEBUG 11908 --- [main] org.hibernate.type.BasicTypeRegistry     : Adding type registration java.lang.Short -> org.hibernate.type.BasicTypeReference@503a7990
2026-02-08T09:42:25.092+01:00 DEBUG 11908 --- [main] org.hibernate.type.BasicTypeRegistry     : Adding type registration integer -> org.hibernate.type.BasicTypeReference@69a90b81
2026-02-08T09:42:25.092+01:00 DEBUG 11908 --- [main] org.hibernate.type.BasicTypeRegistry     : Adding type registration int -> org.hibernate.type.BasicTypeReference@69a90b81
2026-02-08T09:42:25.093+01:00 DEBUG 11908 --- [main] org.hibernate.type.BasicTypeRegistry     : Adding type registration java.lang.Integer -> org.hibernate.type.BasicTypeReference@69a90b81
2026-02-08T09:42:25.093+01:00 DEBUG 11908 --- [main] org.hibernate.type.BasicTypeRegistry     : Adding type registration long -> org.hibernate.type.BasicTypeReference@6dcbbb49
2026-02-08T09:42:25.093+01:00 DEBUG 11908 --- [main] org.hibernate.type.BasicTypeRegistry     : Adding type registration long -> org.hibernate.type.BasicTypeReference@6dcbbb49
2026-02-08T09:42:25.093+01:00 DEBUG 11908 --- [main] org.hibernate.type.BasicTypeRegistry     : Adding type registration java.lang.Long -> org.hibernate.type.BasicTypeReference@6dcbbb49
2026-02-08T09:42:25.093+01:00 DEBUG 11908 --- [main] org.hibernate.type.BasicTypeRegistry     : Adding type registration float -> org.hibernate.type.BasicTypeReference@35329a05
2026-02-08T09:42:25.093+01:00 DEBUG 11908 --- [main] org.hibernate.type.BasicTypeRegistry     : Adding type registration float -> org.hibernate.type.BasicTypeReference@35329a05
2026-02-08T09:42:25.093+01:00 DEBUG 11908 --- [main] org.hibernate.type.BasicTypeRegistry     : Adding type registration java.lang.Float -> org.hibernate.type.BasicTypeReference@35329a05
2026-02-08T09:42:25.093+01:00 DEBUG 11908 --- [main] org.hibernate.type.BasicTypeRegistry     : Adding type registration double -> org.hibernate.type.BasicTypeReference@36c783ca
2026-02-08T09:42:25.093+01:00 DEBUG 11908 --- [main] org.hibernate.type.BasicTypeRegistry     : Adding type registration double -> org.hibernate.type.BasicTypeReference@36c783ca
2026-02-08T09:42:25.093+01:00 DEBUG 11908 --- [main] org.hibernate.type.BasicTypeRegistry     : Adding type registration java.lang.Double -> org.hibernate.type.BasicTypeReference@36c783ca
2026-02-08T09:42:25.093+01:00 DEBUG 11908 --- [main] org.hibernate.type.BasicTypeRegistry     : Adding type registration big_integer -> org.hibernate.type.BasicTypeReference@17136390
2026-02-08T09:42:25.093+01:00 DEBUG 11908 --- [main] org.hibernate.type.BasicTypeRegistry     : Adding type registration java.math.BigInteger -> org.hibernate.type.BasicTypeReference@17136390
2026-02-08T09:42:25.093+01:00 DEBUG 11908 --- [main] org.hibernate.type.BasicTypeRegistry     : Adding type registration big_decimal -> org.hibernate.type.BasicTypeReference@273293c8
2026-02-08T09:42:25.093+01:00 DEBUG 11908 --- [main] org.hibernate.type.BasicTypeRegistry     : Adding type registration java.math.BigDecimal -> org.hibernate.type.BasicTypeReference@273293c8
2026-02-08T09:42:25.093+01:00 DEBUG 11908 --- [main] org.hibernate.type.BasicTypeRegistry     : Adding type registration character -> org.hibernate.type.BasicTypeReference@6f1d799
2026-02-08T09:42:25.093+01:00 DEBUG 11908 --- [main] org.hibernate.type.BasicTypeRegistry     : Adding type registration char -> org.hibernate.type.BasicTypeReference@6f1d799
2026-02-08T09:42:25.093+01:00 DEBUG 11908 --- [main] org.hibernate.type.BasicTypeRegistry     : Adding type registration java.lang.Character -> org.hibernate.type.BasicTypeReference@6f1d799
2026-02-08T09:42:25.093+01:00 DEBUG 11908 --- [main] org.hibernate.type.BasicTypeRegistry     : Adding type registration character_nchar -> org.hibernate.type.BasicTypeReference@ca2cd5e
2026-02-08T09:42:25.093+01:00 DEBUG 11908 --- [main] org.hibernate.type.BasicTypeRegistry     : Adding type registration string -> org.hibernate.type.BasicTypeReference@a120b9
2026-02-08T09:42:25.093+01:00 DEBUG 11908 --- [main] org.hibernate.type.BasicTypeRegistry     : Adding type registration java.lang.String -> org.hibernate.type.BasicTypeReference@a120b9
2026-02-08T09:42:25.093+01:00 DEBUG 11908 --- [main] org.hibernate.type.BasicTypeRegistry     : Adding type registration nstring -> org.hibernate.type.BasicTypeReference@333e5fb6
2026-02-08T09:42:25.093+01:00 DEBUG 11908 --- [main] org.hibernate.type.BasicTypeRegistry     : Adding type registration characters -> org.hibernate.type.BasicTypeReference@3b7b0b57
2026-02-08T09:42:25.093+01:00 DEBUG 11908 --- [main] org.hibernate.type.BasicTypeRegistry     : Adding type registration char[] -> org.hibernate.type.BasicTypeReference@3b7b0b57
2026-02-08T09:42:25.093+01:00 DEBUG 11908 --- [main] org.hibernate.type.BasicTypeRegistry     : Adding type registration [C -> org.hibernate.type.BasicTypeReference@3b7b0b57
2026-02-08T09:42:25.093+01:00 DEBUG 11908 --- [main] org.hibernate.type.BasicTypeRegistry     : Adding type registration wrapper-characters -> org.hibernate.type.BasicTypeReference@21a9f95b
2026-02-08T09:42:25.093+01:00 DEBUG 11908 --- [main] org.hibernate.type.BasicTypeRegistry     : Adding type registration [Ljava.lang.Character; -> org.hibernate.type.BasicTypeReference@21a9f95b
2026-02-08T09:42:25.093+01:00 DEBUG 11908 --- [main] org.hibernate.type.BasicTypeRegistry     : Adding type registration Character[] -> org.hibernate.type.BasicTypeReference@21a9f95b
2026-02-08T09:42:25.093+01:00 DEBUG 11908 --- [main] org.hibernate.type.BasicTypeRegistry     : Adding type registration text -> org.hibernate.type.BasicTypeReference@2804b13f
2026-02-08T09:42:25.094+01:00 DEBUG 11908 --- [main] org.hibernate.type.BasicTypeRegistry     : Adding type registration ntext -> org.hibernate.type.BasicTypeReference@69069866
2026-02-08T09:42:25.094+01:00 DEBUG 11908 --- [main] org.hibernate.type.BasicTypeRegistry     : Adding type registration clob -> org.hibernate.type.BasicTypeReference@ac417a2
2026-02-08T09:42:25.094+01:00 DEBUG 11908 --- [main] org.hibernate.type.BasicTypeRegistry     : Adding type registration java.sql.Clob -> org.hibernate.type.BasicTypeReference@ac417a2
2026-02-08T09:42:25.094+01:00 DEBUG 11908 --- [main] org.hibernate.type.BasicTypeRegistry     : Adding type registration nclob -> org.hibernate.type.BasicTypeReference@64c95480
2026-02-08T09:42:25.094+01:00 DEBUG 11908 --- [main] org.hibernate.type.BasicTypeRegistry     : Adding type registration java.sql.NClob -> org.hibernate.type.BasicTypeReference@64c95480
2026-02-08T09:42:25.094+01:00 DEBUG 11908 --- [main] org.hibernate.type.BasicTypeRegistry     : Adding type registration materialized_clob -> org.hibernate.type.BasicTypeReference@69499c6f
2026-02-08T09:42:25.094+01:00 DEBUG 11908 --- [main] org.hibernate.type.BasicTypeRegistry     : Adding type registration materialized_clob_char_array -> org.hibernate.type.BasicTypeReference@3451fc88
2026-02-08T09:42:25.094+01:00 DEBUG 11908 --- [main] org.hibernate.type.BasicTypeRegistry     : Adding type registration materialized_clob_character_array -> org.hibernate.type.BasicTypeReference@1e0294a7
2026-02-08T09:42:25.094+01:00 DEBUG 11908 --- [main] org.hibernate.type.BasicTypeRegistry     : Adding type registration materialized_nclob -> org.hibernate.type.BasicTypeReference@3041beb3
2026-02-08T09:42:25.094+01:00 DEBUG 11908 --- [main] org.hibernate.type.BasicTypeRegistry     : Adding type registration materialized_nclob_character_array -> org.hibernate.type.BasicTypeReference@15cee630
2026-02-08T09:42:25.094+01:00 DEBUG 11908 --- [main] org.hibernate.type.BasicTypeRegistry     : Adding type registration materialized_nclob_char_array -> org.hibernate.type.BasicTypeReference@2e40fdbd
2026-02-08T09:42:25.094+01:00 DEBUG 11908 --- [main] org.hibernate.type.BasicTypeRegistry     : Adding type registration Duration -> org.hibernate.type.BasicTypeReference@246de37e
2026-02-08T09:42:25.094+01:00 DEBUG 11908 --- [main] org.hibernate.type.BasicTypeRegistry     : Adding type registration java.time.Duration -> org.hibernate.type.BasicTypeReference@246de37e
2026-02-08T09:42:25.094+01:00 DEBUG 11908 --- [main] org.hibernate.type.BasicTypeRegistry     : Adding type registration LocalDateTime -> org.hibernate.type.BasicTypeReference@19647566
2026-02-08T09:42:25.094+01:00 DEBUG 11908 --- [main] org.hibernate.type.BasicTypeRegistry     : Adding type registration java.time.LocalDateTime -> org.hibernate.type.BasicTypeReference@19647566
2026-02-08T09:42:25.094+01:00 DEBUG 11908 --- [main] org.hibernate.type.BasicTypeRegistry     : Adding type registration LocalDate -> org.hibernate.type.BasicTypeReference@7b79ff1c
2026-02-08T09:42:25.094+01:00 DEBUG 11908 --- [main] org.hibernate.type.BasicTypeRegistry     : Adding type registration java.time.LocalDate -> org.hibernate.type.BasicTypeReference@7b79ff1c
2026-02-08T09:42:25.094+01:00 DEBUG 11908 --- [main] org.hibernate.type.BasicTypeRegistry     : Adding type registration LocalTime -> org.hibernate.type.BasicTypeReference@527d48db
2026-02-08T09:42:25.094+01:00 DEBUG 11908 --- [main] org.hibernate.type.BasicTypeRegistry     : Adding type registration java.time.LocalTime -> org.hibernate.type.BasicTypeReference@527d48db
2026-02-08T09:42:25.094+01:00 DEBUG 11908 --- [main] org.hibernate.type.BasicTypeRegistry     : Adding type registration OffsetDateTime -> org.hibernate.type.BasicTypeReference@194037f9
2026-02-08T09:42:25.094+01:00 DEBUG 11908 --- [main] org.hibernate.type.BasicTypeRegistry     : Adding type registration java.time.OffsetDateTime -> org.hibernate.type.BasicTypeReference@194037f9
2026-02-08T09:42:25.094+01:00 DEBUG 11908 --- [main] org.hibernate.type.BasicTypeRegistry     : Adding type registration OffsetDateTimeWithTimezone -> org.hibernate.type.BasicTypeReference@2335aef2
2026-02-08T09:42:25.094+01:00 DEBUG 11908 --- [main] org.hibernate.type.BasicTypeRegistry     : Adding type registration OffsetDateTimeWithoutTimezone -> org.hibernate.type.BasicTypeReference@17003497
2026-02-08T09:42:25.094+01:00 DEBUG 11908 --- [main] org.hibernate.type.BasicTypeRegistry     : Adding type registration OffsetTime -> org.hibernate.type.BasicTypeReference@2f038d3c
2026-02-08T09:42:25.094+01:00 DEBUG 11908 --- [main] org.hibernate.type.BasicTypeRegistry     : Adding type registration java.time.OffsetTime -> org.hibernate.type.BasicTypeReference@2f038d3c
2026-02-08T09:42:25.094+01:00 DEBUG 11908 --- [main] org.hibernate.type.BasicTypeRegistry     : Adding type registration ZonedDateTime -> org.hibernate.type.BasicTypeReference@376498da
2026-02-08T09:42:25.094+01:00 DEBUG 11908 --- [main] org.hibernate.type.BasicTypeRegistry     : Adding type registration java.time.ZonedDateTime -> org.hibernate.type.BasicTypeReference@376498da
2026-02-08T09:42:25.094+01:00 DEBUG 11908 --- [main] org.hibernate.type.BasicTypeRegistry     : Adding type registration ZonedDateTimeWithTimezone -> org.hibernate.type.BasicTypeReference@39a8e2fa
2026-02-08T09:42:25.094+01:00 DEBUG 11908 --- [main] org.hibernate.type.BasicTypeRegistry     : Adding type registration ZonedDateTimeWithoutTimezone -> org.hibernate.type.BasicTypeReference@2f9addd4
2026-02-08T09:42:25.094+01:00 DEBUG 11908 --- [main] org.hibernate.type.BasicTypeRegistry     : Adding type registration date -> org.hibernate.type.BasicTypeReference@1c43df76
2026-02-08T09:42:25.094+01:00 DEBUG 11908 --- [main] org.hibernate.type.BasicTypeRegistry     : Adding type registration java.sql.Date -> org.hibernate.type.BasicTypeReference@1c43df76
2026-02-08T09:42:25.094+01:00 DEBUG 11908 --- [main] org.hibernate.type.BasicTypeRegistry     : Adding type registration time -> org.hibernate.type.BasicTypeReference@ff2266c
2026-02-08T09:42:25.094+01:00 DEBUG 11908 --- [main] org.hibernate.type.BasicTypeRegistry     : Adding type registration java.sql.Time -> org.hibernate.type.BasicTypeReference@ff2266c
2026-02-08T09:42:25.094+01:00 DEBUG 11908 --- [main] org.hibernate.type.BasicTypeRegistry     : Adding type registration timestamp -> org.hibernate.type.BasicTypeReference@71b3ba5a
2026-02-08T09:42:25.094+01:00 DEBUG 11908 --- [main] org.hibernate.type.BasicTypeRegistry     : Adding type registration java.sql.Timestamp -> org.hibernate.type.BasicTypeReference@71b3ba5a
2026-02-08T09:42:25.094+01:00 DEBUG 11908 --- [main] org.hibernate.type.BasicTypeRegistry     : Adding type registration java.util.Date -> org.hibernate.type.BasicTypeReference@71b3ba5a
2026-02-08T09:42:25.094+01:00 DEBUG 11908 --- [main] org.hibernate.type.BasicTypeRegistry     : Adding type registration calendar -> org.hibernate.type.BasicTypeReference@83ebdc5
2026-02-08T09:42:25.094+01:00 DEBUG 11908 --- [main] org.hibernate.type.BasicTypeRegistry     : Adding type registration java.util.Calendar -> org.hibernate.type.BasicTypeReference@83ebdc5
2026-02-08T09:42:25.094+01:00 DEBUG 11908 --- [main] org.hibernate.type.BasicTypeRegistry     : Adding type registration java.util.GregorianCalendar -> org.hibernate.type.BasicTypeReference@83ebdc5
2026-02-08T09:42:25.094+01:00 DEBUG 11908 --- [main] org.hibernate.type.BasicTypeRegistry     : Adding type registration calendar_date -> org.hibernate.type.BasicTypeReference@a047bdb
2026-02-08T09:42:25.094+01:00 DEBUG 11908 --- [main] org.hibernate.type.BasicTypeRegistry     : Adding type registration calendar_time -> org.hibernate.type.BasicTypeReference@14dbfdb1
2026-02-08T09:42:25.094+01:00 DEBUG 11908 --- [main] org.hibernate.type.BasicTypeRegistry     : Adding type registration instant -> org.hibernate.type.BasicTypeReference@7856f41a
2026-02-08T09:42:25.094+01:00 DEBUG 11908 --- [main] org.hibernate.type.BasicTypeRegistry     : Adding type registration java.time.Instant -> org.hibernate.type.BasicTypeReference@7856f41a
2026-02-08T09:42:25.094+01:00 DEBUG 11908 --- [main] org.hibernate.type.BasicTypeRegistry     : Adding type registration uuid -> org.hibernate.type.BasicTypeReference@5fbae40
2026-02-08T09:42:25.094+01:00 DEBUG 11908 --- [main] org.hibernate.type.BasicTypeRegistry     : Adding type registration java.util.UUID -> org.hibernate.type.BasicTypeReference@5fbae40
2026-02-08T09:42:25.094+01:00 DEBUG 11908 --- [main] org.hibernate.type.BasicTypeRegistry     : Adding type registration pg-uuid -> org.hibernate.type.BasicTypeReference@5fbae40
2026-02-08T09:42:25.094+01:00 DEBUG 11908 --- [main] org.hibernate.type.BasicTypeRegistry     : Adding type registration uuid-binary -> org.hibernate.type.BasicTypeReference@2c08c787
2026-02-08T09:42:25.094+01:00 DEBUG 11908 --- [main] org.hibernate.type.BasicTypeRegistry     : Adding type registration uuid-char -> org.hibernate.type.BasicTypeReference@67f591c2
2026-02-08T09:42:25.094+01:00 DEBUG 11908 --- [main] org.hibernate.type.BasicTypeRegistry     : Adding type registration class -> org.hibernate.type.BasicTypeReference@284c4f02
2026-02-08T09:42:25.094+01:00 DEBUG 11908 --- [main] org.hibernate.type.BasicTypeRegistry     : Adding type registration java.lang.Class -> org.hibernate.type.BasicTypeReference@284c4f02
2026-02-08T09:42:25.094+01:00 DEBUG 11908 --- [main] org.hibernate.type.BasicTypeRegistry     : Adding type registration currency -> org.hibernate.type.BasicTypeReference@709d6de5
2026-02-08T09:42:25.094+01:00 DEBUG 11908 --- [main] org.hibernate.type.BasicTypeRegistry     : Adding type registration Currency -> org.hibernate.type.BasicTypeReference@709d6de5
2026-02-08T09:42:25.094+01:00 DEBUG 11908 --- [main] org.hibernate.type.BasicTypeRegistry     : Adding type registration java.util.Currency -> org.hibernate.type.BasicTypeReference@709d6de5
2026-02-08T09:42:25.094+01:00 DEBUG 11908 --- [main] org.hibernate.type.BasicTypeRegistry     : Adding type registration locale -> org.hibernate.type.BasicTypeReference@1a43a88e
2026-02-08T09:42:25.094+01:00 DEBUG 11908 --- [main] org.hibernate.type.BasicTypeRegistry     : Adding type registration java.util.Locale -> org.hibernate.type.BasicTypeReference@1a43a88e
2026-02-08T09:42:25.094+01:00 DEBUG 11908 --- [main] org.hibernate.type.BasicTypeRegistry     : Adding type registration serializable -> org.hibernate.type.BasicTypeReference@51f34185
2026-02-08T09:42:25.094+01:00 DEBUG 11908 --- [main] org.hibernate.type.BasicTypeRegistry     : Adding type registration java.io.Serializable -> org.hibernate.type.BasicTypeReference@51f34185
2026-02-08T09:42:25.094+01:00 DEBUG 11908 --- [main] org.hibernate.type.BasicTypeRegistry     : Adding type registration timezone -> org.hibernate.type.BasicTypeReference@1b8d20e6
2026-02-08T09:42:25.094+01:00 DEBUG 11908 --- [main] org.hibernate.type.BasicTypeRegistry     : Adding type registration java.util.TimeZone -> org.hibernate.type.BasicTypeReference@1b8d20e6
2026-02-08T09:42:25.094+01:00 DEBUG 11908 --- [main] org.hibernate.type.BasicTypeRegistry     : Adding type registration ZoneOffset -> org.hibernate.type.BasicTypeReference@e49437
2026-02-08T09:42:25.094+01:00 DEBUG 11908 --- [main] org.hibernate.type.BasicTypeRegistry     : Adding type registration java.time.ZoneOffset -> org.hibernate.type.BasicTypeReference@e49437
2026-02-08T09:42:25.094+01:00 DEBUG 11908 --- [main] org.hibernate.type.BasicTypeRegistry     : Adding type registration url -> org.hibernate.type.BasicTypeReference@7645b7d
2026-02-08T09:42:25.094+01:00 DEBUG 11908 --- [main] org.hibernate.type.BasicTypeRegistry     : Adding type registration java.net.URL -> org.hibernate.type.BasicTypeReference@7645b7d
2026-02-08T09:42:25.094+01:00 DEBUG 11908 --- [main] org.hibernate.type.BasicTypeRegistry     : Adding type registration row_version -> org.hibernate.type.BasicTypeReference@4c50cd7d
2026-02-08T09:42:25.094+01:00 DEBUG 11908 --- [main] org.hibernate.type.BasicTypeRegistry     : Adding type registration dbtimestamp -> org.hibernate.type.DbTimestampType@63c84d31
2026-02-08T09:42:25.094+01:00 DEBUG 11908 --- [main] org.hibernate.type.BasicTypeRegistry     : Adding type registration dbtimestamp -> org.hibernate.type.DbTimestampType@63c84d31
2026-02-08T09:42:25.094+01:00 DEBUG 11908 --- [main] org.hibernate.type.BasicTypeRegistry     : Adding type registration object -> org.hibernate.type.JavaObjectType@7f53fc38
2026-02-08T09:42:25.094+01:00 DEBUG 11908 --- [main] org.hibernate.type.BasicTypeRegistry     : Adding type registration java.lang.Object -> org.hibernate.type.JavaObjectType@7f53fc38
2026-02-08T09:42:25.094+01:00 DEBUG 11908 --- [main] org.hibernate.type.BasicTypeRegistry     : Adding type registration null -> org.hibernate.type.NullType@629cbb1
2026-02-08T09:42:25.094+01:00 DEBUG 11908 --- [main] org.hibernate.type.BasicTypeRegistry     : Adding type registration imm_date -> org.hibernate.type.BasicTypeReference@9e5e75
2026-02-08T09:42:25.094+01:00 DEBUG 11908 --- [main] org.hibernate.type.BasicTypeRegistry     : Adding type registration imm_time -> org.hibernate.type.BasicTypeReference@6799cded
2026-02-08T09:42:25.094+01:00 DEBUG 11908 --- [main] org.hibernate.type.BasicTypeRegistry     : Adding type registration imm_timestamp -> org.hibernate.type.BasicTypeReference@38f20b58
2026-02-08T09:42:25.095+01:00 DEBUG 11908 --- [main] org.hibernate.type.BasicTypeRegistry     : Adding type registration imm_calendar -> org.hibernate.type.BasicTypeReference@1f404aa1
2026-02-08T09:42:25.095+01:00 DEBUG 11908 --- [main] org.hibernate.type.BasicTypeRegistry     : Adding type registration imm_calendar_date -> org.hibernate.type.BasicTypeReference@6d5fc2ca
2026-02-08T09:42:25.095+01:00 DEBUG 11908 --- [main] org.hibernate.type.BasicTypeRegistry     : Adding type registration imm_calendar_time -> org.hibernate.type.BasicTypeReference@44808c29
2026-02-08T09:42:25.095+01:00 DEBUG 11908 --- [main] org.hibernate.type.BasicTypeRegistry     : Adding type registration imm_binary -> org.hibernate.type.BasicTypeReference@6c00f72a
2026-02-08T09:42:25.095+01:00 DEBUG 11908 --- [main] org.hibernate.type.BasicTypeRegistry     : Adding type registration imm_serializable -> org.hibernate.type.BasicTypeReference@7188bd49
2026-02-08T09:42:25.097+01:00  INFO 11908 --- [main] com.zaxxer.hikari.HikariDataSource       : HikariPool-2 - Starting...
2026-02-08T09:42:25.099+01:00  INFO 11908 --- [main] com.zaxxer.hikari.pool.HikariPool        : HikariPool-2 - Added connection conn10: url=jdbc:h2:mem:test user=SA
2026-02-08T09:42:25.099+01:00  INFO 11908 --- [main] com.zaxxer.hikari.HikariDataSource       : HikariPool-2 - Start completed.
2026-02-08T09:42:25.100+01:00  INFO 11908 --- [main] SQL dialect                              : HHH000400: Using dialect: org.hibernate.dialect.H2Dialect
2026-02-08T09:42:25.100+01:00 DEBUG 11908 --- [main] o.h.t.d.jdbc.spi.JdbcTypeRegistry        : addDescriptor(NCharTypeDescriptor) replaced previous registration(CharTypeDescriptor)
2026-02-08T09:42:25.100+01:00 DEBUG 11908 --- [main] o.h.t.d.jdbc.spi.JdbcTypeRegistry        : addDescriptor(NVarcharTypeDescriptor) replaced previous registration(VarcharTypeDescriptor)
2026-02-08T09:42:25.100+01:00 DEBUG 11908 --- [main] o.h.t.d.jdbc.spi.JdbcTypeRegistry        : addDescriptor(LongNVarcharTypeDescriptor) replaced previous registration(LongVarcharTypeDescriptor)
2026-02-08T09:42:25.100+01:00 DEBUG 11908 --- [main] o.h.t.d.jdbc.spi.JdbcTypeRegistry        : addDescriptor(NClobTypeDescriptor(DEFAULT)) replaced previous registration(ClobTypeDescriptor(DEFAULT))
2026-02-08T09:42:25.100+01:00 DEBUG 11908 --- [main] o.h.t.d.jdbc.spi.JdbcTypeRegistry        : addDescriptor(2005, ClobTypeDescriptor(STREAM_BINDING)) replaced previous registration(ClobTypeDescriptor(DEFAULT))
2026-02-08T09:42:25.101+01:00 DEBUG 11908 --- [main] o.h.t.d.jdbc.spi.JdbcTypeRegistry        : addDescriptor(3003, TimestampUtcDescriptor) replaced previous registration(TimestampUtcDescriptor)
2026-02-08T09:42:25.101+01:00 DEBUG 11908 --- [main] org.hibernate.type.BasicTypeRegistry     : Adding type registration org.hibernate.type.OffsetDateTimeType -> basicType@18(java.time.OffsetDateTime,93)
2026-02-08T09:42:25.101+01:00 DEBUG 11908 --- [main] org.hibernate.type.BasicTypeRegistry     : Adding type registration OffsetDateTime -> basicType@18(java.time.OffsetDateTime,93)
2026-02-08T09:42:25.101+01:00 DEBUG 11908 --- [main] org.hibernate.type.BasicTypeRegistry     : Adding type registration java.time.OffsetDateTime -> basicType@18(java.time.OffsetDateTime,93)
2026-02-08T09:42:25.101+01:00 DEBUG 11908 --- [main] org.hibernate.type.BasicTypeRegistry     : Adding type registration org.hibernate.type.ZonedDateTimeType -> basicType@19(java.time.ZonedDateTime,93)
2026-02-08T09:42:25.101+01:00 DEBUG 11908 --- [main] org.hibernate.type.BasicTypeRegistry     : Adding type registration ZonedDateTime -> basicType@19(java.time.ZonedDateTime,93)
2026-02-08T09:42:25.101+01:00 DEBUG 11908 --- [main] org.hibernate.type.BasicTypeRegistry     : Adding type registration java.time.ZonedDateTime -> basicType@19(java.time.ZonedDateTime,93)
2026-02-08T09:42:25.101+01:00 DEBUG 11908 --- [main] o.h.type.spi.TypeConfiguration$Scope     : Scoping TypeConfiguration [org.hibernate.type.spi.TypeConfiguration@afee49e] to MetadataBuildingContext [org.hibernate.boot.internal.MetadataBuildingContextRootImpl@4c3d056]
2026-02-08T09:42:25.168+01:00 DEBUG 11908 --- [main] o.h.type.spi.TypeConfiguration$Scope     : Scoping TypeConfiguration [org.hibernate.type.spi.TypeConfiguration@afee49e] to SessionFactoryImplementor [org.hibernate.internal.SessionFactoryImpl@788b0c96]
2026-02-08T09:42:25.339+01:00 DEBUG 11908 --- [main] org.hibernate.SQL                        : drop table if exists cash_closure cascade 
2026-02-08T09:42:25.340+01:00 DEBUG 11908 --- [main] org.hibernate.SQL                        : drop table if exists cash_register_transactions cascade 
2026-02-08T09:42:25.340+01:00 DEBUG 11908 --- [main] org.hibernate.SQL                        : drop table if exists commercial_order_lines cascade 
2026-02-08T09:42:25.340+01:00 DEBUG 11908 --- [main] org.hibernate.SQL                        : drop table if exists commercial_order_note_lines cascade 
2026-02-08T09:42:25.340+01:00 DEBUG 11908 --- [main] org.hibernate.SQL                        : drop table if exists commercial_order_state_history cascade 
2026-02-08T09:42:25.340+01:00 DEBUG 11908 --- [main] org.hibernate.SQL                        : drop table if exists commercial_orders cascade 
2026-02-08T09:42:25.340+01:00 DEBUG 11908 --- [main] org.hibernate.SQL                        : drop table if exists commercial_stock cascade 
2026-02-08T09:42:25.340+01:00 DEBUG 11908 --- [main] org.hibernate.SQL                        : drop table if exists commercial_stock_history cascade 
2026-02-08T09:42:25.340+01:00 DEBUG 11908 --- [main] org.hibernate.SQL                        : drop table if exists customers cascade 
2026-02-08T09:42:25.340+01:00 DEBUG 11908 --- [main] org.hibernate.SQL                        : drop table if exists delivery_order_note cascade 
2026-02-08T09:42:25.340+01:00 DEBUG 11908 --- [main] org.hibernate.SQL                        : drop table if exists exit_commercial_order_note cascade 
2026-02-08T09:42:25.340+01:00 DEBUG 11908 --- [main] org.hibernate.SQL                        : drop table if exists exit_order_note cascade 
2026-02-08T09:42:25.341+01:00 DEBUG 11908 --- [main] org.hibernate.SQL                        : drop table if exists order_lines cascade 
2026-02-08T09:42:25.341+01:00 DEBUG 11908 --- [main] org.hibernate.SQL                        : drop table if exists order_note_lines cascade 
2026-02-08T09:42:25.341+01:00 DEBUG 11908 --- [main] org.hibernate.SQL                        : drop table if exists order_state_history cascade 
2026-02-08T09:42:25.341+01:00 DEBUG 11908 --- [main] org.hibernate.SQL                        : drop table if exists orders cascade 
2026-02-08T09:42:25.341+01:00 DEBUG 11908 --- [main] org.hibernate.SQL                        : drop table if exists pack_history cascade 
2026-02-08T09:42:25.341+01:00 DEBUG 11908 --- [main] org.hibernate.SQL                        : drop table if exists pack_products cascade 
2026-02-08T09:42:25.341+01:00 DEBUG 11908 --- [main] org.hibernate.SQL                        : drop table if exists packs cascade 
2026-02-08T09:42:25.341+01:00 DEBUG 11908 --- [main] org.hibernate.SQL                        : drop table if exists product_history cascade 
2026-02-08T09:42:25.341+01:00 DEBUG 11908 --- [main] org.hibernate.SQL                        : drop table if exists products cascade 
2026-02-08T09:42:25.343+01:00 DEBUG 11908 --- [main] org.hibernate.SQL                        : drop table if exists purchase_commercial_order_note cascade 
2026-02-08T09:42:25.343+01:00 DEBUG 11908 --- [main] org.hibernate.SQL                        : drop table if exists purchase_order_note cascade 
2026-02-08T09:42:25.343+01:00 DEBUG 11908 --- [main] org.hibernate.SQL                        : drop table if exists roles cascade 
2026-02-08T09:42:25.343+01:00 DEBUG 11908 --- [main] org.hibernate.SQL                        : drop table if exists stock_entry cascade 
2026-02-08T09:42:25.343+01:00 DEBUG 11908 --- [main] org.hibernate.SQL                        : drop table if exists stock_entry_lines cascade 
2026-02-08T09:42:25.343+01:00 DEBUG 11908 --- [main] org.hibernate.SQL                        : drop table if exists supplier cascade 
2026-02-08T09:42:25.343+01:00 DEBUG 11908 --- [main] org.hibernate.SQL                        : drop table if exists users cascade 
2026-02-08T09:42:25.344+01:00 DEBUG 11908 --- [main] org.hibernate.SQL                        : drop table if exists users_roles cascade 
2026-02-08T09:42:25.344+01:00 DEBUG 11908 --- [main] org.hibernate.SQL                        : drop table if exists withdrawal_transactions cascade 
2026-02-08T09:42:25.345+01:00 DEBUG 11908 --- [main] org.hibernate.SQL                        : create table cash_closure (id bigint generated by default as identity, amount_received float(53) not null, amount_withdrawn float(53) not null, closure_date TIMESTAMP DEFAULT CURRENT_TIMESTAMP not null, description varchar(255), cashier_id bigint not null, primary key (id))
2026-02-08T09:42:25.346+01:00 DEBUG 11908 --- [main] org.hibernate.SQL                        : create table cash_register_transactions (id bigint generated by default as identity, amount float(53) not null, payment_date TIMESTAMP DEFAULT CURRENT_TIMESTAMP not null, cashier_id bigint not null, customer_id bigint, user_id bigint, primary key (id))
2026-02-08T09:42:25.347+01:00 DEBUG 11908 --- [main] org.hibernate.SQL                        : create table commercial_order_lines (id bigint generated by default as identity, price float(53) not null, quantity integer not null, commercial_order_id bigint not null, pack_id bigint, product_id bigint, primary key (id))
2026-02-08T09:42:25.348+01:00 DEBUG 11908 --- [main] org.hibernate.SQL                        : create table commercial_order_note_lines (id bigint generated by default as identity, price float(53) not null, quantity integer not null, commercial_exit_order_note_id bigint, pack_id bigint, product_id bigint, commercial_purchase_order_note_id bigint, primary key (id))
2026-02-08T09:42:25.349+01:00 DEBUG 11908 --- [main] org.hibernate.SQL                        : create table commercial_order_state_history (id bigint generated by default as identity, changed_date TIMESTAMP DEFAULT CURRENT_TIMESTAMP not null, new_state varchar(255), old_state varchar(255), prepared_person_id bigint, commercial_order_id bigint not null, primary key (id))
2026-02-08T09:42:25.350+01:00 DEBUG 11908 --- [main] org.hibernate.SQL                        : create table commercial_orders (id bigint generated by default as identity, archived boolean not null, order_date TIMESTAMP DEFAULT CURRENT_TIMESTAMP not null, state varchar(255), total_price float(53) not null, user_id bigint not null, primary key (id))
2026-02-08T09:42:25.351+01:00 DEBUG 11908 --- [main] org.hibernate.SQL                        : create table commercial_stock (id bigint generated by default as identity, quantity integer not null, pack_id bigint, product_id bigint, commercial_id bigint not null, primary key (id))
2026-02-08T09:42:25.352+01:00 DEBUG 11908 --- [main] org.hibernate.SQL                        : create table commercial_stock_history (id bigint generated by default as identity, changed_date TIMESTAMP DEFAULT CURRENT_TIMESTAMP not null, quantity integer not null, pack_id bigint, product_id bigint, commercial_id bigint not null, primary key (id))
2026-02-08T09:42:25.353+01:00 DEBUG 11908 --- [main] org.hibernate.SQL                        : create table customers (id bigint generated by default as identity, commune varchar(255), customer_type varchar(255), latitude float(53), longitude float(53), name varchar(255), owner_name varchar(255), total_debt float(53), total_revenue float(53), wilaya varchar(255), primary key (id))
2026-02-08T09:42:25.354+01:00 DEBUG 11908 --- [main] org.hibernate.SQL                        : create table delivery_order_note (id bigint generated by default as identity, creation_date TIMESTAMP DEFAULT CURRENT_TIMESTAMP not null, total_price float(53), total_quantity integer not null, total_quantity_pack integer not null, delivery_person_id bigint, order_id bigint, prepared_person_id bigint, primary key (id))
2026-02-08T09:42:25.355+01:00 DEBUG 11908 --- [main] org.hibernate.SQL                        : create table exit_commercial_order_note (id bigint generated by default as identity, creation_date TIMESTAMP DEFAULT CURRENT_TIMESTAMP not null, total_price float(53), total_quantity integer not null, total_quantity_pack integer not null, commercial_order_id bigint not null, delivery_person_id bigint, prepared_person_id bigint, primary key (id))
2026-02-08T09:42:25.355+01:00 DEBUG 11908 --- [main] org.hibernate.SQL                        : create table exit_order_note (id bigint generated by default as identity, creation_date TIMESTAMP DEFAULT CURRENT_TIMESTAMP not null, total_price float(53), total_quantity integer not null, total_quantity_pack integer not null, delivery_person_id bigint, order_id bigint not null, prepared_person_id bigint, primary key (id))
2026-02-08T09:42:25.356+01:00 DEBUG 11908 --- [main] org.hibernate.SQL                        : create table order_lines (id bigint generated by default as identity, price float(53) not null, quantity integer not null, order_id bigint not null, pack_id bigint, product_id bigint, primary key (id))
2026-02-08T09:42:25.357+01:00 DEBUG 11908 --- [main] org.hibernate.SQL                        : create table order_note_lines (id bigint generated by default as identity, price float(53) not null, quantity integer not null, delivery_order_note_id bigint, exit_order_note_id bigint, pack_id bigint, product_id bigint, purchase_order_note_id bigint, primary key (id))
2026-02-08T09:42:25.357+01:00 DEBUG 11908 --- [main] org.hibernate.SQL                        : create table order_state_history (id bigint generated by default as identity, changed_date TIMESTAMP DEFAULT CURRENT_TIMESTAMP not null, new_state varchar(255), old_state varchar(255), prepared_person_id bigint, delivery_person_id bigint, order_id bigint not null, primary key (id))
2026-02-08T09:42:25.357+01:00 DEBUG 11908 --- [main] org.hibernate.SQL                        : create table orders (id bigint generated by default as identity, archived boolean not null, order_date TIMESTAMP DEFAULT CURRENT_TIMESTAMP not null, state varchar(255), total_price float(53) not null, customer_id bigint not null, user_id bigint not null, primary key (id))
2026-02-08T09:42:25.358+01:00 DEBUG 11908 --- [main] org.hibernate.SQL                        : create table pack_history (id bigint generated by default as identity, change_date TIMESTAMP DEFAULT CURRENT_TIMESTAMP not null, changed_by varchar(255), price float(53) not null, quantity integer not null, state boolean not null, pack_id bigint not null, primary key (id))
2026-02-08T09:42:25.358+01:00 DEBUG 11908 --- [main] org.hibernate.SQL                        : create table pack_products (id bigint generated by default as identity, quantity integer not null, pack_id bigint not null, product_id bigint not null, primary key (id))
2026-02-08T09:42:25.359+01:00 DEBUG 11908 --- [main] org.hibernate.SQL                        : create table packs (id bigint generated by default as identity, name varchar(50) not null, price float(53) not null, quantity integer not null, reserved_orders integer not null, state boolean not null, primary key (id))
2026-02-08T09:42:25.359+01:00 DEBUG 11908 --- [main] org.hibernate.SQL                        : create table product_history (id bigint generated by default as identity, action varchar(255), change_date TIMESTAMP DEFAULT CURRENT_TIMESTAMP not null, changed_by varchar(255), price float(53) not null, quantity integer not null, reserved_orders integer not null, reserved_packs integer not null, reserved_quantity integer not null, state boolean not null, product_id bigint not null, primary key (id))
2026-02-08T09:42:25.360+01:00 DEBUG 11908 --- [main] org.hibernate.SQL                        : create table products (id bigint generated by default as identity, bar_code varchar(255) not null, color varchar(50) not null, description varchar(255), mark varchar(50) not null, model varchar(50) not null, price float(53) not null, quantity integer not null, reserved_orders integer not null, reserved_packs integer not null, reserved_quantity integer not null, state boolean not null, type varchar(50) not null, primary key (id))
2026-02-08T09:42:25.360+01:00 DEBUG 11908 --- [main] org.hibernate.SQL                        : create table purchase_commercial_order_note (id bigint generated by default as identity, creation_date TIMESTAMP DEFAULT CURRENT_TIMESTAMP not null, total_price float(53), total_quantity integer not null, total_quantity_pack integer not null, commercial_order_id bigint, delivery_person_id bigint, prepared_person_id bigint, primary key (id))
2026-02-08T09:42:25.360+01:00 DEBUG 11908 --- [main] org.hibernate.SQL                        : create table purchase_order_note (id bigint generated by default as identity, creation_date TIMESTAMP DEFAULT CURRENT_TIMESTAMP not null, total_price float(53), total_quantity integer not null, total_quantity_pack integer not null, delivery_person_id bigint, order_id bigint, prepared_person_id bigint, primary key (id))
2026-02-08T09:42:25.361+01:00 DEBUG 11908 --- [main] org.hibernate.SQL                        : create table roles (id bigint generated by default as identity, name varchar(255), primary key (id))
2026-02-08T09:42:25.361+01:00 DEBUG 11908 --- [main] org.hibernate.SQL                        : create table stock_entry (id bigint generated by default as identity, entry_date date not null, entry_number varchar(50) not null, total_price float(53) not null, total_quantity integer not null, supplier_id bigint not null, primary key (id))
2026-02-08T09:42:25.361+01:00 DEBUG 11908 --- [main] org.hibernate.SQL                        : create table stock_entry_lines (id bigint generated by default as identity, price float(53) not null, quantity integer not null, product_id bigint not null, stock_entry_id bigint not null, primary key (id))
2026-02-08T09:42:25.362+01:00 DEBUG 11908 --- [main] org.hibernate.SQL                        : create table supplier (id bigint generated by default as identity, address varchar(255) not null, email varchar(255) not null, home_phone varchar(255) not null, mobile_phone varchar(255) not null, name varchar(255) not null, registration_date TIMESTAMP DEFAULT CURRENT_TIMESTAMP not null, state boolean not null, primary key (id))
2026-02-08T09:42:25.362+01:00 DEBUG 11908 --- [main] org.hibernate.SQL                        : create table users (id bigint generated by default as identity, cash_amount float(53), email varchar(255), enabled boolean not null, first_name varchar(255), last_name varchar(255), password varchar(255), user_name varchar(255), primary key (id))
2026-02-08T09:42:25.362+01:00 DEBUG 11908 --- [main] org.hibernate.SQL                        : create table users_roles (user_id bigint not null, role_id bigint not null, primary key (user_id, role_id))
2026-02-08T09:42:25.363+01:00 DEBUG 11908 --- [main] org.hibernate.SQL                        : create table withdrawal_transactions (id bigint generated by default as identity, amount float(53) not null, description varchar(255), withdrawal_date TIMESTAMP DEFAULT CURRENT_TIMESTAMP not null, cashier_id bigint not null, primary key (id))
2026-02-08T09:42:25.363+01:00 DEBUG 11908 --- [main] org.hibernate.SQL                        : alter table if exists packs add constraint UK_h4haowftrk59lb6jajfayq1ho unique (name)
2026-02-08T09:42:25.363+01:00 DEBUG 11908 --- [main] org.hibernate.SQL                        : alter table if exists products add constraint UK_ks7bl2r407pphq72vxpufxqn unique (bar_code)
2026-02-08T09:42:25.363+01:00 DEBUG 11908 --- [main] org.hibernate.SQL                        : alter table if exists stock_entry add constraint UK_262yph571i55hv9uevn44kwsy unique (entry_number)
2026-02-08T09:42:25.363+01:00 DEBUG 11908 --- [main] org.hibernate.SQL                        : alter table if exists users add constraint UK_k8d0f2n7n88w1a16yhua64onx unique (user_name)
2026-02-08T09:42:25.363+01:00 DEBUG 11908 --- [main] org.hibernate.SQL                        : alter table if exists cash_closure add constraint FKrd2x1lweun8gkekgew17pw0nw foreign key (cashier_id) references users
2026-02-08T09:42:25.364+01:00 DEBUG 11908 --- [main] org.hibernate.SQL                        : alter table if exists cash_register_transactions add constraint FKjtqmjf7s4rehssm4ujn4vkn80 foreign key (cashier_id) references users
2026-02-08T09:42:25.365+01:00 DEBUG 11908 --- [main] org.hibernate.SQL                        : alter table if exists cash_register_transactions add constraint FK2ib2wgd8woedfejgfgv65x11o foreign key (customer_id) references customers
2026-02-08T09:42:25.365+01:00 DEBUG 11908 --- [main] org.hibernate.SQL                        : alter table if exists cash_register_transactions add constraint FKnlv06ijanddf14lffo7a716wm foreign key (user_id) references users
2026-02-08T09:42:25.367+01:00 DEBUG 11908 --- [main] org.hibernate.SQL                        : alter table if exists commercial_order_lines add constraint FKlo4wl48940y98jt8tfyyrgvvy foreign key (commercial_order_id) references commercial_orders
2026-02-08T09:42:25.368+01:00 DEBUG 11908 --- [main] org.hibernate.SQL                        : alter table if exists commercial_order_lines add constraint FKd055j9phd6nyhma6qwpa1f1og foreign key (pack_id) references packs
2026-02-08T09:42:25.369+01:00 DEBUG 11908 --- [main] org.hibernate.SQL                        : alter table if exists commercial_order_lines add constraint FK89bs07930f5587lds515wo12d foreign key (product_id) references products
2026-02-08T09:42:25.370+01:00 DEBUG 11908 --- [main] org.hibernate.SQL                        : alter table if exists commercial_order_note_lines add constraint FKjhhkyeot431tv2jyui4od4cke foreign key (commercial_exit_order_note_id) references exit_commercial_order_note
2026-02-08T09:42:25.370+01:00 DEBUG 11908 --- [main] org.hibernate.SQL                        : alter table if exists commercial_order_note_lines add constraint FK9m3yn0cr6eymakv654fjytrlm foreign key (pack_id) references packs
2026-02-08T09:42:25.370+01:00 DEBUG 11908 --- [main] org.hibernate.SQL                        : alter table if exists commercial_order_note_lines add constraint FKely5x0k347y9m0eu7bwe94tvs foreign key (product_id) references products
2026-02-08T09:42:25.371+01:00 DEBUG 11908 --- [main] org.hibernate.SQL                        : alter table if exists commercial_order_note_lines add constraint FKdtmskpq2lcneru3mfcp3ihray foreign key (commercial_purchase_order_note_id) references purchase_commercial_order_note
2026-02-08T09:42:25.371+01:00 DEBUG 11908 --- [main] org.hibernate.SQL                        : alter table if exists commercial_order_state_history add constraint FKiyakjkla95gor0a856y0x0moc foreign key (prepared_person_id) references users
2026-02-08T09:42:25.372+01:00 DEBUG 11908 --- [main] org.hibernate.SQL                        : alter table if exists commercial_order_state_history add constraint FKmitfo6ougmsx0g9nqgpunsyyx foreign key (commercial_order_id) references commercial_orders
2026-02-08T09:42:25.372+01:00 DEBUG 11908 --- [main] org.hibernate.SQL                        : alter table if exists commercial_orders add constraint FKmtewlix9mgxijdwfb11gq5t4c foreign key (user_id) references users
2026-02-08T09:42:25.374+01:00 DEBUG 11908 --- [main] org.hibernate.SQL                        : alter table if exists commercial_stock add constraint FK1kbddxisqw3ab5fx4rca7632n foreign key (pack_id) references packs
2026-02-08T09:42:25.374+01:00 DEBUG 11908 --- [main] org.hibernate.SQL                        : alter table if exists commercial_stock add constraint FKcyvs1kqn9c27fpesse6qloxbr foreign key (product_id) references products
2026-02-08T09:42:25.375+01:00 DEBUG 11908 --- [main] org.hibernate.SQL                        : alter table if exists commercial_stock add constraint FK5akggoccm2129nbrbm3so737s foreign key (commercial_id) references users
2026-02-08T09:42:25.375+01:00 DEBUG 11908 --- [main] org.hibernate.SQL                        : alter table if exists commercial_stock_history add constraint FK9do0j97cij4lqo76tfnkue5mq foreign key (pack_id) references packs
2026-02-08T09:42:25.375+01:00 DEBUG 11908 --- [main] org.hibernate.SQL                        : alter table if exists commercial_stock_history add constraint FKs6mm3p8qj0hxxg9b6e6h2n4iv foreign key (product_id) references products
2026-02-08T09:42:25.376+01:00 DEBUG 11908 --- [main] org.hibernate.SQL                        : alter table if exists commercial_stock_history add constraint FKl3jyganbgn34iwr6sq0t21xcu foreign key (commercial_id) references users
2026-02-08T09:42:25.376+01:00 DEBUG 11908 --- [main] org.hibernate.SQL                        : alter table if exists delivery_order_note add constraint FKse29wynt05p3wlt94fywujls5 foreign key (delivery_person_id) references users
2026-02-08T09:42:25.377+01:00 DEBUG 11908 --- [main] org.hibernate.SQL                        : alter table if exists delivery_order_note add constraint FK7r5gth9xd9w5kwkqy1r4myhs foreign key (order_id) references orders
2026-02-08T09:42:25.377+01:00 DEBUG 11908 --- [main] org.hibernate.SQL                        : alter table if exists delivery_order_note add constraint FKpl9bs1lo5bdb2nnr6nw3lcl4i foreign key (prepared_person_id) references users
2026-02-08T09:42:25.379+01:00 DEBUG 11908 --- [main] org.hibernate.SQL                        : alter table if exists exit_commercial_order_note add constraint FK4pcfhwfrg08i3ong30rag00ue foreign key (commercial_order_id) references commercial_orders
2026-02-08T09:42:25.379+01:00 DEBUG 11908 --- [main] org.hibernate.SQL                        : alter table if exists exit_commercial_order_note add constraint FK16ro0jrdrx7cvgk524u30yu9w foreign key (delivery_person_id) references users
2026-02-08T09:42:25.380+01:00 DEBUG 11908 --- [main] org.hibernate.SQL                        : alter table if exists exit_commercial_order_note add constraint FKle7nmcsddvnfdhn7qs9u34h10 foreign key (prepared_person_id) references users
2026-02-08T09:42:25.380+01:00 DEBUG 11908 --- [main] org.hibernate.SQL                        : alter table if exists exit_order_note add constraint FKqc8xdg7c0smqx0ycdp2w30dsx foreign key (delivery_person_id) references users
2026-02-08T09:42:25.381+01:00 DEBUG 11908 --- [main] org.hibernate.SQL                        : alter table if exists exit_order_note add constraint FKorcdku2li7b7cnhg3mk4nsly6 foreign key (order_id) references orders
2026-02-08T09:42:25.381+01:00 DEBUG 11908 --- [main] org.hibernate.SQL                        : alter table if exists exit_order_note add constraint FKhp50568yditx1ow6igjubgy6v foreign key (prepared_person_id) references users
2026-02-08T09:42:25.382+01:00 DEBUG 11908 --- [main] org.hibernate.SQL                        : alter table if exists order_lines add constraint FK1smc0s578t2oih21yn9hw6usr foreign key (order_id) references orders
2026-02-08T09:42:25.383+01:00 DEBUG 11908 --- [main] org.hibernate.SQL                        : alter table if exists order_lines add constraint FKl8ceuepccyx4bj25273d8k0v6 foreign key (pack_id) references packs
2026-02-08T09:42:25.383+01:00 DEBUG 11908 --- [main] org.hibernate.SQL                        : alter table if exists order_lines add constraint FK5v1oeejtgtf2n3toppm3tkuhh foreign key (product_id) references products
2026-02-08T09:42:25.384+01:00 DEBUG 11908 --- [main] org.hibernate.SQL                        : alter table if exists order_note_lines add constraint FKgvcf46qmm3xp8pdqe317pfvs3 foreign key (delivery_order_note_id) references delivery_order_note
2026-02-08T09:42:25.386+01:00 DEBUG 11908 --- [main] org.hibernate.SQL                        : alter table if exists order_note_lines add constraint FK4b4ypnm8k9d5nvq7pd1pshy9q foreign key (exit_order_note_id) references exit_order_note
2026-02-08T09:42:25.386+01:00 DEBUG 11908 --- [main] org.hibernate.SQL                        : alter table if exists order_note_lines add constraint FKmls3b2hljnexj5j0vnwrkl86q foreign key (pack_id) references packs
2026-02-08T09:42:25.387+01:00 DEBUG 11908 --- [main] org.hibernate.SQL                        : alter table if exists order_note_lines add constraint FKsa2t36dkfg54uux9t622yhsui foreign key (product_id) references products
2026-02-08T09:42:25.389+01:00 DEBUG 11908 --- [main] org.hibernate.SQL                        : alter table if exists order_note_lines add constraint FKal336wsjfcuudbkcpdnm4cy7b foreign key (purchase_order_note_id) references purchase_order_note
2026-02-08T09:42:25.389+01:00 DEBUG 11908 --- [main] org.hibernate.SQL                        : alter table if exists order_state_history add constraint FKcg88oi3mth4oplkpchwyhmir2 foreign key (prepared_person_id) references users
2026-02-08T09:42:25.390+01:00 DEBUG 11908 --- [main] org.hibernate.SQL                        : alter table if exists order_state_history add constraint FKgbctjwurfomrrv7140oevs4dq foreign key (delivery_person_id) references users
2026-02-08T09:42:25.391+01:00 DEBUG 11908 --- [main] org.hibernate.SQL                        : alter table if exists order_state_history add constraint FKeduyptxl4cn9kdk96nnq3umqu foreign key (order_id) references orders
2026-02-08T09:42:25.391+01:00 DEBUG 11908 --- [main] org.hibernate.SQL                        : alter table if exists orders add constraint FKpxtb8awmi0dk6smoh2vp1litg foreign key (customer_id) references customers
2026-02-08T09:42:25.393+01:00 DEBUG 11908 --- [main] org.hibernate.SQL                        : alter table if exists orders add constraint FK32ql8ubntj5uh44ph9659tiih foreign key (user_id) references users
2026-02-08T09:42:25.394+01:00 DEBUG 11908 --- [main] org.hibernate.SQL                        : alter table if exists pack_history add constraint FKh48yhjw0rfwnjgc52765sn8dt foreign key (pack_id) references packs
2026-02-08T09:42:25.394+01:00 DEBUG 11908 --- [main] org.hibernate.SQL                        : alter table if exists pack_products add constraint FK1c9udxtvdlrmpwjyt5tabcg6 foreign key (pack_id) references packs
2026-02-08T09:42:25.395+01:00 DEBUG 11908 --- [main] org.hibernate.SQL                        : alter table if exists pack_products add constraint FK5g5fbgbp6bjsc9shu80dc8wv2 foreign key (product_id) references products
2026-02-08T09:42:25.395+01:00 DEBUG 11908 --- [main] org.hibernate.SQL                        : alter table if exists product_history add constraint FKtopf9w1y5sgbtfnpyd11ry2hp foreign key (product_id) references products
2026-02-08T09:42:25.396+01:00 DEBUG 11908 --- [main] org.hibernate.SQL                        : alter table if exists purchase_commercial_order_note add constraint FK8yoogupmpvn5qewowfmcx8utq foreign key (commercial_order_id) references commercial_orders
2026-02-08T09:42:25.396+01:00 DEBUG 11908 --- [main] org.hibernate.SQL                        : alter table if exists purchase_commercial_order_note add constraint FKbwf7cn5qa6yiox6dhg2v67wgw foreign key (delivery_person_id) references users
2026-02-08T09:42:25.397+01:00 DEBUG 11908 --- [main] org.hibernate.SQL                        : alter table if exists purchase_commercial_order_note add constraint FKg9hcyw2duo1yu7ptbionhsg8o foreign key (prepared_person_id) references users
2026-02-08T09:42:25.397+01:00 DEBUG 11908 --- [main] org.hibernate.SQL                        : alter table if exists purchase_order_note add constraint FKtb9ita6olymvw5jds7lqs0lew foreign key (delivery_person_id) references users
2026-02-08T09:42:25.397+01:00 DEBUG 11908 --- [main] org.hibernate.SQL                        : alter table if exists purchase_order_note add constraint FKppgvqtqkme4eujqa046bc5uqv foreign key (order_id) references orders
2026-02-08T09:42:25.398+01:00 DEBUG 11908 --- [main] org.hibernate.SQL                        : alter table if exists purchase_order_note add constraint FKsftbn1ktb60bqkc32bhlbldpf foreign key (prepared_person_id) references users
2026-02-08T09:42:25.398+01:00 DEBUG 11908 --- [main] org.hibernate.SQL                        : alter table if exists stock_entry add constraint FK41qcqrnvt9typ0xmxs96r4hsx foreign key (supplier_id) references supplier
2026-02-08T09:42:25.399+01:00 DEBUG 11908 --- [main] org.hibernate.SQL                        : alter table if exists stock_entry_lines add constraint FKgrfhf2q8nr16i5tafh9x7ajh3 foreign key (product_id) references products
2026-02-08T09:42:25.399+01:00 DEBUG 11908 --- [main] org.hibernate.SQL                        : alter table if exists stock_entry_lines add constraint FKc0runu4jcffnjp1pgj2jq13qp foreign key (stock_entry_id) references stock_entry
2026-02-08T09:42:25.400+01:00 DEBUG 11908 --- [main] org.hibernate.SQL                        : alter table if exists users_roles add constraint FKj6m8fwv7oqv74fcehir1a9ffy foreign key (role_id) references roles
2026-02-08T09:42:25.400+01:00 DEBUG 11908 --- [main] org.hibernate.SQL                        : alter table if exists users_roles add constraint FK2o0jvgh89lemvvo17cbqvdxaa foreign key (user_id) references users
2026-02-08T09:42:25.401+01:00 DEBUG 11908 --- [main] org.hibernate.SQL                        : alter table if exists withdrawal_transactions add constraint FKgskadk1u3rgr40g0xc8s13r50 foreign key (cashier_id) references users
2026-02-08T09:42:25.401+01:00  INFO 11908 --- [main] o.h.e.t.j.p.i.JtaPlatformInitiator       : HHH000490: Using JtaPlatform implementation: [org.hibernate.engine.transaction.jta.platform.internal.NoJtaPlatform]
2026-02-08T09:42:25.402+01:00 TRACE 11908 --- [main] o.h.type.spi.TypeConfiguration$Scope     : Handling #sessionFactoryCreated from [org.hibernate.internal.SessionFactoryImpl@788b0c96] for TypeConfiguration
2026-02-08T09:42:25.402+01:00  INFO 11908 --- [main] j.LocalContainerEntityManagerFactoryBean : Initialized JPA EntityManagerFactory for persistence unit 'default'
2026-02-08T09:42:25.717+01:00  WARN 11908 --- [main] JpaBaseConfiguration$JpaWebConfiguration : spring.jpa.open-in-view is enabled by default. Therefore, database queries may be performed during view rendering. Explicitly configure spring.jpa.open-in-view to disable this warning
2026-02-08T09:42:25.751+01:00  INFO 11908 --- [main] o.s.b.a.w.s.WelcomePageHandlerMapping    : Adding welcome page template: index
2026-02-08T09:42:25.809+01:00  INFO 11908 --- [main] o.s.b.a.e.web.EndpointLinksResolver      : Exposing 1 endpoint(s) beneath base path '/actuator'
2026-02-08T09:42:25.824+01:00  INFO 11908 --- [main] o.s.s.web.DefaultSecurityFilterChain     : Will secure any request with [org.springframework.security.web.session.DisableEncodeUrlFilter@58e22835, org.springframework.security.web.context.request.async.WebAsyncManagerIntegrationFilter@7647d789, org.springframework.security.web.context.SecurityContextHolderFilter@69ca48bf, org.springframework.security.web.header.HeaderWriterFilter@2a4cf2d1, org.springframework.security.web.csrf.CsrfFilter@5c3fb4e6, org.springframework.security.web.authentication.logout.LogoutFilter@745f4c49, org.springframework.security.web.authentication.UsernamePasswordAuthenticationFilter@56510bb2, org.springframework.security.web.savedrequest.RequestCacheAwareFilter@48f359e4, org.springframework.security.web.servletapi.SecurityContextHolderAwareRequestFilter@27cda5f, org.springframework.security.web.authentication.AnonymousAuthenticationFilter@685d620a, org.springframework.security.web.access.ExceptionTranslationFilter@3a3e0f7a, org.springframework.security.web.access.intercept.AuthorizationFilter@427b8fe4]
2026-02-08T09:42:25.937+01:00  INFO 11908 --- [main] c.e.l.ProductServiceIntegrationTest      : Started ProductServiceIntegrationTest in 1.521 seconds (process running for 13.258)
2026-02-08T09:42:25.950+01:00 DEBUG 11908 --- [main] org.hibernate.SQL                        : insert into products (id, bar_code, color, description, mark, model, price, quantity, reserved_orders, reserved_packs, reserved_quantity, state, type) values (default, ?, ?, ?, ?, ?, ?, ?, ?, ?, ?, ?, ?)
2026-02-08T09:42:25.954+01:00 DEBUG 11908 --- [main] org.hibernate.SQL                        : insert into product_history (id, action, changed_by, price, product_id, quantity, reserved_orders, reserved_packs, reserved_quantity, state) values (default, ?, ?, ?, ?, ?, ?, ?, ?, ?)
2026-02-08T09:42:25.957+01:00 DEBUG 11908 --- [main] org.hibernate.SQL                        : insert into products (id, bar_code, color, description, mark, model, price, quantity, reserved_orders, reserved_packs, reserved_quantity, state, type) values (default, ?, ?, ?, ?, ?, ?, ?, ?, ?, ?, ?, ?)
2026-02-08T09:42:25.958+01:00 DEBUG 11908 --- [main] org.hibernate.SQL                        : insert into product_history (id, action, changed_by, price, product_id, quantity, reserved_orders, reserved_packs, reserved_quantity, state) values (default, ?, ?, ?, ?, ?, ?, ?, ?, ?)
2026-02-08T09:42:25.961+01:00 DEBUG 11908 --- [main] org.hibernate.SQL                        : select p1_0.id,p1_0.bar_code,p1_0.color,p1_0.description,p1_0.mark,p1_0.model,p1_0.price,p1_0.quantity,p1_0.reserved_orders,p1_0.reserved_packs,p1_0.reserved_quantity,p1_0.state,p1_0.type from products p1_0 where p1_0.id=?
2026-02-08T09:42:25.963+01:00 DEBUG 11908 --- [main] org.hibernate.SQL                        : select p1_0.id,p1_0.bar_code,p1_0.color,p1_0.description,p1_0.mark,p1_0.model,p1_0.price,p1_0.quantity,p1_0.reserved_orders,p1_0.reserved_packs,p1_0.reserved_quantity,p1_0.state,p1_0.type from products p1_0 where p1_0.id=?
2026-02-08T09:42:25.970+01:00  INFO 11908 --- [main] j.LocalContainerEntityManagerFactoryBean : Closing JPA EntityManagerFactory for persistence unit 'default'
2026-02-08T09:42:25.970+01:00  INFO 11908 --- [main] .SchemaDropperImpl$DelayedDropActionImpl : HHH000477: Starting delayed evictData of schema as part of SessionFactory shut-down'
2026-02-08T09:42:25.970+01:00 DEBUG 11908 --- [main] org.hibernate.SQL                        : drop table if exists cash_closure cascade 
2026-02-08T09:42:25.971+01:00 DEBUG 11908 --- [main] org.hibernate.SQL                        : drop table if exists cash_register_transactions cascade 
2026-02-08T09:42:25.971+01:00 DEBUG 11908 --- [main] org.hibernate.SQL                        : drop table if exists commercial_order_lines cascade 
2026-02-08T09:42:25.972+01:00 DEBUG 11908 --- [main] org.hibernate.SQL                        : drop table if exists commercial_order_note_lines cascade 
2026-02-08T09:42:25.972+01:00 DEBUG 11908 --- [main] org.hibernate.SQL                        : drop table if exists commercial_order_state_history cascade 
2026-02-08T09:42:25.972+01:00 DEBUG 11908 --- [main] org.hibernate.SQL                        : drop table if exists commercial_orders cascade 
2026-02-08T09:42:25.972+01:00 DEBUG 11908 --- [main] org.hibernate.SQL                        : drop table if exists commercial_stock cascade 
2026-02-08T09:42:25.972+01:00 DEBUG 11908 --- [main] org.hibernate.SQL                        : drop table if exists commercial_stock_history cascade 
2026-02-08T09:42:25.973+01:00 DEBUG 11908 --- [main] org.hibernate.SQL                        : drop table if exists customers cascade 
2026-02-08T09:42:25.973+01:00 DEBUG 11908 --- [main] org.hibernate.SQL                        : drop table if exists delivery_order_note cascade 
2026-02-08T09:42:25.973+01:00 DEBUG 11908 --- [main] org.hibernate.SQL                        : drop table if exists exit_commercial_order_note cascade 
2026-02-08T09:42:25.973+01:00 DEBUG 11908 --- [main] org.hibernate.SQL                        : drop table if exists exit_order_note cascade 
2026-02-08T09:42:25.974+01:00 DEBUG 11908 --- [main] org.hibernate.SQL                        : drop table if exists order_lines cascade 
2026-02-08T09:42:25.974+01:00 DEBUG 11908 --- [main] org.hibernate.SQL                        : drop table if exists order_note_lines cascade 
2026-02-08T09:42:25.974+01:00 DEBUG 11908 --- [main] org.hibernate.SQL                        : drop table if exists order_state_history cascade 
2026-02-08T09:42:25.975+01:00 DEBUG 11908 --- [main] org.hibernate.SQL                        : drop table if exists orders cascade 
2026-02-08T09:42:25.975+01:00 DEBUG 11908 --- [main] org.hibernate.SQL                        : drop table if exists pack_history cascade 
2026-02-08T09:42:25.975+01:00 DEBUG 11908 --- [main] org.hibernate.SQL                        : drop table if exists pack_products cascade 
2026-02-08T09:42:25.975+01:00 DEBUG 11908 --- [main] org.hibernate.SQL                        : drop table if exists packs cascade 
2026-02-08T09:42:25.975+01:00 DEBUG 11908 --- [main] org.hibernate.SQL                        : drop table if exists product_history cascade 
2026-02-08T09:42:25.975+01:00 DEBUG 11908 --- [main] org.hibernate.SQL                        : drop table if exists products cascade 
2026-02-08T09:42:25.975+01:00 DEBUG 11908 --- [main] org.hibernate.SQL                        : drop table if exists purchase_commercial_order_note cascade 
2026-02-08T09:42:25.976+01:00 DEBUG 11908 --- [main] org.hibernate.SQL                        : drop table if exists purchase_order_note cascade 
2026-02-08T09:42:25.976+01:00 DEBUG 11908 --- [main] org.hibernate.SQL                        : drop table if exists roles cascade 
2026-02-08T09:42:25.976+01:00 DEBUG 11908 --- [main] org.hibernate.SQL                        : drop table if exists stock_entry cascade 
2026-02-08T09:42:25.976+01:00 DEBUG 11908 --- [main] org.hibernate.SQL                        : drop table if exists stock_entry_lines cascade 
2026-02-08T09:42:25.976+01:00 DEBUG 11908 --- [main] org.hibernate.SQL                        : drop table if exists supplier cascade 
2026-02-08T09:42:25.976+01:00 DEBUG 11908 --- [main] org.hibernate.SQL                        : drop table if exists users cascade 
2026-02-08T09:42:25.976+01:00 DEBUG 11908 --- [main] org.hibernate.SQL                        : drop table if exists users_roles cascade 
2026-02-08T09:42:25.976+01:00 DEBUG 11908 --- [main] org.hibernate.SQL                        : drop table if exists withdrawal_transactions cascade 
2026-02-08T09:42:25.977+01:00 TRACE 11908 --- [main] o.h.type.spi.TypeConfiguration$Scope     : Handling #sessionFactoryClosed from [org.hibernate.internal.SessionFactoryImpl@788b0c96] for TypeConfiguration
2026-02-08T09:42:25.977+01:00 DEBUG 11908 --- [main] o.h.type.spi.TypeConfiguration$Scope     : Un-scoping TypeConfiguration [org.hibernate.type.spi.TypeConfiguration$Scope@3614cd03] from SessionFactory [org.hibernate.internal.SessionFactoryImpl@788b0c96]
2026-02-08T09:42:25.977+01:00  INFO 11908 --- [main] com.zaxxer.hikari.HikariDataSource       : HikariPool-2 - Shutdown initiated...
2026-02-08T09:42:25.979+01:00  INFO 11908 --- [main] com.zaxxer.hikari.HikariDataSource       : HikariPool-2 - Shutdown completed.
2026-02-08T09:42:25.981+01:00  INFO 11908 --- [main] t.c.s.AnnotationConfigContextLoaderUtils : Could not detect default configuration classes for test class [com.example.livapp.StockEntryServiceIntegrationTest]: StockEntryServiceIntegrationTest does not declare any static, non-private, non-final, nested classes annotated with @Configuration.
2026-02-08T09:42:25.982+01:00  INFO 11908 --- [main] .b.t.c.SpringBootTestContextBootstrapper : Found @SpringBootConfiguration com.example.livapp.LivappApplication for test class com.example.livapp.StockEntryServiceIntegrationTest
2026-02-08T09:42:26.017+01:00  INFO 11908 --- [main] c.e.l.StockEntryServiceIntegrationTest   : Starting StockEntryServiceIntegrationTest using Java 21.0.8 with PID 11908 (started by ESI in C:\Users\ESI\IdeaProjects\jenkins)
2026-02-08T09:42:26.017+01:00  INFO 11908 --- [main] c.e.l.StockEntryServiceIntegrationTest   : No active profile set, falling back to 1 default profile: "default"
2026-02-08T09:42:26.220+01:00  INFO 11908 --- [main] .s.d.r.c.RepositoryConfigurationDelegate : Bootstrapping Spring Data JPA repositories in DEFAULT mode.
2026-02-08T09:42:26.288+01:00  INFO 11908 --- [main] .s.d.r.c.RepositoryConfigurationDelegate : Finished Spring Data repository scanning in 67 ms. Found 27 JPA repository interfaces.
2026-02-08T09:42:26.364+01:00  INFO 11908 --- [main] o.hibernate.jpa.internal.util.LogHelper  : HHH000204: Processing PersistenceUnitInfo [name: default]
2026-02-08T09:42:26.367+01:00  WARN 11908 --- [main] org.hibernate.orm.deprecation            : HHH90000021: Encountered deprecated setting [javax.persistence.sharedCache.mode], use [jakarta.persistence.sharedCache.mode] instead
2026-02-08T09:42:26.367+01:00 DEBUG 11908 --- [main] o.h.t.d.jdbc.spi.JdbcTypeRegistry        : addDescriptor(FloatTypeDescriptor) replaced previous registration(DoubleTypeDescriptor)
2026-02-08T09:42:26.368+01:00 DEBUG 11908 --- [main] org.hibernate.type.BasicTypeRegistry     : Adding type registration boolean -> org.hibernate.type.BasicTypeReference@64f3991e
2026-02-08T09:42:26.368+01:00 DEBUG 11908 --- [main] org.hibernate.type.BasicTypeRegistry     : Adding type registration boolean -> org.hibernate.type.BasicTypeReference@64f3991e
2026-02-08T09:42:26.368+01:00 DEBUG 11908 --- [main] org.hibernate.type.BasicTypeRegistry     : Adding type registration java.lang.Boolean -> org.hibernate.type.BasicTypeReference@64f3991e
2026-02-08T09:42:26.368+01:00 DEBUG 11908 --- [main] org.hibernate.type.BasicTypeRegistry     : Adding type registration numeric_boolean -> org.hibernate.type.BasicTypeReference@39e3ea78
2026-02-08T09:42:26.368+01:00 DEBUG 11908 --- [main] org.hibernate.type.BasicTypeRegistry     : Adding type registration org.hibernate.type.NumericBooleanConverter -> org.hibernate.type.BasicTypeReference@39e3ea78
2026-02-08T09:42:26.368+01:00 DEBUG 11908 --- [main] org.hibernate.type.BasicTypeRegistry     : Adding type registration true_false -> org.hibernate.type.BasicTypeReference@35e689a0
2026-02-08T09:42:26.368+01:00 DEBUG 11908 --- [main] org.hibernate.type.BasicTypeRegistry     : Adding type registration org.hibernate.type.TrueFalseConverter -> org.hibernate.type.BasicTypeReference@35e689a0
2026-02-08T09:42:26.368+01:00 DEBUG 11908 --- [main] org.hibernate.type.BasicTypeRegistry     : Adding type registration yes_no -> org.hibernate.type.BasicTypeReference@43b6cb1c
2026-02-08T09:42:26.368+01:00 DEBUG 11908 --- [main] org.hibernate.type.BasicTypeRegistry     : Adding type registration org.hibernate.type.YesNoConverter -> org.hibernate.type.BasicTypeReference@43b6cb1c
2026-02-08T09:42:26.368+01:00 DEBUG 11908 --- [main] org.hibernate.type.BasicTypeRegistry     : Adding type registration byte -> org.hibernate.type.BasicTypeReference@3bf5911d
2026-02-08T09:42:26.368+01:00 DEBUG 11908 --- [main] org.hibernate.type.BasicTypeRegistry     : Adding type registration byte -> org.hibernate.type.BasicTypeReference@3bf5911d
2026-02-08T09:42:26.368+01:00 DEBUG 11908 --- [main] org.hibernate.type.BasicTypeRegistry     : Adding type registration java.lang.Byte -> org.hibernate.type.BasicTypeReference@3bf5911d
2026-02-08T09:42:26.368+01:00 DEBUG 11908 --- [main] org.hibernate.type.BasicTypeRegistry     : Adding type registration binary -> org.hibernate.type.BasicTypeReference@1de30c31
2026-02-08T09:42:26.368+01:00 DEBUG 11908 --- [main] org.hibernate.type.BasicTypeRegistry     : Adding type registration byte[] -> org.hibernate.type.BasicTypeReference@1de30c31
2026-02-08T09:42:26.368+01:00 DEBUG 11908 --- [main] org.hibernate.type.BasicTypeRegistry     : Adding type registration [B -> org.hibernate.type.BasicTypeReference@1de30c31
2026-02-08T09:42:26.368+01:00 DEBUG 11908 --- [main] org.hibernate.type.BasicTypeRegistry     : Adding type registration binary_wrapper -> org.hibernate.type.BasicTypeReference@1cc93da4
2026-02-08T09:42:26.368+01:00 DEBUG 11908 --- [main] org.hibernate.type.BasicTypeRegistry     : Adding type registration wrapper-binary -> org.hibernate.type.BasicTypeReference@1cc93da4
2026-02-08T09:42:26.368+01:00 DEBUG 11908 --- [main] org.hibernate.type.BasicTypeRegistry     : Adding type registration Byte[] -> org.hibernate.type.BasicTypeReference@1cc93da4
2026-02-08T09:42:26.368+01:00 DEBUG 11908 --- [main] org.hibernate.type.BasicTypeRegistry     : Adding type registration [Ljava.lang.Byte; -> org.hibernate.type.BasicTypeReference@1cc93da4
2026-02-08T09:42:26.368+01:00 DEBUG 11908 --- [main] org.hibernate.type.BasicTypeRegistry     : Adding type registration image -> org.hibernate.type.BasicTypeReference@69d2fb0a
2026-02-08T09:42:26.368+01:00 DEBUG 11908 --- [main] org.hibernate.type.BasicTypeRegistry     : Adding type registration blob -> org.hibernate.type.BasicTypeReference@7e38e254
2026-02-08T09:42:26.368+01:00 DEBUG 11908 --- [main] org.hibernate.type.BasicTypeRegistry     : Adding type registration java.sql.Blob -> org.hibernate.type.BasicTypeReference@7e38e254
2026-02-08T09:42:26.368+01:00 DEBUG 11908 --- [main] org.hibernate.type.BasicTypeRegistry     : Adding type registration materialized_blob -> org.hibernate.type.BasicTypeReference@7b3feb26
2026-02-08T09:42:26.368+01:00 DEBUG 11908 --- [main] org.hibernate.type.BasicTypeRegistry     : Adding type registration materialized_blob_wrapper -> org.hibernate.type.BasicTypeReference@2e4ecdf8
2026-02-08T09:42:26.368+01:00 DEBUG 11908 --- [main] org.hibernate.type.BasicTypeRegistry     : Adding type registration short -> org.hibernate.type.BasicTypeReference@503a7990
2026-02-08T09:42:26.368+01:00 DEBUG 11908 --- [main] org.hibernate.type.BasicTypeRegistry     : Adding type registration short -> org.hibernate.type.BasicTypeReference@503a7990
2026-02-08T09:42:26.368+01:00 DEBUG 11908 --- [main] org.hibernate.type.BasicTypeRegistry     : Adding type registration java.lang.Short -> org.hibernate.type.BasicTypeReference@503a7990
2026-02-08T09:42:26.368+01:00 DEBUG 11908 --- [main] org.hibernate.type.BasicTypeRegistry     : Adding type registration integer -> org.hibernate.type.BasicTypeReference@69a90b81
2026-02-08T09:42:26.368+01:00 DEBUG 11908 --- [main] org.hibernate.type.BasicTypeRegistry     : Adding type registration int -> org.hibernate.type.BasicTypeReference@69a90b81
2026-02-08T09:42:26.368+01:00 DEBUG 11908 --- [main] org.hibernate.type.BasicTypeRegistry     : Adding type registration java.lang.Integer -> org.hibernate.type.BasicTypeReference@69a90b81
2026-02-08T09:42:26.368+01:00 DEBUG 11908 --- [main] org.hibernate.type.BasicTypeRegistry     : Adding type registration long -> org.hibernate.type.BasicTypeReference@6dcbbb49
2026-02-08T09:42:26.368+01:00 DEBUG 11908 --- [main] org.hibernate.type.BasicTypeRegistry     : Adding type registration long -> org.hibernate.type.BasicTypeReference@6dcbbb49
2026-02-08T09:42:26.368+01:00 DEBUG 11908 --- [main] org.hibernate.type.BasicTypeRegistry     : Adding type registration java.lang.Long -> org.hibernate.type.BasicTypeReference@6dcbbb49
2026-02-08T09:42:26.368+01:00 DEBUG 11908 --- [main] org.hibernate.type.BasicTypeRegistry     : Adding type registration float -> org.hibernate.type.BasicTypeReference@35329a05
2026-02-08T09:42:26.368+01:00 DEBUG 11908 --- [main] org.hibernate.type.BasicTypeRegistry     : Adding type registration float -> org.hibernate.type.BasicTypeReference@35329a05
2026-02-08T09:42:26.368+01:00 DEBUG 11908 --- [main] org.hibernate.type.BasicTypeRegistry     : Adding type registration java.lang.Float -> org.hibernate.type.BasicTypeReference@35329a05
2026-02-08T09:42:26.368+01:00 DEBUG 11908 --- [main] org.hibernate.type.BasicTypeRegistry     : Adding type registration double -> org.hibernate.type.BasicTypeReference@36c783ca
2026-02-08T09:42:26.368+01:00 DEBUG 11908 --- [main] org.hibernate.type.BasicTypeRegistry     : Adding type registration double -> org.hibernate.type.BasicTypeReference@36c783ca
2026-02-08T09:42:26.368+01:00 DEBUG 11908 --- [main] org.hibernate.type.BasicTypeRegistry     : Adding type registration java.lang.Double -> org.hibernate.type.BasicTypeReference@36c783ca
2026-02-08T09:42:26.368+01:00 DEBUG 11908 --- [main] org.hibernate.type.BasicTypeRegistry     : Adding type registration big_integer -> org.hibernate.type.BasicTypeReference@17136390
2026-02-08T09:42:26.368+01:00 DEBUG 11908 --- [main] org.hibernate.type.BasicTypeRegistry     : Adding type registration java.math.BigInteger -> org.hibernate.type.BasicTypeReference@17136390
2026-02-08T09:42:26.368+01:00 DEBUG 11908 --- [main] org.hibernate.type.BasicTypeRegistry     : Adding type registration big_decimal -> org.hibernate.type.BasicTypeReference@273293c8
2026-02-08T09:42:26.368+01:00 DEBUG 11908 --- [main] org.hibernate.type.BasicTypeRegistry     : Adding type registration java.math.BigDecimal -> org.hibernate.type.BasicTypeReference@273293c8
2026-02-08T09:42:26.368+01:00 DEBUG 11908 --- [main] org.hibernate.type.BasicTypeRegistry     : Adding type registration character -> org.hibernate.type.BasicTypeReference@6f1d799
2026-02-08T09:42:26.368+01:00 DEBUG 11908 --- [main] org.hibernate.type.BasicTypeRegistry     : Adding type registration char -> org.hibernate.type.BasicTypeReference@6f1d799
2026-02-08T09:42:26.368+01:00 DEBUG 11908 --- [main] org.hibernate.type.BasicTypeRegistry     : Adding type registration java.lang.Character -> org.hibernate.type.BasicTypeReference@6f1d799
2026-02-08T09:42:26.368+01:00 DEBUG 11908 --- [main] org.hibernate.type.BasicTypeRegistry     : Adding type registration character_nchar -> org.hibernate.type.BasicTypeReference@ca2cd5e
2026-02-08T09:42:26.368+01:00 DEBUG 11908 --- [main] org.hibernate.type.BasicTypeRegistry     : Adding type registration string -> org.hibernate.type.BasicTypeReference@a120b9
2026-02-08T09:42:26.368+01:00 DEBUG 11908 --- [main] org.hibernate.type.BasicTypeRegistry     : Adding type registration java.lang.String -> org.hibernate.type.BasicTypeReference@a120b9
2026-02-08T09:42:26.368+01:00 DEBUG 11908 --- [main] org.hibernate.type.BasicTypeRegistry     : Adding type registration nstring -> org.hibernate.type.BasicTypeReference@333e5fb6
2026-02-08T09:42:26.368+01:00 DEBUG 11908 --- [main] org.hibernate.type.BasicTypeRegistry     : Adding type registration characters -> org.hibernate.type.BasicTypeReference@3b7b0b57
2026-02-08T09:42:26.368+01:00 DEBUG 11908 --- [main] org.hibernate.type.BasicTypeRegistry     : Adding type registration char[] -> org.hibernate.type.BasicTypeReference@3b7b0b57
2026-02-08T09:42:26.368+01:00 DEBUG 11908 --- [main] org.hibernate.type.BasicTypeRegistry     : Adding type registration [C -> org.hibernate.type.BasicTypeReference@3b7b0b57
2026-02-08T09:42:26.368+01:00 DEBUG 11908 --- [main] org.hibernate.type.BasicTypeRegistry     : Adding type registration wrapper-characters -> org.hibernate.type.BasicTypeReference@21a9f95b
2026-02-08T09:42:26.368+01:00 DEBUG 11908 --- [main] org.hibernate.type.BasicTypeRegistry     : Adding type registration [Ljava.lang.Character; -> org.hibernate.type.BasicTypeReference@21a9f95b
2026-02-08T09:42:26.368+01:00 DEBUG 11908 --- [main] org.hibernate.type.BasicTypeRegistry     : Adding type registration Character[] -> org.hibernate.type.BasicTypeReference@21a9f95b
2026-02-08T09:42:26.368+01:00 DEBUG 11908 --- [main] org.hibernate.type.BasicTypeRegistry     : Adding type registration text -> org.hibernate.type.BasicTypeReference@2804b13f
2026-02-08T09:42:26.369+01:00 DEBUG 11908 --- [main] org.hibernate.type.BasicTypeRegistry     : Adding type registration ntext -> org.hibernate.type.BasicTypeReference@69069866
2026-02-08T09:42:26.369+01:00 DEBUG 11908 --- [main] org.hibernate.type.BasicTypeRegistry     : Adding type registration clob -> org.hibernate.type.BasicTypeReference@ac417a2
2026-02-08T09:42:26.369+01:00 DEBUG 11908 --- [main] org.hibernate.type.BasicTypeRegistry     : Adding type registration java.sql.Clob -> org.hibernate.type.BasicTypeReference@ac417a2
2026-02-08T09:42:26.369+01:00 DEBUG 11908 --- [main] org.hibernate.type.BasicTypeRegistry     : Adding type registration nclob -> org.hibernate.type.BasicTypeReference@64c95480
2026-02-08T09:42:26.369+01:00 DEBUG 11908 --- [main] org.hibernate.type.BasicTypeRegistry     : Adding type registration java.sql.NClob -> org.hibernate.type.BasicTypeReference@64c95480
2026-02-08T09:42:26.369+01:00 DEBUG 11908 --- [main] org.hibernate.type.BasicTypeRegistry     : Adding type registration materialized_clob -> org.hibernate.type.BasicTypeReference@69499c6f
2026-02-08T09:42:26.369+01:00 DEBUG 11908 --- [main] org.hibernate.type.BasicTypeRegistry     : Adding type registration materialized_clob_char_array -> org.hibernate.type.BasicTypeReference@3451fc88
2026-02-08T09:42:26.369+01:00 DEBUG 11908 --- [main] org.hibernate.type.BasicTypeRegistry     : Adding type registration materialized_clob_character_array -> org.hibernate.type.BasicTypeReference@1e0294a7
2026-02-08T09:42:26.369+01:00 DEBUG 11908 --- [main] org.hibernate.type.BasicTypeRegistry     : Adding type registration materialized_nclob -> org.hibernate.type.BasicTypeReference@3041beb3
2026-02-08T09:42:26.369+01:00 DEBUG 11908 --- [main] org.hibernate.type.BasicTypeRegistry     : Adding type registration materialized_nclob_character_array -> org.hibernate.type.BasicTypeReference@15cee630
2026-02-08T09:42:26.369+01:00 DEBUG 11908 --- [main] org.hibernate.type.BasicTypeRegistry     : Adding type registration materialized_nclob_char_array -> org.hibernate.type.BasicTypeReference@2e40fdbd
2026-02-08T09:42:26.369+01:00 DEBUG 11908 --- [main] org.hibernate.type.BasicTypeRegistry     : Adding type registration Duration -> org.hibernate.type.BasicTypeReference@246de37e
2026-02-08T09:42:26.369+01:00 DEBUG 11908 --- [main] org.hibernate.type.BasicTypeRegistry     : Adding type registration java.time.Duration -> org.hibernate.type.BasicTypeReference@246de37e
2026-02-08T09:42:26.369+01:00 DEBUG 11908 --- [main] org.hibernate.type.BasicTypeRegistry     : Adding type registration LocalDateTime -> org.hibernate.type.BasicTypeReference@19647566
2026-02-08T09:42:26.369+01:00 DEBUG 11908 --- [main] org.hibernate.type.BasicTypeRegistry     : Adding type registration java.time.LocalDateTime -> org.hibernate.type.BasicTypeReference@19647566
2026-02-08T09:42:26.369+01:00 DEBUG 11908 --- [main] org.hibernate.type.BasicTypeRegistry     : Adding type registration LocalDate -> org.hibernate.type.BasicTypeReference@7b79ff1c
2026-02-08T09:42:26.369+01:00 DEBUG 11908 --- [main] org.hibernate.type.BasicTypeRegistry     : Adding type registration java.time.LocalDate -> org.hibernate.type.BasicTypeReference@7b79ff1c
2026-02-08T09:42:26.369+01:00 DEBUG 11908 --- [main] org.hibernate.type.BasicTypeRegistry     : Adding type registration LocalTime -> org.hibernate.type.BasicTypeReference@527d48db
2026-02-08T09:42:26.369+01:00 DEBUG 11908 --- [main] org.hibernate.type.BasicTypeRegistry     : Adding type registration java.time.LocalTime -> org.hibernate.type.BasicTypeReference@527d48db
2026-02-08T09:42:26.369+01:00 DEBUG 11908 --- [main] org.hibernate.type.BasicTypeRegistry     : Adding type registration OffsetDateTime -> org.hibernate.type.BasicTypeReference@194037f9
2026-02-08T09:42:26.369+01:00 DEBUG 11908 --- [main] org.hibernate.type.BasicTypeRegistry     : Adding type registration java.time.OffsetDateTime -> org.hibernate.type.BasicTypeReference@194037f9
2026-02-08T09:42:26.369+01:00 DEBUG 11908 --- [main] org.hibernate.type.BasicTypeRegistry     : Adding type registration OffsetDateTimeWithTimezone -> org.hibernate.type.BasicTypeReference@2335aef2
2026-02-08T09:42:26.369+01:00 DEBUG 11908 --- [main] org.hibernate.type.BasicTypeRegistry     : Adding type registration OffsetDateTimeWithoutTimezone -> org.hibernate.type.BasicTypeReference@17003497
2026-02-08T09:42:26.369+01:00 DEBUG 11908 --- [main] org.hibernate.type.BasicTypeRegistry     : Adding type registration OffsetTime -> org.hibernate.type.BasicTypeReference@2f038d3c
2026-02-08T09:42:26.369+01:00 DEBUG 11908 --- [main] org.hibernate.type.BasicTypeRegistry     : Adding type registration java.time.OffsetTime -> org.hibernate.type.BasicTypeReference@2f038d3c
2026-02-08T09:42:26.369+01:00 DEBUG 11908 --- [main] org.hibernate.type.BasicTypeRegistry     : Adding type registration ZonedDateTime -> org.hibernate.type.BasicTypeReference@376498da
2026-02-08T09:42:26.369+01:00 DEBUG 11908 --- [main] org.hibernate.type.BasicTypeRegistry     : Adding type registration java.time.ZonedDateTime -> org.hibernate.type.BasicTypeReference@376498da
2026-02-08T09:42:26.369+01:00 DEBUG 11908 --- [main] org.hibernate.type.BasicTypeRegistry     : Adding type registration ZonedDateTimeWithTimezone -> org.hibernate.type.BasicTypeReference@39a8e2fa
2026-02-08T09:42:26.369+01:00 DEBUG 11908 --- [main] org.hibernate.type.BasicTypeRegistry     : Adding type registration ZonedDateTimeWithoutTimezone -> org.hibernate.type.BasicTypeReference@2f9addd4
2026-02-08T09:42:26.369+01:00 DEBUG 11908 --- [main] org.hibernate.type.BasicTypeRegistry     : Adding type registration date -> org.hibernate.type.BasicTypeReference@1c43df76
2026-02-08T09:42:26.369+01:00 DEBUG 11908 --- [main] org.hibernate.type.BasicTypeRegistry     : Adding type registration java.sql.Date -> org.hibernate.type.BasicTypeReference@1c43df76
2026-02-08T09:42:26.369+01:00 DEBUG 11908 --- [main] org.hibernate.type.BasicTypeRegistry     : Adding type registration time -> org.hibernate.type.BasicTypeReference@ff2266c
2026-02-08T09:42:26.369+01:00 DEBUG 11908 --- [main] org.hibernate.type.BasicTypeRegistry     : Adding type registration java.sql.Time -> org.hibernate.type.BasicTypeReference@ff2266c
2026-02-08T09:42:26.369+01:00 DEBUG 11908 --- [main] org.hibernate.type.BasicTypeRegistry     : Adding type registration timestamp -> org.hibernate.type.BasicTypeReference@71b3ba5a
2026-02-08T09:42:26.369+01:00 DEBUG 11908 --- [main] org.hibernate.type.BasicTypeRegistry     : Adding type registration java.sql.Timestamp -> org.hibernate.type.BasicTypeReference@71b3ba5a
2026-02-08T09:42:26.369+01:00 DEBUG 11908 --- [main] org.hibernate.type.BasicTypeRegistry     : Adding type registration java.util.Date -> org.hibernate.type.BasicTypeReference@71b3ba5a
2026-02-08T09:42:26.369+01:00 DEBUG 11908 --- [main] org.hibernate.type.BasicTypeRegistry     : Adding type registration calendar -> org.hibernate.type.BasicTypeReference@83ebdc5
2026-02-08T09:42:26.370+01:00 DEBUG 11908 --- [main] org.hibernate.type.BasicTypeRegistry     : Adding type registration java.util.Calendar -> org.hibernate.type.BasicTypeReference@83ebdc5
2026-02-08T09:42:26.370+01:00 DEBUG 11908 --- [main] org.hibernate.type.BasicTypeRegistry     : Adding type registration java.util.GregorianCalendar -> org.hibernate.type.BasicTypeReference@83ebdc5
2026-02-08T09:42:26.370+01:00 DEBUG 11908 --- [main] org.hibernate.type.BasicTypeRegistry     : Adding type registration calendar_date -> org.hibernate.type.BasicTypeReference@a047bdb
2026-02-08T09:42:26.370+01:00 DEBUG 11908 --- [main] org.hibernate.type.BasicTypeRegistry     : Adding type registration calendar_time -> org.hibernate.type.BasicTypeReference@14dbfdb1
2026-02-08T09:42:26.370+01:00 DEBUG 11908 --- [main] org.hibernate.type.BasicTypeRegistry     : Adding type registration instant -> org.hibernate.type.BasicTypeReference@7856f41a
2026-02-08T09:42:26.370+01:00 DEBUG 11908 --- [main] org.hibernate.type.BasicTypeRegistry     : Adding type registration java.time.Instant -> org.hibernate.type.BasicTypeReference@7856f41a
2026-02-08T09:42:26.370+01:00 DEBUG 11908 --- [main] org.hibernate.type.BasicTypeRegistry     : Adding type registration uuid -> org.hibernate.type.BasicTypeReference@5fbae40
2026-02-08T09:42:26.370+01:00 DEBUG 11908 --- [main] org.hibernate.type.BasicTypeRegistry     : Adding type registration java.util.UUID -> org.hibernate.type.BasicTypeReference@5fbae40
2026-02-08T09:42:26.370+01:00 DEBUG 11908 --- [main] org.hibernate.type.BasicTypeRegistry     : Adding type registration pg-uuid -> org.hibernate.type.BasicTypeReference@5fbae40
2026-02-08T09:42:26.370+01:00 DEBUG 11908 --- [main] org.hibernate.type.BasicTypeRegistry     : Adding type registration uuid-binary -> org.hibernate.type.BasicTypeReference@2c08c787
2026-02-08T09:42:26.370+01:00 DEBUG 11908 --- [main] org.hibernate.type.BasicTypeRegistry     : Adding type registration uuid-char -> org.hibernate.type.BasicTypeReference@67f591c2
2026-02-08T09:42:26.370+01:00 DEBUG 11908 --- [main] org.hibernate.type.BasicTypeRegistry     : Adding type registration class -> org.hibernate.type.BasicTypeReference@284c4f02
2026-02-08T09:42:26.370+01:00 DEBUG 11908 --- [main] org.hibernate.type.BasicTypeRegistry     : Adding type registration java.lang.Class -> org.hibernate.type.BasicTypeReference@284c4f02
2026-02-08T09:42:26.370+01:00 DEBUG 11908 --- [main] org.hibernate.type.BasicTypeRegistry     : Adding type registration currency -> org.hibernate.type.BasicTypeReference@709d6de5
2026-02-08T09:42:26.370+01:00 DEBUG 11908 --- [main] org.hibernate.type.BasicTypeRegistry     : Adding type registration Currency -> org.hibernate.type.BasicTypeReference@709d6de5
2026-02-08T09:42:26.370+01:00 DEBUG 11908 --- [main] org.hibernate.type.BasicTypeRegistry     : Adding type registration java.util.Currency -> org.hibernate.type.BasicTypeReference@709d6de5
2026-02-08T09:42:26.370+01:00 DEBUG 11908 --- [main] org.hibernate.type.BasicTypeRegistry     : Adding type registration locale -> org.hibernate.type.BasicTypeReference@1a43a88e
2026-02-08T09:42:26.370+01:00 DEBUG 11908 --- [main] org.hibernate.type.BasicTypeRegistry     : Adding type registration java.util.Locale -> org.hibernate.type.BasicTypeReference@1a43a88e
2026-02-08T09:42:26.370+01:00 DEBUG 11908 --- [main] org.hibernate.type.BasicTypeRegistry     : Adding type registration serializable -> org.hibernate.type.BasicTypeReference@51f34185
2026-02-08T09:42:26.370+01:00 DEBUG 11908 --- [main] org.hibernate.type.BasicTypeRegistry     : Adding type registration java.io.Serializable -> org.hibernate.type.BasicTypeReference@51f34185
2026-02-08T09:42:26.370+01:00 DEBUG 11908 --- [main] org.hibernate.type.BasicTypeRegistry     : Adding type registration timezone -> org.hibernate.type.BasicTypeReference@1b8d20e6
2026-02-08T09:42:26.370+01:00 DEBUG 11908 --- [main] org.hibernate.type.BasicTypeRegistry     : Adding type registration java.util.TimeZone -> org.hibernate.type.BasicTypeReference@1b8d20e6
2026-02-08T09:42:26.370+01:00 DEBUG 11908 --- [main] org.hibernate.type.BasicTypeRegistry     : Adding type registration ZoneOffset -> org.hibernate.type.BasicTypeReference@e49437
2026-02-08T09:42:26.370+01:00 DEBUG 11908 --- [main] org.hibernate.type.BasicTypeRegistry     : Adding type registration java.time.ZoneOffset -> org.hibernate.type.BasicTypeReference@e49437
2026-02-08T09:42:26.370+01:00 DEBUG 11908 --- [main] org.hibernate.type.BasicTypeRegistry     : Adding type registration url -> org.hibernate.type.BasicTypeReference@7645b7d
2026-02-08T09:42:26.370+01:00 DEBUG 11908 --- [main] org.hibernate.type.BasicTypeRegistry     : Adding type registration java.net.URL -> org.hibernate.type.BasicTypeReference@7645b7d
2026-02-08T09:42:26.370+01:00 DEBUG 11908 --- [main] org.hibernate.type.BasicTypeRegistry     : Adding type registration row_version -> org.hibernate.type.BasicTypeReference@4c50cd7d
2026-02-08T09:42:26.370+01:00 DEBUG 11908 --- [main] org.hibernate.type.BasicTypeRegistry     : Adding type registration dbtimestamp -> org.hibernate.type.DbTimestampType@63c84d31
2026-02-08T09:42:26.370+01:00 DEBUG 11908 --- [main] org.hibernate.type.BasicTypeRegistry     : Adding type registration dbtimestamp -> org.hibernate.type.DbTimestampType@63c84d31
2026-02-08T09:42:26.370+01:00 DEBUG 11908 --- [main] org.hibernate.type.BasicTypeRegistry     : Adding type registration object -> org.hibernate.type.JavaObjectType@7f53fc38
2026-02-08T09:42:26.370+01:00 DEBUG 11908 --- [main] org.hibernate.type.BasicTypeRegistry     : Adding type registration java.lang.Object -> org.hibernate.type.JavaObjectType@7f53fc38
2026-02-08T09:42:26.370+01:00 DEBUG 11908 --- [main] org.hibernate.type.BasicTypeRegistry     : Adding type registration null -> org.hibernate.type.NullType@629cbb1
2026-02-08T09:42:26.370+01:00 DEBUG 11908 --- [main] org.hibernate.type.BasicTypeRegistry     : Adding type registration imm_date -> org.hibernate.type.BasicTypeReference@33c109d2
2026-02-08T09:42:26.370+01:00 DEBUG 11908 --- [main] org.hibernate.type.BasicTypeRegistry     : Adding type registration imm_time -> org.hibernate.type.BasicTypeReference@72dfac2e
2026-02-08T09:42:26.370+01:00 DEBUG 11908 --- [main] org.hibernate.type.BasicTypeRegistry     : Adding type registration imm_timestamp -> org.hibernate.type.BasicTypeReference@337eb419
2026-02-08T09:42:26.370+01:00 DEBUG 11908 --- [main] org.hibernate.type.BasicTypeRegistry     : Adding type registration imm_calendar -> org.hibernate.type.BasicTypeReference@222e8b99
2026-02-08T09:42:26.370+01:00 DEBUG 11908 --- [main] org.hibernate.type.BasicTypeRegistry     : Adding type registration imm_calendar_date -> org.hibernate.type.BasicTypeReference@191a8997
2026-02-08T09:42:26.370+01:00 DEBUG 11908 --- [main] org.hibernate.type.BasicTypeRegistry     : Adding type registration imm_calendar_time -> org.hibernate.type.BasicTypeReference@162be846
2026-02-08T09:42:26.370+01:00 DEBUG 11908 --- [main] org.hibernate.type.BasicTypeRegistry     : Adding type registration imm_binary -> org.hibernate.type.BasicTypeReference@503358e6
2026-02-08T09:42:26.370+01:00 DEBUG 11908 --- [main] org.hibernate.type.BasicTypeRegistry     : Adding type registration imm_serializable -> org.hibernate.type.BasicTypeReference@697633a
2026-02-08T09:42:26.375+01:00  INFO 11908 --- [main] com.zaxxer.hikari.HikariDataSource       : HikariPool-3 - Starting...
2026-02-08T09:42:26.377+01:00  INFO 11908 --- [main] com.zaxxer.hikari.pool.HikariPool        : HikariPool-3 - Added connection conn20: url=jdbc:h2:mem:test user=SA
2026-02-08T09:42:26.378+01:00  INFO 11908 --- [main] com.zaxxer.hikari.HikariDataSource       : HikariPool-3 - Start completed.
2026-02-08T09:42:26.378+01:00  INFO 11908 --- [main] SQL dialect                              : HHH000400: Using dialect: org.hibernate.dialect.H2Dialect
2026-02-08T09:42:26.379+01:00 DEBUG 11908 --- [main] o.h.t.d.jdbc.spi.JdbcTypeRegistry        : addDescriptor(NCharTypeDescriptor) replaced previous registration(CharTypeDescriptor)
2026-02-08T09:42:26.379+01:00 DEBUG 11908 --- [main] o.h.t.d.jdbc.spi.JdbcTypeRegistry        : addDescriptor(NVarcharTypeDescriptor) replaced previous registration(VarcharTypeDescriptor)
2026-02-08T09:42:26.379+01:00 DEBUG 11908 --- [main] o.h.t.d.jdbc.spi.JdbcTypeRegistry        : addDescriptor(LongNVarcharTypeDescriptor) replaced previous registration(LongVarcharTypeDescriptor)
2026-02-08T09:42:26.379+01:00 DEBUG 11908 --- [main] o.h.t.d.jdbc.spi.JdbcTypeRegistry        : addDescriptor(NClobTypeDescriptor(DEFAULT)) replaced previous registration(ClobTypeDescriptor(DEFAULT))
2026-02-08T09:42:26.379+01:00 DEBUG 11908 --- [main] o.h.t.d.jdbc.spi.JdbcTypeRegistry        : addDescriptor(2005, ClobTypeDescriptor(STREAM_BINDING)) replaced previous registration(ClobTypeDescriptor(DEFAULT))
2026-02-08T09:42:26.379+01:00 DEBUG 11908 --- [main] o.h.t.d.jdbc.spi.JdbcTypeRegistry        : addDescriptor(3003, TimestampUtcDescriptor) replaced previous registration(TimestampUtcDescriptor)
2026-02-08T09:42:26.379+01:00 DEBUG 11908 --- [main] org.hibernate.type.BasicTypeRegistry     : Adding type registration org.hibernate.type.OffsetDateTimeType -> basicType@35(java.time.OffsetDateTime,93)
2026-02-08T09:42:26.379+01:00 DEBUG 11908 --- [main] org.hibernate.type.BasicTypeRegistry     : Adding type registration OffsetDateTime -> basicType@35(java.time.OffsetDateTime,93)
2026-02-08T09:42:26.379+01:00 DEBUG 11908 --- [main] org.hibernate.type.BasicTypeRegistry     : Adding type registration java.time.OffsetDateTime -> basicType@35(java.time.OffsetDateTime,93)
2026-02-08T09:42:26.379+01:00 DEBUG 11908 --- [main] org.hibernate.type.BasicTypeRegistry     : Adding type registration org.hibernate.type.ZonedDateTimeType -> basicType@36(java.time.ZonedDateTime,93)
2026-02-08T09:42:26.379+01:00 DEBUG 11908 --- [main] org.hibernate.type.BasicTypeRegistry     : Adding type registration ZonedDateTime -> basicType@36(java.time.ZonedDateTime,93)
2026-02-08T09:42:26.379+01:00 DEBUG 11908 --- [main] org.hibernate.type.BasicTypeRegistry     : Adding type registration java.time.ZonedDateTime -> basicType@36(java.time.ZonedDateTime,93)
2026-02-08T09:42:26.379+01:00 DEBUG 11908 --- [main] o.h.type.spi.TypeConfiguration$Scope     : Scoping TypeConfiguration [org.hibernate.type.spi.TypeConfiguration@5f76d1a0] to MetadataBuildingContext [org.hibernate.boot.internal.MetadataBuildingContextRootImpl@2800b3a9]
2026-02-08T09:42:26.473+01:00 DEBUG 11908 --- [main] o.h.type.spi.TypeConfiguration$Scope     : Scoping TypeConfiguration [org.hibernate.type.spi.TypeConfiguration@5f76d1a0] to SessionFactoryImplementor [org.hibernate.internal.SessionFactoryImpl@48f7dbe0]
2026-02-08T09:42:26.632+01:00 DEBUG 11908 --- [main] org.hibernate.SQL                        : drop table if exists cash_closure cascade 
2026-02-08T09:42:26.632+01:00 DEBUG 11908 --- [main] org.hibernate.SQL                        : drop table if exists cash_register_transactions cascade 
2026-02-08T09:42:26.632+01:00 DEBUG 11908 --- [main] org.hibernate.SQL                        : drop table if exists commercial_order_lines cascade 
2026-02-08T09:42:26.632+01:00 DEBUG 11908 --- [main] org.hibernate.SQL                        : drop table if exists commercial_order_note_lines cascade 
2026-02-08T09:42:26.634+01:00 DEBUG 11908 --- [main] org.hibernate.SQL                        : drop table if exists commercial_order_state_history cascade 
2026-02-08T09:42:26.634+01:00 DEBUG 11908 --- [main] org.hibernate.SQL                        : drop table if exists commercial_orders cascade 
2026-02-08T09:42:26.634+01:00 DEBUG 11908 --- [main] org.hibernate.SQL                        : drop table if exists commercial_stock cascade 
2026-02-08T09:42:26.634+01:00 DEBUG 11908 --- [main] org.hibernate.SQL                        : drop table if exists commercial_stock_history cascade 
2026-02-08T09:42:26.634+01:00 DEBUG 11908 --- [main] org.hibernate.SQL                        : drop table if exists customers cascade 
2026-02-08T09:42:26.634+01:00 DEBUG 11908 --- [main] org.hibernate.SQL                        : drop table if exists delivery_order_note cascade 
2026-02-08T09:42:26.634+01:00 DEBUG 11908 --- [main] org.hibernate.SQL                        : drop table if exists exit_commercial_order_note cascade 
2026-02-08T09:42:26.634+01:00 DEBUG 11908 --- [main] org.hibernate.SQL                        : drop table if exists exit_order_note cascade 
2026-02-08T09:42:26.634+01:00 DEBUG 11908 --- [main] org.hibernate.SQL                        : drop table if exists order_lines cascade 
2026-02-08T09:42:26.634+01:00 DEBUG 11908 --- [main] org.hibernate.SQL                        : drop table if exists order_note_lines cascade 
2026-02-08T09:42:26.634+01:00 DEBUG 11908 --- [main] org.hibernate.SQL                        : drop table if exists order_state_history cascade 
2026-02-08T09:42:26.634+01:00 DEBUG 11908 --- [main] org.hibernate.SQL                        : drop table if exists orders cascade 
2026-02-08T09:42:26.634+01:00 DEBUG 11908 --- [main] org.hibernate.SQL                        : drop table if exists pack_history cascade 
2026-02-08T09:42:26.634+01:00 DEBUG 11908 --- [main] org.hibernate.SQL                        : drop table if exists pack_products cascade 
2026-02-08T09:42:26.634+01:00 DEBUG 11908 --- [main] org.hibernate.SQL                        : drop table if exists packs cascade 
2026-02-08T09:42:26.634+01:00 DEBUG 11908 --- [main] org.hibernate.SQL                        : drop table if exists product_history cascade 
2026-02-08T09:42:26.634+01:00 DEBUG 11908 --- [main] org.hibernate.SQL                        : drop table if exists products cascade 
2026-02-08T09:42:26.634+01:00 DEBUG 11908 --- [main] org.hibernate.SQL                        : drop table if exists purchase_commercial_order_note cascade 
2026-02-08T09:42:26.634+01:00 DEBUG 11908 --- [main] org.hibernate.SQL                        : drop table if exists purchase_order_note cascade 
2026-02-08T09:42:26.634+01:00 DEBUG 11908 --- [main] org.hibernate.SQL                        : drop table if exists roles cascade 
2026-02-08T09:42:26.634+01:00 DEBUG 11908 --- [main] org.hibernate.SQL                        : drop table if exists stock_entry cascade 
2026-02-08T09:42:26.634+01:00 DEBUG 11908 --- [main] org.hibernate.SQL                        : drop table if exists stock_entry_lines cascade 
2026-02-08T09:42:26.634+01:00 DEBUG 11908 --- [main] org.hibernate.SQL                        : drop table if exists supplier cascade 
2026-02-08T09:42:26.634+01:00 DEBUG 11908 --- [main] org.hibernate.SQL                        : drop table if exists users cascade 
2026-02-08T09:42:26.634+01:00 DEBUG 11908 --- [main] org.hibernate.SQL                        : drop table if exists users_roles cascade 
2026-02-08T09:42:26.634+01:00 DEBUG 11908 --- [main] org.hibernate.SQL                        : drop table if exists withdrawal_transactions cascade 
2026-02-08T09:42:26.635+01:00 DEBUG 11908 --- [main] org.hibernate.SQL                        : create table cash_closure (id bigint generated by default as identity, amount_received float(53) not null, amount_withdrawn float(53) not null, closure_date TIMESTAMP DEFAULT CURRENT_TIMESTAMP not null, description varchar(255), cashier_id bigint not null, primary key (id))
2026-02-08T09:42:26.636+01:00 DEBUG 11908 --- [main] org.hibernate.SQL                        : create table cash_register_transactions (id bigint generated by default as identity, amount float(53) not null, payment_date TIMESTAMP DEFAULT CURRENT_TIMESTAMP not null, cashier_id bigint not null, customer_id bigint, user_id bigint, primary key (id))
2026-02-08T09:42:26.636+01:00 DEBUG 11908 --- [main] org.hibernate.SQL                        : create table commercial_order_lines (id bigint generated by default as identity, price float(53) not null, quantity integer not null, commercial_order_id bigint not null, pack_id bigint, product_id bigint, primary key (id))
2026-02-08T09:42:26.636+01:00 DEBUG 11908 --- [main] org.hibernate.SQL                        : create table commercial_order_note_lines (id bigint generated by default as identity, price float(53) not null, quantity integer not null, commercial_exit_order_note_id bigint, pack_id bigint, product_id bigint, commercial_purchase_order_note_id bigint, primary key (id))
2026-02-08T09:42:26.637+01:00 DEBUG 11908 --- [main] org.hibernate.SQL                        : create table commercial_order_state_history (id bigint generated by default as identity, changed_date TIMESTAMP DEFAULT CURRENT_TIMESTAMP not null, new_state varchar(255), old_state varchar(255), prepared_person_id bigint, commercial_order_id bigint not null, primary key (id))
2026-02-08T09:42:26.637+01:00 DEBUG 11908 --- [main] org.hibernate.SQL                        : create table commercial_orders (id bigint generated by default as identity, archived boolean not null, order_date TIMESTAMP DEFAULT CURRENT_TIMESTAMP not null, state varchar(255), total_price float(53) not null, user_id bigint not null, primary key (id))
2026-02-08T09:42:26.637+01:00 DEBUG 11908 --- [main] org.hibernate.SQL                        : create table commercial_stock (id bigint generated by default as identity, quantity integer not null, pack_id bigint, product_id bigint, commercial_id bigint not null, primary key (id))
2026-02-08T09:42:26.637+01:00 DEBUG 11908 --- [main] org.hibernate.SQL                        : create table commercial_stock_history (id bigint generated by default as identity, changed_date TIMESTAMP DEFAULT CURRENT_TIMESTAMP not null, quantity integer not null, pack_id bigint, product_id bigint, commercial_id bigint not null, primary key (id))
2026-02-08T09:42:26.638+01:00 DEBUG 11908 --- [main] org.hibernate.SQL                        : create table customers (id bigint generated by default as identity, commune varchar(255), customer_type varchar(255), latitude float(53), longitude float(53), name varchar(255), owner_name varchar(255), total_debt float(53), total_revenue float(53), wilaya varchar(255), primary key (id))
2026-02-08T09:42:26.638+01:00 DEBUG 11908 --- [main] org.hibernate.SQL                        : create table delivery_order_note (id bigint generated by default as identity, creation_date TIMESTAMP DEFAULT CURRENT_TIMESTAMP not null, total_price float(53), total_quantity integer not null, total_quantity_pack integer not null, delivery_person_id bigint, order_id bigint, prepared_person_id bigint, primary key (id))
2026-02-08T09:42:26.638+01:00 DEBUG 11908 --- [main] org.hibernate.SQL                        : create table exit_commercial_order_note (id bigint generated by default as identity, creation_date TIMESTAMP DEFAULT CURRENT_TIMESTAMP not null, total_price float(53), total_quantity integer not null, total_quantity_pack integer not null, commercial_order_id bigint not null, delivery_person_id bigint, prepared_person_id bigint, primary key (id))
2026-02-08T09:42:26.638+01:00 DEBUG 11908 --- [main] org.hibernate.SQL                        : create table exit_order_note (id bigint generated by default as identity, creation_date TIMESTAMP DEFAULT CURRENT_TIMESTAMP not null, total_price float(53), total_quantity integer not null, total_quantity_pack integer not null, delivery_person_id bigint, order_id bigint not null, prepared_person_id bigint, primary key (id))
2026-02-08T09:42:26.639+01:00 DEBUG 11908 --- [main] org.hibernate.SQL                        : create table order_lines (id bigint generated by default as identity, price float(53) not null, quantity integer not null, order_id bigint not null, pack_id bigint, product_id bigint, primary key (id))
2026-02-08T09:42:26.639+01:00 DEBUG 11908 --- [main] org.hibernate.SQL                        : create table order_note_lines (id bigint generated by default as identity, price float(53) not null, quantity integer not null, delivery_order_note_id bigint, exit_order_note_id bigint, pack_id bigint, product_id bigint, purchase_order_note_id bigint, primary key (id))
2026-02-08T09:42:26.639+01:00 DEBUG 11908 --- [main] org.hibernate.SQL                        : create table order_state_history (id bigint generated by default as identity, changed_date TIMESTAMP DEFAULT CURRENT_TIMESTAMP not null, new_state varchar(255), old_state varchar(255), prepared_person_id bigint, delivery_person_id bigint, order_id bigint not null, primary key (id))
2026-02-08T09:42:26.640+01:00 DEBUG 11908 --- [main] org.hibernate.SQL                        : create table orders (id bigint generated by default as identity, archived boolean not null, order_date TIMESTAMP DEFAULT CURRENT_TIMESTAMP not null, state varchar(255), total_price float(53) not null, customer_id bigint not null, user_id bigint not null, primary key (id))
2026-02-08T09:42:26.640+01:00 DEBUG 11908 --- [main] org.hibernate.SQL                        : create table pack_history (id bigint generated by default as identity, change_date TIMESTAMP DEFAULT CURRENT_TIMESTAMP not null, changed_by varchar(255), price float(53) not null, quantity integer not null, state boolean not null, pack_id bigint not null, primary key (id))
2026-02-08T09:42:26.640+01:00 DEBUG 11908 --- [main] org.hibernate.SQL                        : create table pack_products (id bigint generated by default as identity, quantity integer not null, pack_id bigint not null, product_id bigint not null, primary key (id))
2026-02-08T09:42:26.641+01:00 DEBUG 11908 --- [main] org.hibernate.SQL                        : create table packs (id bigint generated by default as identity, name varchar(50) not null, price float(53) not null, quantity integer not null, reserved_orders integer not null, state boolean not null, primary key (id))
2026-02-08T09:42:26.641+01:00 DEBUG 11908 --- [main] org.hibernate.SQL                        : create table product_history (id bigint generated by default as identity, action varchar(255), change_date TIMESTAMP DEFAULT CURRENT_TIMESTAMP not null, changed_by varchar(255), price float(53) not null, quantity integer not null, reserved_orders integer not null, reserved_packs integer not null, reserved_quantity integer not null, state boolean not null, product_id bigint not null, primary key (id))
2026-02-08T09:42:26.641+01:00 DEBUG 11908 --- [main] org.hibernate.SQL                        : create table products (id bigint generated by default as identity, bar_code varchar(255) not null, color varchar(50) not null, description varchar(255), mark varchar(50) not null, model varchar(50) not null, price float(53) not null, quantity integer not null, reserved_orders integer not null, reserved_packs integer not null, reserved_quantity integer not null, state boolean not null, type varchar(50) not null, primary key (id))
2026-02-08T09:42:26.642+01:00 DEBUG 11908 --- [main] org.hibernate.SQL                        : create table purchase_commercial_order_note (id bigint generated by default as identity, creation_date TIMESTAMP DEFAULT CURRENT_TIMESTAMP not null, total_price float(53), total_quantity integer not null, total_quantity_pack integer not null, commercial_order_id bigint, delivery_person_id bigint, prepared_person_id bigint, primary key (id))
2026-02-08T09:42:26.642+01:00 DEBUG 11908 --- [main] org.hibernate.SQL                        : create table purchase_order_note (id bigint generated by default as identity, creation_date TIMESTAMP DEFAULT CURRENT_TIMESTAMP not null, total_price float(53), total_quantity integer not null, total_quantity_pack integer not null, delivery_person_id bigint, order_id bigint, prepared_person_id bigint, primary key (id))
2026-02-08T09:42:26.642+01:00 DEBUG 11908 --- [main] org.hibernate.SQL                        : create table roles (id bigint generated by default as identity, name varchar(255), primary key (id))
2026-02-08T09:42:26.643+01:00 DEBUG 11908 --- [main] org.hibernate.SQL                        : create table stock_entry (id bigint generated by default as identity, entry_date date not null, entry_number varchar(50) not null, total_price float(53) not null, total_quantity integer not null, supplier_id bigint not null, primary key (id))
2026-02-08T09:42:26.643+01:00 DEBUG 11908 --- [main] org.hibernate.SQL                        : create table stock_entry_lines (id bigint generated by default as identity, price float(53) not null, quantity integer not null, product_id bigint not null, stock_entry_id bigint not null, primary key (id))
2026-02-08T09:42:26.643+01:00 DEBUG 11908 --- [main] org.hibernate.SQL                        : create table supplier (id bigint generated by default as identity, address varchar(255) not null, email varchar(255) not null, home_phone varchar(255) not null, mobile_phone varchar(255) not null, name varchar(255) not null, registration_date TIMESTAMP DEFAULT CURRENT_TIMESTAMP not null, state boolean not null, primary key (id))
2026-02-08T09:42:26.643+01:00 DEBUG 11908 --- [main] org.hibernate.SQL                        : create table users (id bigint generated by default as identity, cash_amount float(53), email varchar(255), enabled boolean not null, first_name varchar(255), last_name varchar(255), password varchar(255), user_name varchar(255), primary key (id))
2026-02-08T09:42:26.644+01:00 DEBUG 11908 --- [main] org.hibernate.SQL                        : create table users_roles (user_id bigint not null, role_id bigint not null, primary key (user_id, role_id))
2026-02-08T09:42:26.644+01:00 DEBUG 11908 --- [main] org.hibernate.SQL                        : create table withdrawal_transactions (id bigint generated by default as identity, amount float(53) not null, description varchar(255), withdrawal_date TIMESTAMP DEFAULT CURRENT_TIMESTAMP not null, cashier_id bigint not null, primary key (id))
2026-02-08T09:42:26.644+01:00 DEBUG 11908 --- [main] org.hibernate.SQL                        : alter table if exists packs add constraint UK_h4haowftrk59lb6jajfayq1ho unique (name)
2026-02-08T09:42:26.644+01:00 DEBUG 11908 --- [main] org.hibernate.SQL                        : alter table if exists products add constraint UK_ks7bl2r407pphq72vxpufxqn unique (bar_code)
2026-02-08T09:42:26.644+01:00 DEBUG 11908 --- [main] org.hibernate.SQL                        : alter table if exists stock_entry add constraint UK_262yph571i55hv9uevn44kwsy unique (entry_number)
2026-02-08T09:42:26.645+01:00 DEBUG 11908 --- [main] org.hibernate.SQL                        : alter table if exists users add constraint UK_k8d0f2n7n88w1a16yhua64onx unique (user_name)
2026-02-08T09:42:26.645+01:00 DEBUG 11908 --- [main] org.hibernate.SQL                        : alter table if exists cash_closure add constraint FKrd2x1lweun8gkekgew17pw0nw foreign key (cashier_id) references users
2026-02-08T09:42:26.645+01:00 DEBUG 11908 --- [main] org.hibernate.SQL                        : alter table if exists cash_register_transactions add constraint FKjtqmjf7s4rehssm4ujn4vkn80 foreign key (cashier_id) references users
2026-02-08T09:42:26.646+01:00 DEBUG 11908 --- [main] org.hibernate.SQL                        : alter table if exists cash_register_transactions add constraint FK2ib2wgd8woedfejgfgv65x11o foreign key (customer_id) references customers
2026-02-08T09:42:26.646+01:00 DEBUG 11908 --- [main] org.hibernate.SQL                        : alter table if exists cash_register_transactions add constraint FKnlv06ijanddf14lffo7a716wm foreign key (user_id) references users
2026-02-08T09:42:26.647+01:00 DEBUG 11908 --- [main] org.hibernate.SQL                        : alter table if exists commercial_order_lines add constraint FKlo4wl48940y98jt8tfyyrgvvy foreign key (commercial_order_id) references commercial_orders
2026-02-08T09:42:26.649+01:00 DEBUG 11908 --- [main] org.hibernate.SQL                        : alter table if exists commercial_order_lines add constraint FKd055j9phd6nyhma6qwpa1f1og foreign key (pack_id) references packs
2026-02-08T09:42:26.650+01:00 DEBUG 11908 --- [main] org.hibernate.SQL                        : alter table if exists commercial_order_lines add constraint FK89bs07930f5587lds515wo12d foreign key (product_id) references products
2026-02-08T09:42:26.651+01:00 DEBUG 11908 --- [main] org.hibernate.SQL                        : alter table if exists commercial_order_note_lines add constraint FKjhhkyeot431tv2jyui4od4cke foreign key (commercial_exit_order_note_id) references exit_commercial_order_note
2026-02-08T09:42:26.652+01:00 DEBUG 11908 --- [main] org.hibernate.SQL                        : alter table if exists commercial_order_note_lines add constraint FK9m3yn0cr6eymakv654fjytrlm foreign key (pack_id) references packs
2026-02-08T09:42:26.652+01:00 DEBUG 11908 --- [main] org.hibernate.SQL                        : alter table if exists commercial_order_note_lines add constraint FKely5x0k347y9m0eu7bwe94tvs foreign key (product_id) references products
2026-02-08T09:42:26.653+01:00 DEBUG 11908 --- [main] org.hibernate.SQL                        : alter table if exists commercial_order_note_lines add constraint FKdtmskpq2lcneru3mfcp3ihray foreign key (commercial_purchase_order_note_id) references purchase_commercial_order_note
2026-02-08T09:42:26.654+01:00 DEBUG 11908 --- [main] org.hibernate.SQL                        : alter table if exists commercial_order_state_history add constraint FKiyakjkla95gor0a856y0x0moc foreign key (prepared_person_id) references users
2026-02-08T09:42:26.654+01:00 DEBUG 11908 --- [main] org.hibernate.SQL                        : alter table if exists commercial_order_state_history add constraint FKmitfo6ougmsx0g9nqgpunsyyx foreign key (commercial_order_id) references commercial_orders
2026-02-08T09:42:26.655+01:00 DEBUG 11908 --- [main] org.hibernate.SQL                        : alter table if exists commercial_orders add constraint FKmtewlix9mgxijdwfb11gq5t4c foreign key (user_id) references users
2026-02-08T09:42:26.655+01:00 DEBUG 11908 --- [main] org.hibernate.SQL                        : alter table if exists commercial_stock add constraint FK1kbddxisqw3ab5fx4rca7632n foreign key (pack_id) references packs
2026-02-08T09:42:26.656+01:00 DEBUG 11908 --- [main] org.hibernate.SQL                        : alter table if exists commercial_stock add constraint FKcyvs1kqn9c27fpesse6qloxbr foreign key (product_id) references products
2026-02-08T09:42:26.656+01:00 DEBUG 11908 --- [main] org.hibernate.SQL                        : alter table if exists commercial_stock add constraint FK5akggoccm2129nbrbm3so737s foreign key (commercial_id) references users
2026-02-08T09:42:26.657+01:00 DEBUG 11908 --- [main] org.hibernate.SQL                        : alter table if exists commercial_stock_history add constraint FK9do0j97cij4lqo76tfnkue5mq foreign key (pack_id) references packs
2026-02-08T09:42:26.657+01:00 DEBUG 11908 --- [main] org.hibernate.SQL                        : alter table if exists commercial_stock_history add constraint FKs6mm3p8qj0hxxg9b6e6h2n4iv foreign key (product_id) references products
2026-02-08T09:42:26.659+01:00 DEBUG 11908 --- [main] org.hibernate.SQL                        : alter table if exists commercial_stock_history add constraint FKl3jyganbgn34iwr6sq0t21xcu foreign key (commercial_id) references users
2026-02-08T09:42:26.660+01:00 DEBUG 11908 --- [main] org.hibernate.SQL                        : alter table if exists delivery_order_note add constraint FKse29wynt05p3wlt94fywujls5 foreign key (delivery_person_id) references users
2026-02-08T09:42:26.660+01:00 DEBUG 11908 --- [main] org.hibernate.SQL                        : alter table if exists delivery_order_note add constraint FK7r5gth9xd9w5kwkqy1r4myhs foreign key (order_id) references orders
2026-02-08T09:42:26.661+01:00 DEBUG 11908 --- [main] org.hibernate.SQL                        : alter table if exists delivery_order_note add constraint FKpl9bs1lo5bdb2nnr6nw3lcl4i foreign key (prepared_person_id) references users
2026-02-08T09:42:26.661+01:00 DEBUG 11908 --- [main] org.hibernate.SQL                        : alter table if exists exit_commercial_order_note add constraint FK4pcfhwfrg08i3ong30rag00ue foreign key (commercial_order_id) references commercial_orders
2026-02-08T09:42:26.661+01:00 DEBUG 11908 --- [main] org.hibernate.SQL                        : alter table if exists exit_commercial_order_note add constraint FK16ro0jrdrx7cvgk524u30yu9w foreign key (delivery_person_id) references users
2026-02-08T09:42:26.662+01:00 DEBUG 11908 --- [main] org.hibernate.SQL                        : alter table if exists exit_commercial_order_note add constraint FKle7nmcsddvnfdhn7qs9u34h10 foreign key (prepared_person_id) references users
2026-02-08T09:42:26.662+01:00 DEBUG 11908 --- [main] org.hibernate.SQL                        : alter table if exists exit_order_note add constraint FKqc8xdg7c0smqx0ycdp2w30dsx foreign key (delivery_person_id) references users
2026-02-08T09:42:26.662+01:00 DEBUG 11908 --- [main] org.hibernate.SQL                        : alter table if exists exit_order_note add constraint FKorcdku2li7b7cnhg3mk4nsly6 foreign key (order_id) references orders
2026-02-08T09:42:26.663+01:00 DEBUG 11908 --- [main] org.hibernate.SQL                        : alter table if exists exit_order_note add constraint FKhp50568yditx1ow6igjubgy6v foreign key (prepared_person_id) references users
2026-02-08T09:42:26.663+01:00 DEBUG 11908 --- [main] org.hibernate.SQL                        : alter table if exists order_lines add constraint FK1smc0s578t2oih21yn9hw6usr foreign key (order_id) references orders
2026-02-08T09:42:26.663+01:00 DEBUG 11908 --- [main] org.hibernate.SQL                        : alter table if exists order_lines add constraint FKl8ceuepccyx4bj25273d8k0v6 foreign key (pack_id) references packs
2026-02-08T09:42:26.664+01:00 DEBUG 11908 --- [main] org.hibernate.SQL                        : alter table if exists order_lines add constraint FK5v1oeejtgtf2n3toppm3tkuhh foreign key (product_id) references products
2026-02-08T09:42:26.665+01:00 DEBUG 11908 --- [main] org.hibernate.SQL                        : alter table if exists order_note_lines add constraint FKgvcf46qmm3xp8pdqe317pfvs3 foreign key (delivery_order_note_id) references delivery_order_note
2026-02-08T09:42:26.666+01:00 DEBUG 11908 --- [main] org.hibernate.SQL                        : alter table if exists order_note_lines add constraint FK4b4ypnm8k9d5nvq7pd1pshy9q foreign key (exit_order_note_id) references exit_order_note
2026-02-08T09:42:26.667+01:00 DEBUG 11908 --- [main] org.hibernate.SQL                        : alter table if exists order_note_lines add constraint FKmls3b2hljnexj5j0vnwrkl86q foreign key (pack_id) references packs
2026-02-08T09:42:26.667+01:00 DEBUG 11908 --- [main] org.hibernate.SQL                        : alter table if exists order_note_lines add constraint FKsa2t36dkfg54uux9t622yhsui foreign key (product_id) references products
2026-02-08T09:42:26.668+01:00 DEBUG 11908 --- [main] org.hibernate.SQL                        : alter table if exists order_note_lines add constraint FKal336wsjfcuudbkcpdnm4cy7b foreign key (purchase_order_note_id) references purchase_order_note
2026-02-08T09:42:26.668+01:00 DEBUG 11908 --- [main] org.hibernate.SQL                        : alter table if exists order_state_history add constraint FKcg88oi3mth4oplkpchwyhmir2 foreign key (prepared_person_id) references users
2026-02-08T09:42:26.669+01:00 DEBUG 11908 --- [main] org.hibernate.SQL                        : alter table if exists order_state_history add constraint FKgbctjwurfomrrv7140oevs4dq foreign key (delivery_person_id) references users
2026-02-08T09:42:26.669+01:00 DEBUG 11908 --- [main] org.hibernate.SQL                        : alter table if exists order_state_history add constraint FKeduyptxl4cn9kdk96nnq3umqu foreign key (order_id) references orders
2026-02-08T09:42:26.671+01:00 DEBUG 11908 --- [main] org.hibernate.SQL                        : alter table if exists orders add constraint FKpxtb8awmi0dk6smoh2vp1litg foreign key (customer_id) references customers
2026-02-08T09:42:26.671+01:00 DEBUG 11908 --- [main] org.hibernate.SQL                        : alter table if exists orders add constraint FK32ql8ubntj5uh44ph9659tiih foreign key (user_id) references users
2026-02-08T09:42:26.672+01:00 DEBUG 11908 --- [main] org.hibernate.SQL                        : alter table if exists pack_history add constraint FKh48yhjw0rfwnjgc52765sn8dt foreign key (pack_id) references packs
2026-02-08T09:42:26.672+01:00 DEBUG 11908 --- [main] org.hibernate.SQL                        : alter table if exists pack_products add constraint FK1c9udxtvdlrmpwjyt5tabcg6 foreign key (pack_id) references packs
2026-02-08T09:42:26.672+01:00 DEBUG 11908 --- [main] org.hibernate.SQL                        : alter table if exists pack_products add constraint FK5g5fbgbp6bjsc9shu80dc8wv2 foreign key (product_id) references products
2026-02-08T09:42:26.673+01:00 DEBUG 11908 --- [main] org.hibernate.SQL                        : alter table if exists product_history add constraint FKtopf9w1y5sgbtfnpyd11ry2hp foreign key (product_id) references products
2026-02-08T09:42:26.673+01:00 DEBUG 11908 --- [main] org.hibernate.SQL                        : alter table if exists purchase_commercial_order_note add constraint FK8yoogupmpvn5qewowfmcx8utq foreign key (commercial_order_id) references commercial_orders
2026-02-08T09:42:26.673+01:00 DEBUG 11908 --- [main] org.hibernate.SQL                        : alter table if exists purchase_commercial_order_note add constraint FKbwf7cn5qa6yiox6dhg2v67wgw foreign key (delivery_person_id) references users
2026-02-08T09:42:26.674+01:00 DEBUG 11908 --- [main] org.hibernate.SQL                        : alter table if exists purchase_commercial_order_note add constraint FKg9hcyw2duo1yu7ptbionhsg8o foreign key (prepared_person_id) references users
2026-02-08T09:42:26.674+01:00 DEBUG 11908 --- [main] org.hibernate.SQL                        : alter table if exists purchase_order_note add constraint FKtb9ita6olymvw5jds7lqs0lew foreign key (delivery_person_id) references users
2026-02-08T09:42:26.675+01:00 DEBUG 11908 --- [main] org.hibernate.SQL                        : alter table if exists purchase_order_note add constraint FKppgvqtqkme4eujqa046bc5uqv foreign key (order_id) references orders
2026-02-08T09:42:26.675+01:00 DEBUG 11908 --- [main] org.hibernate.SQL                        : alter table if exists purchase_order_note add constraint FKsftbn1ktb60bqkc32bhlbldpf foreign key (prepared_person_id) references users
2026-02-08T09:42:26.676+01:00 DEBUG 11908 --- [main] org.hibernate.SQL                        : alter table if exists stock_entry add constraint FK41qcqrnvt9typ0xmxs96r4hsx foreign key (supplier_id) references supplier
2026-02-08T09:42:26.676+01:00 DEBUG 11908 --- [main] org.hibernate.SQL                        : alter table if exists stock_entry_lines add constraint FKgrfhf2q8nr16i5tafh9x7ajh3 foreign key (product_id) references products
2026-02-08T09:42:26.676+01:00 DEBUG 11908 --- [main] org.hibernate.SQL                        : alter table if exists stock_entry_lines add constraint FKc0runu4jcffnjp1pgj2jq13qp foreign key (stock_entry_id) references stock_entry
2026-02-08T09:42:26.677+01:00 DEBUG 11908 --- [main] org.hibernate.SQL                        : alter table if exists users_roles add constraint FKj6m8fwv7oqv74fcehir1a9ffy foreign key (role_id) references roles
2026-02-08T09:42:26.677+01:00 DEBUG 11908 --- [main] org.hibernate.SQL                        : alter table if exists users_roles add constraint FK2o0jvgh89lemvvo17cbqvdxaa foreign key (user_id) references users
2026-02-08T09:42:26.677+01:00 DEBUG 11908 --- [main] org.hibernate.SQL                        : alter table if exists withdrawal_transactions add constraint FKgskadk1u3rgr40g0xc8s13r50 foreign key (cashier_id) references users
2026-02-08T09:42:26.678+01:00  INFO 11908 --- [main] o.h.e.t.j.p.i.JtaPlatformInitiator       : HHH000490: Using JtaPlatform implementation: [org.hibernate.engine.transaction.jta.platform.internal.NoJtaPlatform]
2026-02-08T09:42:26.678+01:00 TRACE 11908 --- [main] o.h.type.spi.TypeConfiguration$Scope     : Handling #sessionFactoryCreated from [org.hibernate.internal.SessionFactoryImpl@48f7dbe0] for TypeConfiguration
2026-02-08T09:42:26.678+01:00  INFO 11908 --- [main] j.LocalContainerEntityManagerFactoryBean : Initialized JPA EntityManagerFactory for persistence unit 'default'
2026-02-08T09:42:26.888+01:00  WARN 11908 --- [main] JpaBaseConfiguration$JpaWebConfiguration : spring.jpa.open-in-view is enabled by default. Therefore, database queries may be performed during view rendering. Explicitly configure spring.jpa.open-in-view to disable this warning
2026-02-08T09:42:26.915+01:00  INFO 11908 --- [main] o.s.b.a.w.s.WelcomePageHandlerMapping    : Adding welcome page template: index
2026-02-08T09:42:26.992+01:00  INFO 11908 --- [main] o.s.b.a.e.web.EndpointLinksResolver      : Exposing 1 endpoint(s) beneath base path '/actuator'
2026-02-08T09:42:27.001+01:00  INFO 11908 --- [main] o.s.s.web.DefaultSecurityFilterChain     : Will secure any request with [org.springframework.security.web.session.DisableEncodeUrlFilter@39b88618, org.springframework.security.web.context.request.async.WebAsyncManagerIntegrationFilter@4460c723, org.springframework.security.web.context.SecurityContextHolderFilter@187f107, org.springframework.security.web.header.HeaderWriterFilter@5069b3c6, org.springframework.security.web.csrf.CsrfFilter@6216b817, org.springframework.security.web.authentication.logout.LogoutFilter@4aa20aac, org.springframework.security.web.authentication.UsernamePasswordAuthenticationFilter@639517ac, org.springframework.security.web.savedrequest.RequestCacheAwareFilter@56062720, org.springframework.security.web.servletapi.SecurityContextHolderAwareRequestFilter@69f9ab8a, org.springframework.security.web.authentication.AnonymousAuthenticationFilter@1749ed56, org.springframework.security.web.access.ExceptionTranslationFilter@36f1262c, org.springframework.security.web.access.intercept.AuthorizationFilter@9fb4031]
2026-02-08T09:42:27.068+01:00  INFO 11908 --- [main] c.e.l.StockEntryServiceIntegrationTest   : Started StockEntryServiceIntegrationTest in 1.082 seconds (process running for 14.389)
2026-02-08T09:42:27.089+01:00 DEBUG 11908 --- [main] org.hibernate.SQL                        : insert into supplier (id, address, email, home_phone, mobile_phone, name, state) values (default, ?, ?, ?, ?, ?, ?)
2026-02-08T09:42:27.092+01:00 DEBUG 11908 --- [main] org.hibernate.SQL                        : insert into products (id, bar_code, color, description, mark, model, price, quantity, reserved_orders, reserved_packs, reserved_quantity, state, type) values (default, ?, ?, ?, ?, ?, ?, ?, ?, ?, ?, ?, ?)
2026-02-08T09:42:27.094+01:00 DEBUG 11908 --- [main] org.hibernate.SQL                        : insert into product_history (id, action, changed_by, price, product_id, quantity, reserved_orders, reserved_packs, reserved_quantity, state) values (default, ?, ?, ?, ?, ?, ?, ?, ?, ?)
2026-02-08T09:42:27.097+01:00 DEBUG 11908 --- [main] org.hibernate.SQL                        : insert into products (id, bar_code, color, description, mark, model, price, quantity, reserved_orders, reserved_packs, reserved_quantity, state, type) values (default, ?, ?, ?, ?, ?, ?, ?, ?, ?, ?, ?, ?)
2026-02-08T09:42:27.098+01:00 DEBUG 11908 --- [main] org.hibernate.SQL                        : insert into product_history (id, action, changed_by, price, product_id, quantity, reserved_orders, reserved_packs, reserved_quantity, state) values (default, ?, ?, ?, ?, ?, ?, ?, ?, ?)
2026-02-08T09:42:27.099+01:00 DEBUG 11908 --- [main] org.hibernate.SQL                        : select p1_0.id,p1_0.bar_code,p1_0.color,p1_0.description,p1_0.mark,p1_0.model,p1_0.price,p1_0.quantity,p1_0.reserved_orders,p1_0.reserved_packs,p1_0.reserved_quantity,p1_0.state,p1_0.type from products p1_0 where p1_0.id=?
2026-02-08T09:42:27.100+01:00 DEBUG 11908 --- [main] org.hibernate.SQL                        : select p1_0.id,p1_0.bar_code,p1_0.color,p1_0.description,p1_0.mark,p1_0.model,p1_0.price,p1_0.quantity,p1_0.reserved_orders,p1_0.reserved_packs,p1_0.reserved_quantity,p1_0.state,p1_0.type from products p1_0 where p1_0.id=?
2026-02-08T09:42:27.103+01:00 DEBUG 11908 --- [main] org.hibernate.SQL                        : insert into stock_entry (id, entry_date, entry_number, supplier_id, total_price, total_quantity) values (default, ?, ?, ?, ?, ?)
2026-02-08T09:42:27.105+01:00 DEBUG 11908 --- [main] org.hibernate.SQL                        : select p1_0.id,p1_0.bar_code,p1_0.color,p1_0.description,p1_0.mark,p1_0.model,p1_0.price,p1_0.quantity,p1_0.reserved_orders,p1_0.reserved_packs,p1_0.reserved_quantity,p1_0.state,p1_0.type from products p1_0 where p1_0.id=?
2026-02-08T09:42:27.107+01:00 DEBUG 11908 --- [main] org.hibernate.SQL                        : insert into stock_entry_lines (id, price, product_id, quantity, stock_entry_id) values (default, ?, ?, ?, ?)
2026-02-08T09:42:27.108+01:00 DEBUG 11908 --- [main] org.hibernate.SQL                        : insert into product_history (id, action, changed_by, price, product_id, quantity, reserved_orders, reserved_packs, reserved_quantity, state) values (default, ?, ?, ?, ?, ?, ?, ?, ?, ?)
2026-02-08T09:42:27.109+01:00 DEBUG 11908 --- [main] org.hibernate.SQL                        : select p1_0.id,p1_0.bar_code,p1_0.color,p1_0.description,p1_0.mark,p1_0.model,p1_0.price,p1_0.quantity,p1_0.reserved_orders,p1_0.reserved_packs,p1_0.reserved_quantity,p1_0.state,p1_0.type from products p1_0 where p1_0.id=?
2026-02-08T09:42:27.110+01:00 DEBUG 11908 --- [main] org.hibernate.SQL                        : insert into stock_entry_lines (id, price, product_id, quantity, stock_entry_id) values (default, ?, ?, ?, ?)
2026-02-08T09:42:27.111+01:00 DEBUG 11908 --- [main] org.hibernate.SQL                        : insert into product_history (id, action, changed_by, price, product_id, quantity, reserved_orders, reserved_packs, reserved_quantity, state) values (default, ?, ?, ?, ?, ?, ?, ?, ?, ?)
2026-02-08T09:42:27.113+01:00 DEBUG 11908 --- [main] org.hibernate.SQL                        : update stock_entry set entry_date=?, entry_number=?, supplier_id=?, total_price=?, total_quantity=? where id=?
2026-02-08T09:42:27.113+01:00 DEBUG 11908 --- [main] org.hibernate.SQL                        : update products set bar_code=?, color=?, description=?, mark=?, model=?, price=?, quantity=?, reserved_orders=?, reserved_packs=?, reserved_quantity=?, state=?, type=? where id=?
2026-02-08T09:42:27.114+01:00 DEBUG 11908 --- [main] org.hibernate.SQL                        : update products set bar_code=?, color=?, description=?, mark=?, model=?, price=?, quantity=?, reserved_orders=?, reserved_packs=?, reserved_quantity=?, state=?, type=? where id=?
2026-02-08T09:42:27.116+01:00 DEBUG 11908 --- [main] org.hibernate.SQL                        : select s1_0.id,s1_0.entry_date,s1_0.entry_number,s2_0.id,s2_0.address,s2_0.email,s2_0.home_phone,s2_0.mobile_phone,s2_0.name,s2_0.registration_date,s2_0.state,s1_0.total_price,s1_0.total_quantity from stock_entry s1_0 join supplier s2_0 on s2_0.id=s1_0.supplier_id where s1_0.id=?
2026-02-08T09:42:27.120+01:00 DEBUG 11908 --- [main] org.hibernate.SQL                        : select s1_0.id,s1_0.price,s1_0.product_id,s1_0.quantity,s1_0.stock_entry_id from stock_entry_lines s1_0 where s1_0.stock_entry_id=?
2026-02-08T09:42:27.120+01:00 DEBUG 11908 --- [main] org.hibernate.SQL                        : select p1_0.id,p1_0.bar_code,p1_0.color,p1_0.description,p1_0.mark,p1_0.model,p1_0.price,p1_0.quantity,p1_0.reserved_orders,p1_0.reserved_packs,p1_0.reserved_quantity,p1_0.state,p1_0.type from products p1_0 where p1_0.id=?
2026-02-08T09:42:27.120+01:00 DEBUG 11908 --- [main] org.hibernate.SQL                        : select s1_0.id,s1_0.entry_date,s1_0.entry_number,s2_0.id,s2_0.address,s2_0.email,s2_0.home_phone,s2_0.mobile_phone,s2_0.name,s2_0.registration_date,s2_0.state,s1_0.total_price,s1_0.total_quantity from stock_entry s1_0 join supplier s2_0 on s2_0.id=s1_0.supplier_id where s1_0.id=?
2026-02-08T09:42:27.122+01:00 DEBUG 11908 --- [main] org.hibernate.SQL                        : select p1_0.id,p1_0.bar_code,p1_0.color,p1_0.description,p1_0.mark,p1_0.model,p1_0.price,p1_0.quantity,p1_0.reserved_orders,p1_0.reserved_packs,p1_0.reserved_quantity,p1_0.state,p1_0.type from products p1_0 where p1_0.id=?
2026-02-08T09:42:27.123+01:00 DEBUG 11908 --- [main] org.hibernate.SQL                        : select p1_0.id,p1_0.bar_code,p1_0.color,p1_0.description,p1_0.mark,p1_0.model,p1_0.price,p1_0.quantity,p1_0.reserved_orders,p1_0.reserved_packs,p1_0.reserved_quantity,p1_0.state,p1_0.type from products p1_0 where p1_0.id=?
2026-02-08T09:42:27.123+01:00 DEBUG 11908 --- [main] org.hibernate.SQL                        : select p1_0.id,p1_0.bar_code,p1_0.color,p1_0.description,p1_0.mark,p1_0.model,p1_0.price,p1_0.quantity,p1_0.reserved_orders,p1_0.reserved_packs,p1_0.reserved_quantity,p1_0.state,p1_0.type from products p1_0 where p1_0.id=?
2026-02-08T09:42:27.128+01:00  INFO 11908 --- [main] j.LocalContainerEntityManagerFactoryBean : Closing JPA EntityManagerFactory for persistence unit 'default'
2026-02-08T09:42:27.128+01:00  INFO 11908 --- [main] .SchemaDropperImpl$DelayedDropActionImpl : HHH000477: Starting delayed evictData of schema as part of SessionFactory shut-down'
2026-02-08T09:42:27.128+01:00 DEBUG 11908 --- [main] org.hibernate.SQL                        : drop table if exists cash_closure cascade 
2026-02-08T09:42:27.129+01:00 DEBUG 11908 --- [main] org.hibernate.SQL                        : drop table if exists cash_register_transactions cascade 
2026-02-08T09:42:27.129+01:00 DEBUG 11908 --- [main] org.hibernate.SQL                        : drop table if exists commercial_order_lines cascade 
2026-02-08T09:42:27.129+01:00 DEBUG 11908 --- [main] org.hibernate.SQL                        : drop table if exists commercial_order_note_lines cascade 
2026-02-08T09:42:27.130+01:00 DEBUG 11908 --- [main] org.hibernate.SQL                        : drop table if exists commercial_order_state_history cascade 
2026-02-08T09:42:27.130+01:00 DEBUG 11908 --- [main] org.hibernate.SQL                        : drop table if exists commercial_orders cascade 
2026-02-08T09:42:27.130+01:00 DEBUG 11908 --- [main] org.hibernate.SQL                        : drop table if exists commercial_stock cascade 
2026-02-08T09:42:27.130+01:00 DEBUG 11908 --- [main] org.hibernate.SQL                        : drop table if exists commercial_stock_history cascade 
2026-02-08T09:42:27.130+01:00 DEBUG 11908 --- [main] org.hibernate.SQL                        : drop table if exists customers cascade 
2026-02-08T09:42:27.130+01:00 DEBUG 11908 --- [main] org.hibernate.SQL                        : drop table if exists delivery_order_note cascade 
2026-02-08T09:42:27.130+01:00 DEBUG 11908 --- [main] org.hibernate.SQL                        : drop table if exists exit_commercial_order_note cascade 
2026-02-08T09:42:27.130+01:00 DEBUG 11908 --- [main] org.hibernate.SQL                        : drop table if exists exit_order_note cascade 
2026-02-08T09:42:27.132+01:00 DEBUG 11908 --- [main] org.hibernate.SQL                        : drop table if exists order_lines cascade 
2026-02-08T09:42:27.132+01:00 DEBUG 11908 --- [main] org.hibernate.SQL                        : drop table if exists order_note_lines cascade 
2026-02-08T09:42:27.132+01:00 DEBUG 11908 --- [main] org.hibernate.SQL                        : drop table if exists order_state_history cascade 
2026-02-08T09:42:27.132+01:00 DEBUG 11908 --- [main] org.hibernate.SQL                        : drop table if exists orders cascade 
2026-02-08T09:42:27.132+01:00 DEBUG 11908 --- [main] org.hibernate.SQL                        : drop table if exists pack_history cascade 
2026-02-08T09:42:27.132+01:00 DEBUG 11908 --- [main] org.hibernate.SQL                        : drop table if exists pack_products cascade 
2026-02-08T09:42:27.132+01:00 DEBUG 11908 --- [main] org.hibernate.SQL                        : drop table if exists packs cascade 
2026-02-08T09:42:27.132+01:00 DEBUG 11908 --- [main] org.hibernate.SQL                        : drop table if exists product_history cascade 
2026-02-08T09:42:27.132+01:00 DEBUG 11908 --- [main] org.hibernate.SQL                        : drop table if exists products cascade 
2026-02-08T09:42:27.132+01:00 DEBUG 11908 --- [main] org.hibernate.SQL                        : drop table if exists purchase_commercial_order_note cascade 
2026-02-08T09:42:27.133+01:00 DEBUG 11908 --- [main] org.hibernate.SQL                        : drop table if exists purchase_order_note cascade 
2026-02-08T09:42:27.133+01:00 DEBUG 11908 --- [main] org.hibernate.SQL                        : drop table if exists roles cascade 
2026-02-08T09:42:27.133+01:00 DEBUG 11908 --- [main] org.hibernate.SQL                        : drop table if exists stock_entry cascade 
2026-02-08T09:42:27.133+01:00 DEBUG 11908 --- [main] org.hibernate.SQL                        : drop table if exists stock_entry_lines cascade 
2026-02-08T09:42:27.133+01:00 DEBUG 11908 --- [main] org.hibernate.SQL                        : drop table if exists supplier cascade 
2026-02-08T09:42:27.133+01:00 DEBUG 11908 --- [main] org.hibernate.SQL                        : drop table if exists users cascade 
2026-02-08T09:42:27.133+01:00 DEBUG 11908 --- [main] org.hibernate.SQL                        : drop table if exists users_roles cascade 
2026-02-08T09:42:27.133+01:00 DEBUG 11908 --- [main] org.hibernate.SQL                        : drop table if exists withdrawal_transactions cascade 
2026-02-08T09:42:27.133+01:00 TRACE 11908 --- [main] o.h.type.spi.TypeConfiguration$Scope     : Handling #sessionFactoryClosed from [org.hibernate.internal.SessionFactoryImpl@48f7dbe0] for TypeConfiguration
2026-02-08T09:42:27.133+01:00 DEBUG 11908 --- [main] o.h.type.spi.TypeConfiguration$Scope     : Un-scoping TypeConfiguration [org.hibernate.type.spi.TypeConfiguration$Scope@70cd0c14] from SessionFactory [org.hibernate.internal.SessionFactoryImpl@48f7dbe0]
2026-02-08T09:42:27.133+01:00  INFO 11908 --- [main] com.zaxxer.hikari.HikariDataSource       : HikariPool-3 - Shutdown initiated...
2026-02-08T09:42:27.134+01:00  INFO 11908 --- [main] com.zaxxer.hikari.HikariDataSource       : HikariPool-3 - Shutdown completed.
